Transaction_ID,Transaction_Date,Account_ID,Department,Vendor_ID,Transaction_Type,Amount,Payment_Method,Currency,Status,Posting_Date,Invoice_Number,Approver_ID,Created_By,Missing_Vendor_Flag,Missing_Approver_Flag,Missing_Account_Flag,Invalid_Amount_Flag,Invalid_Posting_Date_Flag,Duplicate_Invoice_Flag,Period_End_Flag,Required_Approval,Approval_Exception_Flag,Exception_Count,Exception_Flag,Risk_Level,Transaction_Month,Anomaly_Flag,Exception_Category
TX0000030,2025-05-19,A019,Procurement,,Payment,4300.3,Card,EUR,Approved,2025-05-25,INV00000030,EMP00269,USR0073,1,0,0,0,0,0,0,Senior Manager,0,1,1,Low,2025-05,0,Missing Vendor
TX0000088,2025-11-03,A007,Sales,V0416,Invoice,2299.36,Card,USD,Pending,2025-11-10,INV00000088,EMP00228,USR0038,0,0,0,0,0,1,0,Senior Manager,0,1,1,Low,2025-11,0,Duplicate Invoice
TX0000098,2025-04-09,A074,Operations,V0473,Invoice,-612.18,Cheque,GBP,Pending,2025-04-11,INV00000098,EMP00119,USR0120,0,0,0,1,0,0,0,Department Manager,0,1,1,Low,2025-04,0,Invalid Amount
TX0000140,2026-03-31,A017,Sales,V0397,Invoice,1952.71,Bank Transfer,GBP,Approved,2026-03-21,INV00000140,EMP00215,USR0003,0,0,0,0,1,0,1,Senior Manager,0,1,1,Low,2026-03,0,Invalid Posting Date
TX0000149,2025-09-18,A048,Operations,V0138,Expense,2762.24,Direct Debit,GBP,Approved,2025-09-18,INV00083910,EMP00010,USR0060,0,0,0,0,0,1,0,Senior Manager,0,1,1,Low,2025-09,0,Duplicate Invoice
TX0000150,2025-04-29,A054,HR,V0070,Expense,3422.25,Card,EUR,Pending,2025-05-01,INV00000150,EMP00379,USR0008,0,0,0,0,0,1,1,Senior Manager,0,1,1,Low,2025-04,0,Duplicate Invoice
TX0000176,2026-03-27,A072,Sales,V0452,Invoice,766.65,Card,GBP,Approved,2026-01-10,INV00000176,EMP00258,USR0179,0,0,0,0,1,0,1,Department Manager,0,1,1,Low,2026-03,0,Invalid Posting Date
TX0000194,2025-11-19,A061,Sales,V0165,Credit Note,-910.98,Bank Transfer,USD,Approved,2025-11-26,INV00000194,EMP00368,USR0194,0,0,0,1,0,0,0,Department Manager,0,1,1,Low,2025-11,0,Invalid Amount
TX0000216,2025-05-23,A024,Procurement,V0371,Payment,2792.85,Card,GBP,Pending,2025-05-24,INV00001058,EMP00080,USR0028,0,0,0,0,0,1,0,Senior Manager,0,1,1,Low,2025-05,0,Duplicate Invoice
TX0000227,2026-01-19,A063,Marketing,V0413,Payment,2618.54,Direct Debit,GBP,Pending,2026-01-26,INV00000227,EMP00257,USR0178,0,0,0,0,0,1,0,Senior Manager,0,1,1,Low,2026-01,0,Duplicate Invoice
TX0000239,2026-03-15,A028,Marketing,V0006,Invoice,1202.19,Direct Debit,GBP,Approved,2026-03-20,INV00052853,EMP00046,USR0007,0,0,0,0,0,1,0,Senior Manager,0,1,1,Low,2026-03,0,Duplicate Invoice
TX0000271,2025-11-19,A019,Operations,V0222,Payment,705.84,Direct Debit,EUR,Rejected,2025-11-23,INV00000271,EMP00252,USR0099,0,0,0,0,0,1,0,Department Manager,0,1,1,Low,2025-11,0,Duplicate Invoice
TX0000278,2026-03-29,A004,Procurement,V0218,Invoice,888.88,Direct Debit,GBP,Pending,2025-05-24,INV00000278,EMP00306,USR0054,0,0,0,0,1,0,1,Department Manager,0,1,1,Low,2026-03,0,Invalid Posting Date
TX0000279,2025-07-29,A072,IT,V0192,Journal Entry,14597.18,Bank Transfer,GBP,Rejected,2025-08-01,INV00000279,EMP00170,USR0057,0,0,0,0,0,1,1,Finance Director,0,1,1,Medium,2025-07,1,Duplicate Invoice
TX0000294,2026-03-28,A038,Sales,V0386,Payment,1201.24,Cheque,GBP,Approved,2026-02-07,INV00000294,EMP00383,USR0133,0,0,0,0,1,0,1,Senior Manager,0,1,1,Low,2026-03,0,Invalid Posting Date
TX0000305,2025-08-06,A019,Finance,V0133,Payment,3396.35,Bank Transfer,EUR,Pending,2025-08-09,INV00000305,,USR0019,0,1,0,0,0,0,0,Senior Manager,1,2,1,Medium,2025-08,0,Missing Approval
TX0000322,2026-03-29,A044,Procurement,V0111,Payment,1045.11,Bank Transfer,GBP,Approved,2026-01-09,INV00000322,EMP00141,USR0155,0,0,0,0,1,0,1,Senior Manager,0,1,1,Low,2026-03,0,Invalid Posting Date
TX0000338,2025-05-07,A009,HR,V0276,Invoice,15649.82,Cheque,GBP,Pending,2025-05-08,INV00007749,EMP00098,USR0064,0,0,0,0,0,1,0,Finance Director,0,1,1,Medium,2025-05,1,Duplicate Invoice
TX0000371,2025-12-02,A008,IT,V0163,Payment,1406.98,Cheque,GBP,Approved,2025-12-02,INV00013552,EMP00123,USR0059,0,0,0,0,0,1,0,Senior Manager,0,1,1,Low,2025-12,0,Duplicate Invoice
TX0000405,2026-01-30,A035,IT,V0007,Expense,1493.1,Direct Debit,USD,Pending,2026-01-31,INV00064274,EMP00239,USR0009,0,0,0,0,0,1,1,Senior Manager,0,1,1,Low,2026-01,0,Duplicate Invoice
TX0000431,2025-08-25,A029,HR,V0246,Invoice,563.27,Direct Debit,GBP,Rejected,2025-08-23,INV00000431,EMP00200,USR0120,0,0,0,0,1,0,0,Department Manager,0,1,1,Low,2025-08,0,Invalid Posting Date
TX0000436,2026-03-31,A018,HR,V0234,Invoice,1276.76,Card,GBP,Pending,2025-07-08,INV00000436,EMP00254,USR0107,0,0,0,0,1,0,1,Senior Manager,0,1,1,Low,2026-03,0,Invalid Posting Date
TX0000449,2026-03-30,A049,Sales,V0048,Payment,5121.7,Bank Transfer,GBP,Approved,2026-01-20,INV00000449,EMP00365,USR0180,0,0,0,0,1,0,1,Senior Manager,0,1,1,Low,2026-03,0,Invalid Posting Date
TX0000470,2025-06-08,A072,Finance,V0117,Invoice,5862.26,Bank Transfer,USD,Approved,2025-06-15,INV00000470,,USR0089,0,1,0,0,0,0,0,Senior Manager,1,2,1,Medium,2025-06,1,Missing Approval
TX0000473,2026-03-30,A044,Procurement,V0150,Credit Note,122.46,Bank Transfer,GBP,Approved,2025-12-01,INV00000473,EMP00071,USR0054,0,0,0,0,1,0,1,Department Manager,0,1,1,Low,2026-03,0,Invalid Posting Date
TX0000476,2026-03-29,A045,Procurement,V0273,Credit Note,1213.57,Card,GBP,Approved,2026-03-11,INV00000476,EMP00296,USR0015,0,0,0,0,1,0,1,Senior Manager,0,1,1,Low,2026-03,0,Invalid Posting Date
TX0000527,2025-06-29,A066,Finance,V0381,Invoice,1468.11,Cheque,GBP,Approved,2025-07-02,INV00029858,EMP00158,USR0038,0,0,0,0,0,1,1,Senior Manager,0,1,1,Low,2025-06,0,Duplicate Invoice
TX0000534,2026-02-08,A003,Operations,V0310,Invoice,-4352.36,Bank Transfer,USD,Pending,2026-02-08,INV00000534,EMP00066,USR0147,0,0,0,1,0,0,0,Senior Manager,0,1,1,Low,2026-02,0,Invalid Amount
TX0000551,2025-11-10,,IT,V0225,Invoice,541.32,Cheque,GBP,Rejected,2025-11-14,INV00000551,EMP00435,USR0041,0,0,1,0,0,0,0,Department Manager,0,1,1,Low,2025-11,0,Missing Account
TX0000554,2026-03-30,A049,Marketing,V0218,Invoice,674.68,Card,EUR,Approved,2025-09-30,INV00000554,EMP00054,USR0144,0,0,0,0,1,0,1,Department Manager,0,1,1,Low,2026-03,0,Invalid Posting Date
TX0000572,2026-03-29,A079,HR,V0389,Credit Note,622.97,Direct Debit,GBP,Approved,2025-12-26,INV00000572,EMP00321,USR0032,0,0,0,0,1,0,1,Department Manager,0,1,1,Low,2026-03,0,Invalid Posting Date
TX0000574,2025-10-23,A052,Marketing,V0306,Payment,464.32,Bank Transfer,GBP,Approved,2025-10-27,INV00000574,EMP00009,USR0010,0,0,0,0,0,1,0,Department Manager,0,1,1,Low,2025-10,0,Duplicate Invoice
TX0000576,2025-05-22,A024,Sales,V0485,Invoice,1015.97,Direct Debit,EUR,Rejected,2025-05-22,INV00000576,EMP00409,USR0031,0,0,0,0,0,1,0,Senior Manager,0,1,1,Low,2025-05,0,Duplicate Invoice
TX0000579,2025-06-08,A044,HR,V0406,Expense,1175.5,Bank Transfer,GBP,Approved,2025-06-12,INV00000579,EMP00366,USR0153,0,0,0,0,0,1,0,Senior Manager,0,1,1,Low,2025-06,0,Duplicate Invoice
TX0000586,2025-05-09,A046,Marketing,V0341,Invoice,2351.18,Card,GBP,Approved,2025-05-10,INV00000586,EMP00089,USR0060,0,0,0,0,0,1,0,Senior Manager,0,1,1,Low,2025-05,0,Duplicate Invoice
TX0000609,2025-09-15,A039,Marketing,V0469,Invoice,765.44,Bank Transfer,GBP,Approved,2025-09-14,INV00000609,EMP00216,USR0180,0,0,0,0,1,0,0,Department Manager,0,1,1,Low,2025-09,0,Invalid Posting Date
TX0000621,2026-03-08,A029,IT,,Credit Note,88.14,Bank Transfer,GBP,Approved,2026-03-11,INV00000621,EMP00487,USR0096,1,0,0,0,0,0,0,Department Manager,0,1,1,Low,2026-03,0,Missing Vendor
TX0000656,2025-05-28,A048,Marketing,V0081,Invoice,708.92,Card,GBP,Approved,2025-06-02,INV00000656,EMP00337,USR0131,0,0,0,0,0,1,1,Department Manager,0,1,1,Low,2025-05,0,Duplicate Invoice
TX0000661,2026-02-11,A058,Operations,,Invoice,2231.07,Bank Transfer,EUR,Approved,2026-02-18,INV00000661,EMP00312,USR0174,1,0,0,0,0,0,0,Senior Manager,0,1,1,Low,2026-02,0,Missing Vendor
TX0000691,2025-09-11,A008,Marketing,V0347,Payment,255.42,Bank Transfer,USD,Approved,2025-09-17,INV00000691,EMP00385,USR0140,0,0,0,0,0,1,0,Department Manager,0,1,1,Low,2025-09,0,Duplicate Invoice
TX0000715,2026-03-31,A008,Operations,V0125,Expense,975.02,Bank Transfer,GBP,Pending,2025-04-15,INV00000715,EMP00125,USR0008,0,0,0,0,1,0,1,Department Manager,0,1,1,Low,2026-03,0,Invalid Posting Date
TX0000746,2026-03-24,A012,Operations,V0495,Invoice,-1729.12,Card,USD,Approved,2026-03-25,INV00000746,EMP00002,USR0151,0,0,0,1,0,0,0,Senior Manager,0,1,1,Low,2026-03,0,Invalid Amount
TX0000782,2025-10-24,A071,IT,V0064,Invoice,2650.44,Cheque,GBP,Approved,2025-10-29,INV00094236,EMP00377,USR0014,0,0,0,0,0,1,0,Senior Manager,0,1,1,Low,2025-10,0,Duplicate Invoice
TX0000818,2026-03-27,A017,Sales,V0123,Invoice,1183.81,Bank Transfer,GBP,Pending,2025-10-25,INV00000818,EMP00002,USR0024,0,0,0,0,1,0,1,Senior Manager,0,1,1,Low,2026-03,0,Invalid Posting Date
TX0000822,2025-11-26,A023,Procurement,V0029,Invoice,410.53,Card,GBP,Rejected,2025-12-01,INV00000822,EMP00444,USR0135,0,0,0,0,0,1,0,Department Manager,0,1,1,Low,2025-11,0,Duplicate Invoice
TX0000834,2026-03-18,A028,IT,V0357,Journal Entry,1227.1,Card,USD,Pending,2026-03-18,INV00000834,EMP00093,USR0053,0,0,0,0,0,1,0,Senior Manager,0,1,1,Low,2026-03,0,Duplicate Invoice
TX0000857,2025-11-04,A053,Finance,V0100,Invoice,4392.41,Cheque,GBP,Rejected,2025-11-08,INV00000857,EMP00454,USR0013,0,0,0,0,0,1,0,Senior Manager,0,1,1,Low,2025-11,0,Duplicate Invoice
TX0000867,2026-03-16,A054,HR,V0198,Expense,8962.1,Direct Debit,USD,Approved,2026-03-19,INV00000867,EMP00475,USR0198,0,0,0,0,0,1,0,Senior Manager,0,1,1,Low,2026-03,1,Duplicate Invoice
TX0000884,2025-05-26,A005,Marketing,V0027,Invoice,606.12,Cheque,USD,Approved,2025-05-28,INV00000884,EMP00458,USR0175,0,0,0,0,0,1,0,Department Manager,0,1,1,Low,2025-05,0,Duplicate Invoice
TX0000910,2025-12-29,A043,IT,,Invoice,749.03,Card,GBP,Approved,2025-12-30,INV00000910,EMP00275,USR0085,1,0,0,0,0,0,1,Department Manager,0,1,1,Low,2025-12,0,Missing Vendor
TX0000913,2025-08-04,,IT,V0435,Invoice,795.86,Card,EUR,Approved,2025-08-04,INV00000913,EMP00069,USR0197,0,0,1,0,0,0,0,Department Manager,0,1,1,Low,2025-08,0,Missing Account
TX0000920,2026-03-31,A050,Finance,V0043,Payment,2921.39,Bank Transfer,GBP,Pending,2025-06-11,INV00000920,EMP00466,USR0052,0,0,0,0,1,0,1,Senior Manager,0,1,1,Low,2026-03,0,Invalid Posting Date
TX0000929,2025-07-20,A045,Finance,V0500,Payment,4774.25,Direct Debit,GBP,Approved,2025-07-23,INV00000929,EMP00419,USR0103,0,0,0,0,0,1,0,Senior Manager,0,1,1,Low,2025-07,0,Duplicate Invoice
TX0000954,2025-07-04,A039,Sales,V0096,Expense,1214.33,Cheque,GBP,Approved,2025-07-10,INV00076179,EMP00372,USR0006,0,0,0,0,0,1,0,Senior Manager,0,1,1,Low,2025-07,0,Duplicate Invoice
TX0000957,2026-03-28,A011,Marketing,V0173,Invoice,2047.71,Bank Transfer,EUR,Approved,2025-08-22,INV00000957,EMP00210,USR0200,0,0,0,0,1,0,1,Senior Manager,0,1,1,Low,2026-03,0,Invalid Posting Date
TX0001003,2026-03-27,A073,Sales,V0412,Invoice,7790.12,Bank Transfer,EUR,Approved,2025-09-28,INV00001003,EMP00458,USR0122,0,0,0,0,1,0,1,Senior Manager,0,1,1,Low,2026-03,1,Invalid Posting Date
TX0001013,2026-03-28,A050,Operations,V0116,Invoice,5047.97,Direct Debit,GBP,Rejected,2026-02-18,INV00001013,EMP00328,USR0134,0,0,0,0,1,0,1,Senior Manager,0,1,1,Low,2026-03,0,Invalid Posting Date
TX0001046,2026-03-05,A058,Operations,V0451,Invoice,1918.24,Direct Debit,GBP,Rejected,2026-03-08,INV00001046,EMP00015,USR0003,0,0,0,0,0,1,0,Senior Manager,0,1,1,Low,2026-03,0,Duplicate Invoice
TX0001058,2025-04-14,A049,Procurement,V0106,Journal Entry,6929.6,Cheque,GBP,Rejected,2025-04-21,INV00001058,EMP00438,USR0063,0,0,0,0,0,1,0,Senior Manager,0,1,1,Low,2025-04,1,Duplicate Invoice
TX0001086,2026-01-14,A052,Finance,V0011,Invoice,6168.67,Cheque,EUR,Approved,2026-01-20,INV00028566,EMP00344,USR0198,0,0,0,0,0,1,0,Senior Manager,0,1,1,Low,2026-01,1,Duplicate Invoice
TX0001132,2026-03-12,A002,Finance,V0489,Invoice,-516.36,Direct Debit,GBP,Approved,2026-03-15,INV00001132,EMP00358,USR0081,0,0,0,1,0,0,0,Department Manager,0,1,1,Low,2026-03,0,Invalid Amount
TX0001159,2026-01-27,A066,Finance,V0297,Invoice,850.66,Cheque,USD,Rejected,2026-01-26,INV00001159,EMP00463,USR0083,0,0,0,0,1,0,1,Department Manager,0,1,1,Low,2026-01,0,Invalid Posting Date
TX0001211,2025-10-06,A043,Procurement,V0217,Invoice,3176.08,Bank Transfer,GBP,Rejected,2025-10-13,INV00001211,,USR0192,0,1,0,0,0,0,0,Senior Manager,1,2,1,Medium,2025-10,0,Missing Approval
TX0001222,2025-09-05,A051,Operations,V0459,Invoice,899.26,Cheque,GBP,Rejected,2025-09-10,INV00001222,EMP00126,USR0171,0,0,0,0,0,1,0,Department Manager,0,1,1,Low,2025-09,0,Duplicate Invoice
TX0001228,2025-04-18,A044,Operations,V0421,Invoice,-6647.94,Bank Transfer,GBP,Approved,2025-04-19,INV00001228,EMP00334,USR0037,0,0,0,1,0,0,0,Senior Manager,0,1,1,Low,2025-04,0,Invalid Amount
TX0001230,2025-06-17,A057,Procurement,V0242,Payment,1359.49,Bank Transfer,GBP,Approved,2025-06-23,INV00069162,EMP00116,USR0001,0,0,0,0,0,1,0,Senior Manager,0,1,1,Low,2025-06,0,Duplicate Invoice
TX0001231,2025-09-22,A045,Sales,V0095,Payment,1006.16,Direct Debit,GBP,Rejected,2025-09-25,INV00001231,EMP00190,USR0083,0,0,0,0,0,1,0,Senior Manager,0,1,1,Low,2025-09,0,Duplicate Invoice
TX0001234,2025-07-23,A020,Sales,V0237,Invoice,7856.36,Cheque,EUR,Pending,2025-07-21,INV00001234,EMP00202,USR0036,0,0,0,0,1,0,0,Senior Manager,0,1,1,Low,2025-07,1,Invalid Posting Date
TX0001236,2025-09-13,A076,HR,V0126,Expense,1500.93,Direct Debit,GBP,Pending,2025-09-13,INV00001236,,USR0071,0,1,0,0,0,0,0,Senior Manager,1,2,1,Medium,2025-09,0,Missing Approval
TX0001269,2026-03-31,A032,Sales,V0305,Invoice,2326.05,Card,GBP,Pending,2025-07-01,INV00001269,EMP00125,USR0128,0,0,0,0,1,0,1,Senior Manager,0,1,1,Low,2026-03,0,Invalid Posting Date
TX0001273,2026-01-27,A021,IT,V0178,Credit Note,1307.81,Direct Debit,GBP,Approved,2026-01-31,INV00001273,,USR0129,0,1,0,0,0,0,1,Senior Manager,1,2,1,Medium,2026-01,0,Missing Approval
TX0001283,2025-06-24,A041,HR,V0461,Invoice,121.5,Cheque,EUR,Rejected,2025-06-27,INV00069067,EMP00405,USR0072,0,0,0,0,0,1,0,Department Manager,0,1,1,Low,2025-06,0,Duplicate Invoice
TX0001319,2025-04-14,A035,IT,V0433,Expense,688.28,Direct Debit,GBP,Approved,2025-04-19,INV00001319,EMP00287,USR0066,0,0,0,0,0,1,0,Department Manager,0,1,1,Low,2025-04,0,Duplicate Invoice
TX0001323,2026-01-06,A025,HR,V0317,Expense,1692.62,Direct Debit,GBP,Approved,2026-01-12,INV00001323,EMP00363,USR0131,0,0,0,0,0,1,0,Senior Manager,0,1,1,Low,2026-01,0,Duplicate Invoice
TX0001333,2025-07-07,A006,IT,V0099,Journal Entry,892.85,Card,EUR,Approved,2025-07-13,INV00001333,EMP00013,USR0147,0,0,0,0,0,1,0,Department Manager,0,1,1,Low,2025-07,0,Duplicate Invoice
TX0001343,2026-03-31,A030,Finance,V0266,Credit Note,150.23,Direct Debit,GBP,Rejected,2025-05-11,INV00001343,EMP00466,USR0101,0,0,0,0,1,0,1,Department Manager,0,1,1,Low,2026-03,0,Invalid Posting Date
TX0001350,2025-07-26,A061,Procurement,V0458,Invoice,432.16,Card,GBP,Approved,2025-07-30,INV00001350,EMP00274,USR0013,0,0,0,0,0,1,0,Department Manager,0,1,1,Low,2025-07,0,Duplicate Invoice
TX0001381,2025-09-11,A078,IT,V0110,Payment,1143.84,Cheque,GBP,Rejected,2025-09-16,INV00001381,,USR0159,0,1,0,0,0,0,0,Senior Manager,1,2,1,Medium,2025-09,0,Missing Approval
TX0001384,2026-01-20,A032,Operations,V0215,Invoice,182.53,Bank Transfer,GBP,Approved,2026-01-25,INV00053065,EMP00161,USR0144,0,0,0,0,0,1,0,Department Manager,0,1,1,Low,2026-01,0,Duplicate Invoice
TX0001401,2026-03-27,A058,Procurement,V0377,Invoice,1848.56,Cheque,EUR,Approved,2025-12-03,INV00001401,EMP00140,USR0180,0,0,0,0,1,0,1,Senior Manager,0,1,1,Low,2026-03,0,Invalid Posting Date
TX0001403,2026-03-31,A062,HR,V0336,Invoice,141.53,Cheque,USD,Approved,2026-04-07,INV00001403,EMP00152,USR0002,0,0,0,0,0,1,1,Department Manager,0,1,1,Low,2026-03,0,Duplicate Invoice
TX0001415,2025-04-25,A062,Finance,V0036,Invoice,1905.57,Bank Transfer,GBP,Pending,2025-04-28,INV00001415,EMP00296,USR0071,0,0,0,0,0,1,0,Senior Manager,0,1,1,Low,2025-04,0,Duplicate Invoice
TX0001422,2026-03-31,A012,Sales,V0088,Invoice,1598.24,Card,GBP,Pending,2025-07-16,INV00001422,,USR0086,0,1,0,0,1,0,1,Senior Manager,1,3,1,High,2026-03,0,Missing Approval
TX0001431,2025-05-27,A064,IT,V0007,Payment,1377.01,Card,GBP,Pending,2025-06-03,INV00001431,EMP00275,USR0008,0,0,0,0,0,1,1,Senior Manager,0,1,1,Low,2025-05,0,Duplicate Invoice
TX0001440,2025-08-27,A010,Finance,V0110,Journal Entry,2656.92,Cheque,GBP,Pending,2025-09-03,INV00001440,,USR0075,0,1,0,0,0,0,1,Senior Manager,1,2,1,Medium,2025-08,0,Missing Approval
TX0001458,2025-06-25,A016,Operations,V0487,Invoice,1394.78,Direct Debit,USD,Approved,2025-06-25,INV00080185,EMP00130,USR0161,0,0,0,0,0,1,0,Senior Manager,0,1,1,Low,2025-06,0,Duplicate Invoice
TX0001482,2025-09-18,A072,Sales,V0339,Journal Entry,842.97,Bank Transfer,GBP,Approved,2025-09-16,INV00001482,EMP00194,USR0167,0,0,0,0,1,0,0,Department Manager,0,1,1,Low,2025-09,0,Invalid Posting Date
TX0001487,2025-04-04,A065,Finance,V0075,Invoice,1468.0,Direct Debit,GBP,Approved,2025-04-02,INV00001487,EMP00087,USR0031,0,0,0,0,1,0,0,Senior Manager,0,1,1,Low,2025-04,0,Invalid Posting Date
TX0001551,2025-06-02,A017,IT,V0069,Expense,597.58,Card,GBP,Approved,2025-06-06,INV00001551,EMP00212,USR0044,0,0,0,0,0,1,0,Department Manager,0,1,1,Low,2025-06,0,Duplicate Invoice
TX0001573,2025-09-25,A074,HR,V0219,Credit Note,377.71,Direct Debit,USD,Pending,2025-09-27,INV00001573,EMP00341,USR0063,0,0,0,0,0,1,0,Department Manager,0,1,1,Low,2025-09,0,Duplicate Invoice
TX0001577,2025-11-02,A035,IT,V0093,Invoice,1357.38,Direct Debit,GBP,Approved,2025-11-06,INV00071758,EMP00096,USR0127,0,0,0,0,0,1,0,Senior Manager,0,1,1,Low,2025-11,0,Duplicate Invoice
TX0001597,2026-03-28,A051,Sales,V0233,Expense,405.72,Card,GBP,Approved,2025-09-17,INV00001597,EMP00348,USR0093,0,0,0,0,1,0,1,Department Manager,0,1,1,Low,2026-03,0,Invalid Posting Date
TX0001607,2025-09-23,A059,HR,V0073,Invoice,1349.19,Bank Transfer,GBP,Approved,2025-09-29,INV00001607,,USR0012,0,1,0,0,0,0,0,Senior Manager,1,2,1,Medium,2025-09,0,Missing Approval
TX0001622,2026-02-17,A070,Sales,V0121,Payment,6828.47,Bank Transfer,GBP,Approved,2026-02-17,INV00045557,EMP00221,USR0060,0,0,0,0,0,1,0,Senior Manager,0,1,1,Low,2026-02,1,Duplicate Invoice
TX0001663,2025-06-21,A007,Sales,V0462,Journal Entry,995.04,Card,USD,Rejected,2025-06-25,INV00001663,,USR0045,0,1,0,0,0,0,0,Department Manager,0,1,1,Low,2025-06,0,No Exception
TX0001688,2026-03-29,A022,IT,V0326,Journal Entry,899.11,Cheque,GBP,Pending,2026-02-14,INV00001688,EMP00298,USR0017,0,0,0,0,1,0,1,Department Manager,0,1,1,Low,2026-03,0,Invalid Posting Date
TX0001691,2026-03-27,A035,HR,V0158,Invoice,6125.04,Card,GBP,Rejected,2025-11-08,INV00001691,EMP00258,USR0121,0,0,0,0,1,0,1,Senior Manager,0,1,1,Low,2026-03,1,Invalid Posting Date
TX0001698,2026-03-30,,Finance,V0330,Payment,1365.85,Card,GBP,Rejected,2025-11-06,INV00001698,EMP00265,USR0154,0,0,1,0,1,0,1,Senior Manager,0,2,1,Medium,2026-03,0,Missing Account
TX0001709,2026-03-31,A011,IT,V0263,Credit Note,358.24,Card,EUR,Approved,2025-09-22,INV00015843,,USR0012,0,1,0,0,1,1,1,Department Manager,0,3,1,High,2026-03,0,Duplicate Invoice
TX0001729,2025-09-04,A034,HR,V0209,Invoice,8265.56,Bank Transfer,GBP,Rejected,2025-09-11,INV00001729,EMP00389,USR0115,0,0,0,0,0,1,0,Senior Manager,0,1,1,Low,2025-09,1,Duplicate Invoice
TX0001736,2026-03-30,A037,Procurement,V0309,Credit Note,5431.11,Bank Transfer,USD,Pending,2025-05-03,INV00001736,EMP00302,USR0086,0,0,0,0,1,0,1,Senior Manager,0,1,1,Low,2026-03,0,Invalid Posting Date
TX0001762,2025-08-23,A068,HR,V0183,Expense,2306.86,Direct Debit,GBP,Pending,2025-08-23,INV00001762,EMP00335,USR0123,0,0,0,0,0,1,0,Senior Manager,0,1,1,Low,2025-08,0,Duplicate Invoice
TX0001774,2026-02-10,A008,Procurement,V0214,Payment,837.44,Card,USD,Rejected,2026-02-15,INV00001774,,USR0080,0,1,0,0,0,0,0,Department Manager,0,1,1,Low,2026-02,0,No Exception
TX0001776,2026-03-28,A006,Sales,V0330,Journal Entry,11986.33,Card,EUR,Rejected,2025-04-22,INV00001776,EMP00421,USR0088,0,0,0,0,1,0,1,Finance Director,0,1,1,Medium,2026-03,1,Invalid Posting Date
TX0001777,2026-03-30,A079,Finance,V0303,Invoice,162.91,Card,GBP,Rejected,2025-09-07,INV00001777,EMP00401,USR0023,0,0,0,0,1,0,1,Department Manager,0,1,1,Low,2026-03,0,Invalid Posting Date
TX0001795,2026-03-31,A062,Operations,V0027,Journal Entry,412.88,Bank Transfer,USD,Rejected,2026-01-07,INV00001795,EMP00376,USR0111,0,0,0,0,1,0,1,Department Manager,0,1,1,Low,2026-03,0,Invalid Posting Date
TX0001836,2025-09-21,A042,Sales,V0293,Invoice,2219.05,Card,GBP,Pending,2025-09-18,INV00001836,EMP00429,USR0123,0,0,0,0,1,0,0,Senior Manager,0,1,1,Low,2025-09,0,Invalid Posting Date
TX0001861,2025-06-23,A024,Sales,V0294,Invoice,859.6,Bank Transfer,EUR,Approved,2025-06-28,INV00001861,,USR0161,0,1,0,0,0,0,0,Department Manager,0,1,1,Low,2025-06,0,No Exception
TX0001917,2026-03-28,A046,Operations,V0181,Expense,628.77,Card,GBP,Approved,2025-05-27,INV00001917,EMP00103,USR0117,0,0,0,0,1,0,1,Department Manager,0,1,1,Low,2026-03,0,Invalid Posting Date
TX0001967,2025-11-15,A058,HR,V0185,Invoice,612.31,Card,EUR,Approved,2025-11-21,INV00001967,EMP00169,USR0100,0,0,0,0,0,1,0,Department Manager,0,1,1,Low,2025-11,0,Duplicate Invoice
TX0001993,2025-07-16,A079,Sales,V0310,Credit Note,1927.86,Direct Debit,USD,Rejected,2025-07-17,INV00001993,,USR0194,0,1,0,0,0,0,0,Senior Manager,1,2,1,Medium,2025-07,0,Missing Approval
TX0002003,2025-07-17,A059,Marketing,V0390,Journal Entry,206.22,Card,USD,Approved,2025-07-23,INV00026754,EMP00248,USR0130,0,0,0,0,0,1,0,Department Manager,0,1,1,Low,2025-07,0,Duplicate Invoice
TX0002030,2026-01-31,A017,IT,V0323,Expense,2021.62,Direct Debit,GBP,Pending,2026-02-02,INV00002030,EMP00256,USR0035,0,0,0,0,0,1,1,Senior Manager,0,1,1,Low,2026-01,0,Duplicate Invoice
TX0002105,2026-03-10,A078,Operations,V0361,Expense,9065.28,Cheque,EUR,Approved,2026-03-16,INV00002105,EMP00430,USR0108,0,0,0,0,0,1,0,Senior Manager,0,1,1,Low,2026-03,1,Duplicate Invoice
TX0002128,2026-02-22,A008,Finance,V0138,Payment,355.89,Direct Debit,USD,Approved,2026-02-27,INV00002128,,USR0108,0,1,0,0,0,0,0,Department Manager,0,1,1,Low,2026-02,0,No Exception
TX0002130,2025-07-26,A051,Sales,V0065,Expense,4633.67,Card,GBP,Approved,2025-07-31,INV00002130,EMP00152,USR0111,0,0,0,0,0,1,0,Senior Manager,0,1,1,Low,2025-07,0,Duplicate Invoice
TX0002134,2025-04-12,A046,HR,,Payment,1125.51,Cheque,GBP,Approved,2025-04-17,INV00002134,EMP00363,USR0011,1,0,0,0,0,0,0,Senior Manager,0,1,1,Low,2025-04,0,Missing Vendor
TX0002140,2026-03-29,A048,Finance,V0137,Invoice,4004.56,Bank Transfer,GBP,Rejected,2026-01-02,INV00002140,EMP00048,USR0162,0,0,0,0,1,0,1,Senior Manager,0,1,1,Low,2026-03,0,Invalid Posting Date
TX0002153,2026-01-17,A036,HR,V0344,Payment,1103.34,Bank Transfer,EUR,Approved,2026-01-24,INV00037238,EMP00238,USR0155,0,0,0,0,0,1,0,Senior Manager,0,1,1,Low,2026-01,0,Duplicate Invoice
TX0002166,2026-03-31,A037,Operations,V0213,Expense,338.37,Cheque,USD,Rejected,2025-11-27,INV00002166,EMP00183,USR0177,0,0,0,0,1,0,1,Department Manager,0,1,1,Low,2026-03,0,Invalid Posting Date
TX0002175,2025-06-16,A037,Operations,V0359,Invoice,479.25,Direct Debit,EUR,Rejected,2025-06-17,INV00002175,EMP00195,USR0020,0,0,0,0,0,1,0,Department Manager,0,1,1,Low,2025-06,0,Duplicate Invoice
TX0002181,2026-03-17,A046,Marketing,V0286,Expense,5432.4,Bank Transfer,USD,Rejected,2026-03-23,INV00002181,EMP00104,USR0175,0,0,0,0,0,1,0,Senior Manager,0,1,1,Low,2026-03,0,Duplicate Invoice
TX0002234,2025-09-08,A035,Finance,V0233,Invoice,-495.8,Direct Debit,GBP,Approved,2025-09-15,INV00002234,EMP00107,USR0180,0,0,0,1,0,0,0,Department Manager,0,1,1,Low,2025-09,0,Invalid Amount
TX0002281,2025-08-08,A003,Marketing,V0449,Payment,732.27,Cheque,GBP,Rejected,2025-08-13,INV00002281,EMP00374,USR0062,0,0,0,0,0,1,0,Department Manager,0,1,1,Low,2025-08,0,Duplicate Invoice
TX0002282,2026-03-31,A063,HR,V0449,Invoice,1298.38,Direct Debit,USD,Approved,2025-04-11,INV00002282,EMP00199,USR0191,0,0,0,0,1,0,1,Senior Manager,0,1,1,Low,2026-03,0,Invalid Posting Date
TX0002289,2026-03-31,A005,Sales,V0132,Expense,7655.52,Cheque,GBP,Approved,2025-05-27,INV00002289,EMP00221,USR0007,0,0,0,0,1,0,1,Senior Manager,0,1,1,Low,2026-03,1,Invalid Posting Date
TX0002347,2026-03-27,A001,Sales,V0400,Journal Entry,419.2,Direct Debit,GBP,Rejected,2026-01-19,INV00033880,EMP00187,USR0174,0,0,0,0,1,1,1,Department Manager,0,2,1,Medium,2026-03,0,Duplicate Invoice
TX0002361,2025-10-13,A068,Marketing,V0418,Journal Entry,486.46,Bank Transfer,GBP,Rejected,2025-10-13,INV00002361,EMP00107,USR0130,0,0,0,0,0,1,0,Department Manager,0,1,1,Low,2025-10,0,Duplicate Invoice
TX0002371,2025-05-19,A051,IT,V0138,Credit Note,483.8,Cheque,GBP,Pending,2025-05-26,INV00038604,EMP00313,USR0178,0,0,0,0,0,1,0,Department Manager,0,1,1,Low,2025-05,0,Duplicate Invoice
TX0002376,2025-09-05,A052,Procurement,V0308,Invoice,8551.74,Cheque,GBP,Approved,2025-09-05,INV00002376,,USR0133,0,1,0,0,0,0,0,Senior Manager,1,2,1,Medium,2025-09,1,Missing Approval
TX0002380,2025-06-06,A023,Marketing,V0192,Invoice,484.89,Card,GBP,Pending,2025-06-06,INV00004294,EMP00066,USR0059,0,0,0,0,0,1,0,Department Manager,0,1,1,Low,2025-06,0,Duplicate Invoice
TX0002382,2025-04-07,A039,IT,V0152,Invoice,1044.8,Direct Debit,USD,Approved,2025-04-03,INV00002382,EMP00210,USR0179,0,0,0,0,1,0,0,Senior Manager,0,1,1,Low,2025-04,0,Invalid Posting Date
TX0002396,2026-02-04,A001,Procurement,,Payment,108.53,Direct Debit,GBP,Approved,2026-02-11,INV00002396,EMP00134,USR0042,1,0,0,0,0,0,0,Department Manager,0,1,1,Low,2026-02,0,Missing Vendor
TX0002450,2026-03-28,A052,Finance,V0023,Invoice,1262.09,Direct Debit,GBP,Pending,2025-12-22,INV00002450,EMP00069,USR0036,0,0,0,0,1,0,1,Senior Manager,0,1,1,Low,2026-03,0,Invalid Posting Date
TX0002473,2026-03-28,A024,Operations,V0153,Credit Note,411.74,Direct Debit,GBP,Approved,2025-06-25,INV00002473,EMP00309,USR0139,0,0,0,0,1,0,1,Department Manager,0,1,1,Low,2026-03,0,Invalid Posting Date
TX0002496,2026-02-02,A030,Procurement,V0179,Payment,841.69,Card,GBP,Approved,2026-02-03,INV00002496,EMP00347,USR0030,0,0,0,0,0,1,0,Department Manager,0,1,1,Low,2026-02,0,Duplicate Invoice
TX0002514,2025-07-22,A006,Finance,V0219,Invoice,447.68,Bank Transfer,GBP,Rejected,2025-07-23,INV00002514,,USR0196,0,1,0,0,0,0,0,Department Manager,0,1,1,Low,2025-07,0,No Exception
TX0002515,2025-07-14,A025,Procurement,V0119,Payment,6615.77,Direct Debit,USD,Rejected,2025-07-18,INV00002515,EMP00164,USR0004,0,0,0,0,0,1,0,Senior Manager,0,1,1,Low,2025-07,1,Duplicate Invoice
TX0002526,2025-11-28,A056,Procurement,V0344,Invoice,1715.25,Card,GBP,Approved,2025-11-27,INV00002526,EMP00083,USR0200,0,0,0,0,1,0,1,Senior Manager,0,1,1,Low,2025-11,0,Invalid Posting Date
TX0002620,2025-07-28,A069,Sales,V0158,Payment,361.25,Cheque,GBP,Approved,2025-08-01,INV00002620,,USR0113,0,1,0,0,0,0,1,Department Manager,0,1,1,Low,2025-07,0,No Exception
TX0002628,2026-01-27,A063,Procurement,V0033,Invoice,454.53,Cheque,GBP,Approved,2026-01-31,INV00024264,EMP00448,USR0128,0,0,0,0,0,1,1,Department Manager,0,1,1,Low,2026-01,0,Duplicate Invoice
TX0002632,2025-08-29,A055,Finance,,Invoice,8178.99,Direct Debit,EUR,Approved,2025-09-01,INV00002632,EMP00122,USR0136,1,0,0,0,0,0,1,Senior Manager,0,1,1,Low,2025-08,1,Missing Vendor
TX0002634,2025-11-10,A047,Procurement,,Invoice,548.01,Bank Transfer,GBP,Approved,2025-11-13,INV00002634,EMP00266,USR0121,1,0,0,0,0,0,0,Department Manager,0,1,1,Low,2025-11,0,Missing Vendor
TX0002676,2026-03-30,A018,Operations,V0064,Expense,1538.74,Card,EUR,Approved,2026-03-31,INV00012751,EMP00307,USR0189,0,0,0,0,0,1,1,Senior Manager,0,1,1,Low,2026-03,0,Duplicate Invoice
TX0002681,2026-02-14,A031,Marketing,V0344,Invoice,2204.95,Direct Debit,EUR,Approved,2026-02-13,INV00002681,EMP00135,USR0152,0,0,0,0,1,0,0,Senior Manager,0,1,1,Low,2026-02,0,Invalid Posting Date
TX0002729,2026-03-29,A017,Marketing,V0055,Payment,2329.16,Direct Debit,USD,Pending,2025-04-05,INV00002729,EMP00366,USR0019,0,0,0,0,1,0,1,Senior Manager,0,1,1,Low,2026-03,0,Invalid Posting Date
TX0002734,2025-11-15,A063,Marketing,V0103,Invoice,970.76,Cheque,USD,Approved,2025-11-20,INV00062123,EMP00333,USR0161,0,0,0,0,0,1,0,Department Manager,0,1,1,Low,2025-11,0,Duplicate Invoice
TX0002743,2025-09-06,A024,Sales,V0261,Invoice,433.97,Direct Debit,EUR,Approved,2025-09-12,INV00002743,EMP00082,USR0176,0,0,0,0,0,1,0,Department Manager,0,1,1,Low,2025-09,0,Duplicate Invoice
TX0002779,2026-03-30,A027,Sales,V0144,Invoice,5680.77,Card,EUR,Approved,2025-05-17,INV00002779,EMP00255,USR0174,0,0,0,0,1,0,1,Senior Manager,0,1,1,Low,2026-03,0,Invalid Posting Date
TX0002813,2025-06-09,A055,IT,V0378,Invoice,-660.42,Direct Debit,GBP,Approved,2025-06-16,INV00002813,EMP00418,USR0150,0,0,0,1,0,0,0,Department Manager,0,1,1,Low,2025-06,0,Invalid Amount
TX0002847,2025-11-03,A010,Marketing,V0066,Credit Note,1713.58,Bank Transfer,GBP,Approved,2025-11-09,INV00002847,,USR0056,0,1,0,0,0,0,0,Senior Manager,1,2,1,Medium,2025-11,0,Missing Approval
TX0002873,2025-08-20,A016,Procurement,V0229,Expense,3514.24,Direct Debit,USD,Approved,2025-08-17,INV00002873,EMP00327,USR0089,0,0,0,0,1,0,0,Senior Manager,0,1,1,Low,2025-08,0,Invalid Posting Date
TX0002885,2026-03-30,A007,Sales,V0312,Invoice,493.53,Direct Debit,GBP,Approved,2026-03-07,INV00002885,EMP00112,USR0056,0,0,0,0,1,0,1,Department Manager,0,1,1,Low,2026-03,0,Invalid Posting Date
TX0002907,2025-06-04,A007,Procurement,V0227,Invoice,-94.7,Card,GBP,Approved,2025-06-09,INV00002907,EMP00318,USR0029,0,0,0,1,0,0,0,Department Manager,0,1,1,Low,2025-06,0,Invalid Amount
TX0002938,2025-08-21,A042,Operations,V0397,Invoice,494.11,Direct Debit,GBP,Approved,2025-08-24,INV00002938,EMP00436,USR0164,0,0,0,0,0,1,0,Department Manager,0,1,1,Low,2025-08,0,Duplicate Invoice
TX0002968,2026-01-22,A060,IT,V0179,Invoice,-5508.24,Bank Transfer,USD,Rejected,2026-01-27,INV00002968,EMP00080,USR0032,0,0,0,1,0,0,0,Senior Manager,0,1,1,Low,2026-01,0,Invalid Amount
TX0002995,2026-03-30,A074,Sales,V0476,Credit Note,2477.48,Card,USD,Approved,2025-12-21,INV00002995,EMP00005,USR0121,0,0,0,0,1,0,1,Senior Manager,0,1,1,Low,2026-03,0,Invalid Posting Date
TX0003011,2026-03-27,A048,Operations,V0022,Expense,1145.72,Direct Debit,GBP,Approved,2025-07-12,INV00003011,EMP00278,USR0134,0,0,0,0,1,0,1,Senior Manager,0,1,1,Low,2026-03,0,Invalid Posting Date
TX0003043,2025-10-07,A042,Operations,,Expense,4060.39,Card,USD,Rejected,2025-10-10,INV00003043,EMP00427,USR0084,1,0,0,0,0,0,0,Senior Manager,0,1,1,Low,2025-10,0,Missing Vendor
TX0003064,2025-12-28,A034,HR,V0475,Journal Entry,2330.71,Cheque,GBP,Approved,2026-01-02,INV00077007,EMP00473,USR0026,0,0,0,0,0,1,1,Senior Manager,0,1,1,Low,2025-12,0,Duplicate Invoice
TX0003065,2026-03-28,A030,IT,V0157,Expense,184.5,Direct Debit,GBP,Rejected,2025-06-08,INV00003065,EMP00381,USR0189,0,0,0,0,1,0,1,Department Manager,0,1,1,Low,2026-03,0,Invalid Posting Date
TX0003073,2025-12-03,A034,Operations,V0127,Invoice,586.82,Direct Debit,GBP,Rejected,2025-12-04,INV00095414,EMP00099,USR0080,0,0,0,0,0,1,0,Department Manager,0,1,1,Low,2025-12,0,Duplicate Invoice
TX0003099,2025-11-05,A062,Operations,V0476,Expense,-766.08,Direct Debit,GBP,Approved,2025-11-10,INV00003099,EMP00115,USR0031,0,0,0,1,0,0,0,Department Manager,0,1,1,Low,2025-11,0,Invalid Amount
TX0003106,2026-03-27,A034,Operations,V0017,Invoice,514.05,Card,GBP,Approved,2026-02-27,INV00003106,EMP00401,USR0187,0,0,0,0,1,0,1,Department Manager,0,1,1,Low,2026-03,0,Invalid Posting Date
TX0003107,2025-10-07,A027,Procurement,,Invoice,10499.16,Direct Debit,GBP,Pending,2025-10-08,INV00003107,EMP00423,USR0099,1,0,0,0,0,0,0,Finance Director,0,1,1,Medium,2025-10,1,Missing Vendor
TX0003158,2025-07-29,A020,Procurement,,Credit Note,3480.4,Card,USD,Pending,2025-08-01,INV00003158,EMP00098,USR0073,1,0,0,0,0,0,1,Senior Manager,0,1,1,Low,2025-07,0,Missing Vendor
TX0003207,2025-06-15,A012,Marketing,V0069,Payment,3663.24,Direct Debit,USD,Approved,2025-06-13,INV00003207,EMP00417,USR0047,0,0,0,0,1,0,0,Senior Manager,0,1,1,Low,2025-06,0,Invalid Posting Date
TX0003217,2025-12-18,A026,IT,V0169,Invoice,1092.29,Cheque,GBP,Rejected,2025-12-23,INV00003217,,USR0097,0,1,0,0,0,0,0,Senior Manager,1,2,1,Medium,2025-12,0,Missing Approval
TX0003232,2025-08-20,A026,Finance,V0153,Expense,1336.4,Cheque,GBP,Approved,2025-08-26,INV00003232,EMP00190,USR0084,0,0,0,0,0,1,0,Senior Manager,0,1,1,Low,2025-08,0,Duplicate Invoice
TX0003240,2025-05-19,,Procurement,V0196,Invoice,1977.22,Cheque,GBP,Approved,2025-05-25,INV00003240,EMP00268,USR0046,0,0,1,0,0,0,0,Senior Manager,0,1,1,Low,2025-05,0,Missing Account
TX0003254,2026-02-04,A045,Procurement,V0432,Invoice,25238.72,Direct Debit,GBP,Approved,2026-02-06,INV00003254,EMP00464,USR0049,0,0,0,0,0,1,0,Finance Director,0,1,1,Medium,2026-02,1,Duplicate Invoice
TX0003256,2025-12-21,A050,Finance,V0406,Invoice,1671.1,Card,EUR,Approved,2025-12-19,INV00003256,EMP00040,USR0105,0,0,0,0,1,0,0,Senior Manager,0,1,1,Low,2025-12,0,Invalid Posting Date
TX0003350,2026-03-30,A045,Operations,V0438,Credit Note,1136.16,Direct Debit,GBP,Pending,2026-01-25,INV00003350,EMP00320,USR0040,0,0,0,0,1,0,1,Senior Manager,0,1,1,Low,2026-03,0,Invalid Posting Date
TX0003360,2026-03-30,A067,Sales,,Expense,831.1,Card,GBP,Approved,2026-04-05,INV00003360,EMP00191,USR0071,1,0,0,0,0,0,1,Department Manager,0,1,1,Low,2026-03,0,Missing Vendor
TX0003394,2026-02-19,A008,Procurement,V0057,Invoice,8305.25,Cheque,USD,Rejected,2026-02-22,INV00003394,EMP00316,USR0039,0,0,0,0,0,1,0,Senior Manager,0,1,1,Low,2026-02,1,Duplicate Invoice
TX0003414,2026-03-29,A035,Sales,V0103,Journal Entry,233.26,Card,GBP,Approved,2025-12-21,INV00003414,EMP00111,USR0064,0,0,0,0,1,0,1,Department Manager,0,1,1,Low,2026-03,0,Invalid Posting Date
TX0003427,2025-08-12,A026,Finance,V0173,Expense,510.13,Cheque,GBP,Approved,2025-08-17,INV00065744,EMP00493,USR0170,0,0,0,0,0,1,0,Department Manager,0,1,1,Low,2025-08,0,Duplicate Invoice
TX0003436,2025-11-10,A060,Finance,V0484,Invoice,-296.15,Cheque,USD,Pending,2025-11-13,INV00003436,EMP00062,USR0108,0,0,0,1,0,0,0,Department Manager,0,1,1,Low,2025-11,0,Invalid Amount
TX0003447,2025-05-12,A020,Finance,V0202,Expense,1070.51,Card,GBP,Pending,2025-05-17,INV00003447,,USR0021,0,1,0,0,0,0,0,Senior Manager,1,2,1,Medium,2025-05,0,Missing Approval
TX0003457,2026-02-18,A011,Operations,V0231,Invoice,4079.8,Direct Debit,GBP,Approved,2026-02-14,INV00003457,EMP00454,USR0180,0,0,0,0,1,0,0,Senior Manager,0,1,1,Low,2026-02,0,Invalid Posting Date
TX0003566,2026-03-27,A028,Operations,V0404,Expense,2705.83,Cheque,GBP,Approved,2025-11-15,INV00003566,EMP00425,USR0071,0,0,0,0,1,0,1,Senior Manager,0,1,1,Low,2026-03,0,Invalid Posting Date
TX0003602,2026-03-28,A051,Marketing,V0410,Credit Note,1448.7,Direct Debit,EUR,Rejected,2026-03-24,INV00003602,EMP00015,USR0001,0,0,0,0,1,0,1,Senior Manager,0,1,1,Low,2026-03,0,Invalid Posting Date
TX0003659,2025-05-23,A002,Marketing,V0291,Expense,1158.22,Direct Debit,GBP,Approved,2025-05-28,INV00056430,EMP00383,USR0065,0,0,0,0,0,1,0,Senior Manager,0,1,1,Low,2025-05,0,Duplicate Invoice
TX0003663,2025-10-08,A038,HR,,Invoice,496.09,Card,EUR,Approved,2025-10-15,INV00003663,EMP00473,USR0031,1,0,0,0,0,0,0,Department Manager,0,1,1,Low,2025-10,0,Missing Vendor
TX0003667,2025-12-20,A049,Operations,V0341,Credit Note,2561.01,Direct Debit,GBP,Approved,2025-12-22,INV00003667,,USR0082,0,1,0,0,0,0,0,Senior Manager,1,2,1,Medium,2025-12,0,Missing Approval
TX0003746,2026-03-31,A080,Finance,V0267,Expense,5034.72,Direct Debit,GBP,Rejected,2025-11-19,INV00052413,EMP00439,USR0119,0,0,0,0,1,1,1,Senior Manager,0,2,1,Medium,2026-03,0,Duplicate Invoice
TX0003756,2026-03-28,A057,Finance,V0491,Payment,1171.18,Card,EUR,Pending,2026-02-28,INV00003756,EMP00485,USR0016,0,0,0,0,1,0,1,Senior Manager,0,1,1,Low,2026-03,0,Invalid Posting Date
TX0003757,2026-03-27,A035,Operations,V0272,Credit Note,460.12,Bank Transfer,GBP,Approved,2025-09-13,INV00003757,EMP00274,USR0072,0,0,0,0,1,0,1,Department Manager,0,1,1,Low,2026-03,0,Invalid Posting Date
TX0003758,2026-02-04,A066,Finance,V0401,Invoice,-1482.06,Card,GBP,Pending,2026-02-07,INV00003758,EMP00399,USR0144,0,0,0,1,0,0,0,Senior Manager,0,1,1,Low,2026-02,0,Invalid Amount
TX0003764,2025-09-09,A080,IT,,Expense,2496.31,Cheque,GBP,Approved,2025-09-13,INV00003764,EMP00304,USR0056,1,0,0,0,0,0,0,Senior Manager,0,1,1,Low,2025-09,0,Missing Vendor
TX0003771,2025-04-28,A077,Finance,V0026,Invoice,-912.03,Bank Transfer,GBP,Pending,2025-05-02,INV00003771,EMP00001,USR0007,0,0,0,1,0,0,1,Department Manager,0,1,1,Low,2025-04,0,Invalid Amount
TX0003781,2025-11-13,A072,Procurement,,Journal Entry,1161.47,Direct Debit,GBP,Approved,2025-11-19,INV00003781,EMP00079,USR0117,1,0,0,0,0,0,0,Senior Manager,0,1,1,Low,2025-11,0,Missing Vendor
TX0003790,2026-01-28,A025,Operations,V0419,Invoice,261.31,Direct Debit,EUR,Approved,2026-01-31,INV00003790,EMP00225,USR0112,0,0,0,0,0,1,1,Department Manager,0,1,1,Low,2026-01,0,Duplicate Invoice
TX0003862,2026-03-29,A060,Operations,V0424,Invoice,1676.95,Cheque,GBP,Pending,2025-11-15,INV00003862,EMP00268,USR0129,0,0,0,0,1,0,1,Senior Manager,0,1,1,Low,2026-03,0,Invalid Posting Date
TX0003892,2026-03-29,A014,IT,V0459,Expense,785.69,Bank Transfer,GBP,Pending,2025-06-12,INV00003892,EMP00010,USR0170,0,0,0,0,1,0,1,Department Manager,0,1,1,Low,2026-03,0,Invalid Posting Date
TX0003894,2026-02-15,A024,Marketing,V0195,Invoice,-157.17,Bank Transfer,USD,Approved,2026-02-22,INV00003894,EMP00326,USR0127,0,0,0,1,0,0,0,Department Manager,0,1,1,Low,2026-02,0,Invalid Amount
TX0003914,2025-09-08,A013,IT,V0205,Invoice,29287.5,Cheque,GBP,Pending,2025-09-08,INV00023788,EMP00202,USR0181,0,0,0,0,0,1,0,Finance Director,0,1,1,Medium,2025-09,1,Duplicate Invoice
TX0003937,2025-09-08,A065,Finance,V0321,Credit Note,12045.77,Card,GBP,Approved,2025-09-11,INV00015395,EMP00360,USR0076,0,0,0,0,0,1,0,Finance Director,0,1,1,Medium,2025-09,1,Duplicate Invoice
TX0003939,2026-03-30,A065,Procurement,V0125,Invoice,528.46,Card,USD,Approved,2025-12-01,INV00003939,EMP00203,USR0133,0,0,0,0,1,0,1,Department Manager,0,1,1,Low,2026-03,0,Invalid Posting Date
TX0003949,2026-03-27,A025,Marketing,V0302,Expense,3163.11,Card,USD,Rejected,2025-06-07,INV00003949,EMP00498,USR0004,0,0,0,0,1,0,1,Senior Manager,0,1,1,Low,2026-03,0,Invalid Posting Date
TX0003955,2025-10-04,A032,Operations,V0449,Invoice,9766.98,Bank Transfer,GBP,Approved,2025-10-11,INV00019779,EMP00341,USR0016,0,0,0,0,0,1,0,Senior Manager,0,1,1,Low,2025-10,1,Duplicate Invoice
TX0003983,2025-07-03,A033,Procurement,V0068,Journal Entry,3047.79,Card,GBP,Approved,2025-07-04,INV00032261,EMP00342,USR0002,0,0,0,0,0,1,0,Senior Manager,0,1,1,Low,2025-07,0,Duplicate Invoice
TX0003991,2026-03-30,A016,IT,V0289,Payment,435.72,Bank Transfer,GBP,Rejected,2026-03-13,INV00003991,EMP00044,USR0162,0,0,0,0,1,0,1,Department Manager,0,1,1,Low,2026-03,0,Invalid Posting Date
TX0004003,2025-09-17,A054,IT,V0275,Expense,7402.54,Bank Transfer,EUR,Rejected,2025-09-17,INV00068317,EMP00044,USR0033,0,0,0,0,0,1,0,Senior Manager,0,1,1,Low,2025-09,1,Duplicate Invoice
TX0004009,2026-01-03,A036,Marketing,V0426,Journal Entry,955.78,Card,GBP,Rejected,2026-01-09,INV00084937,EMP00439,USR0106,0,0,0,0,0,1,0,Department Manager,0,1,1,Low,2026-01,0,Duplicate Invoice
TX0004017,2025-11-14,A026,Sales,V0266,Payment,213883.34,Bank Transfer,EUR,Pending,2025-11-13,INV00004017,EMP00208,USR0098,0,0,0,0,1,0,0,Finance Director,0,1,1,High,2025-11,1,Invalid Posting Date
TX0004051,2025-09-01,A078,Procurement,V0399,Expense,1012.93,Bank Transfer,GBP,Approved,2025-09-05,INV00004051,EMP00336,USR0005,0,0,0,0,0,1,0,Senior Manager,0,1,1,Low,2025-09,0,Duplicate Invoice
TX0004120,2025-12-05,A032,HR,,Credit Note,4339.68,Direct Debit,GBP,Approved,2025-12-06,INV00004120,EMP00180,USR0164,1,0,0,0,0,0,0,Senior Manager,0,1,1,Low,2025-12,0,Missing Vendor
TX0004129,2025-06-24,,HR,V0462,Invoice,1895.83,Direct Debit,GBP,Pending,2025-06-27,INV00004129,EMP00434,USR0124,0,0,1,0,0,0,0,Senior Manager,0,1,1,Low,2025-06,0,Missing Account
TX0004151,2025-11-14,A065,Marketing,V0181,Payment,496.87,Bank Transfer,GBP,Pending,2025-11-20,INV00042222,EMP00241,USR0193,0,0,0,0,0,1,0,Department Manager,0,1,1,Low,2025-11,0,Duplicate Invoice
TX0004162,2025-10-19,A045,Procurement,V0428,Invoice,562.47,Card,USD,Approved,2025-10-21,INV00004162,,USR0187,0,1,0,0,0,0,0,Department Manager,0,1,1,Low,2025-10,0,No Exception
TX0004187,2026-03-30,A019,Procurement,V0422,Invoice,1581.03,Bank Transfer,GBP,Approved,2025-10-16,INV00004187,EMP00063,USR0174,0,0,0,0,1,0,1,Senior Manager,0,1,1,Low,2026-03,0,Invalid Posting Date
TX0004190,2025-07-05,A060,Procurement,V0036,Payment,1952.53,Cheque,GBP,Pending,2025-07-10,INV00012397,EMP00096,USR0061,0,0,0,0,0,1,0,Senior Manager,0,1,1,Low,2025-07,0,Duplicate Invoice
TX0004216,2026-03-03,A058,Operations,,Payment,1715.1,Bank Transfer,EUR,Approved,2026-03-10,INV00004216,EMP00118,USR0033,1,0,0,0,0,0,0,Senior Manager,0,1,1,Low,2026-03,0,Missing Vendor
TX0004222,2026-03-05,A001,Procurement,V0342,Invoice,392.93,Direct Debit,GBP,Approved,2026-03-09,INV00004222,EMP00475,USR0094,0,0,0,0,0,1,0,Department Manager,0,1,1,Low,2026-03,0,Duplicate Invoice
TX0004227,2025-12-26,A034,IT,V0421,Invoice,1056.16,Cheque,GBP,Pending,2025-12-28,INV00004227,,USR0130,0,1,0,0,0,0,0,Senior Manager,1,2,1,Medium,2025-12,0,Missing Approval
TX0004233,2026-03-28,A071,Operations,V0137,Invoice,5144.02,Cheque,GBP,Approved,2026-03-11,INV00088544,EMP00481,USR0085,0,0,0,0,1,1,1,Senior Manager,0,2,1,Medium,2026-03,0,Duplicate Invoice
TX0004240,2026-03-29,A036,Procurement,V0379,Invoice,1548.55,Direct Debit,GBP,Rejected,2025-12-01,INV00004240,EMP00375,USR0130,0,0,0,0,1,0,1,Senior Manager,0,1,1,Low,2026-03,0,Invalid Posting Date
TX0004269,2025-08-18,A024,Operations,V0358,Invoice,-1349.16,Bank Transfer,USD,Rejected,2025-08-22,INV00004269,EMP00296,USR0024,0,0,0,1,0,0,0,Senior Manager,0,1,1,Low,2025-08,0,Invalid Amount
TX0004271,2025-04-05,A018,HR,V0121,Expense,2599.2,Cheque,GBP,Rejected,2025-04-05,INV00038607,EMP00154,USR0186,0,0,0,0,0,1,0,Senior Manager,0,1,1,Low,2025-04,0,Duplicate Invoice
TX0004294,2026-02-04,A056,Finance,V0048,Journal Entry,2550.71,Card,GBP,Approved,2026-02-06,INV00004294,EMP00206,USR0101,0,0,0,0,0,1,0,Senior Manager,0,1,1,Low,2026-02,0,Duplicate Invoice
TX0004314,2025-06-21,A045,HR,,Payment,867.14,Bank Transfer,GBP,Rejected,2025-06-25,INV00004314,EMP00107,USR0070,1,0,0,0,0,0,0,Department Manager,0,1,1,Low,2025-06,0,Missing Vendor
TX0004336,2026-03-29,A023,Finance,V0127,Credit Note,3200.48,Bank Transfer,EUR,Approved,2025-05-18,INV00004336,EMP00312,USR0008,0,0,0,0,1,0,1,Senior Manager,0,1,1,Low,2026-03,0,Invalid Posting Date
TX0004338,2025-07-17,A047,Operations,V0112,Invoice,929.1,Bank Transfer,GBP,Pending,2025-07-19,INV00004338,EMP00429,USR0134,0,0,0,0,0,1,0,Department Manager,0,1,1,Low,2025-07,0,Duplicate Invoice
TX0004368,2025-07-07,A059,Finance,V0054,Invoice,2148.36,Card,EUR,Rejected,2025-07-10,INV00004368,EMP00009,USR0060,0,0,0,0,0,1,0,Senior Manager,0,1,1,Low,2025-07,0,Duplicate Invoice
TX0004399,2025-12-04,A038,Finance,V0490,Invoice,1080.17,Bank Transfer,EUR,Approved,2025-12-11,INV00067404,EMP00133,USR0017,0,0,0,0,0,1,0,Senior Manager,0,1,1,Low,2025-12,0,Duplicate Invoice
TX0004406,2025-09-15,A079,Sales,V0323,Expense,96.87,Bank Transfer,USD,Approved,2025-09-16,INV00000867,EMP00085,USR0125,0,0,0,0,0,1,0,Department Manager,0,1,1,Low,2025-09,0,Duplicate Invoice
TX0004425,2026-03-04,A055,Finance,V0270,Journal Entry,423.44,Card,GBP,Pending,2026-03-11,INV00031184,EMP00500,USR0129,0,0,0,0,0,1,0,Department Manager,0,1,1,Low,2026-03,0,Duplicate Invoice
TX0004437,2026-03-24,A074,Finance,,Payment,8382.36,Direct Debit,GBP,Pending,2026-03-24,INV00004437,EMP00121,USR0095,1,0,0,0,0,0,0,Senior Manager,0,1,1,Low,2026-03,1,Missing Vendor
TX0004461,2026-03-31,A051,Sales,V0253,Expense,1492.56,Card,USD,Pending,2025-10-10,INV00004461,EMP00300,USR0086,0,0,0,0,1,0,1,Senior Manager,0,1,1,Low,2026-03,0,Invalid Posting Date
TX0004483,2026-03-29,A027,Marketing,V0130,Journal Entry,5617.94,Card,GBP,Approved,2026-04-05,INV00004483,,USR0046,0,1,0,0,0,0,1,Senior Manager,1,2,1,Medium,2026-03,0,Missing Approval
TX0004484,2026-03-29,A023,Finance,V0028,Invoice,860.05,Bank Transfer,EUR,Rejected,2026-02-04,INV00004484,EMP00453,USR0019,0,0,0,0,1,0,1,Department Manager,0,1,1,Low,2026-03,0,Invalid Posting Date
TX0004511,2026-02-06,A071,Finance,V0063,Invoice,593.66,Bank Transfer,EUR,Approved,2026-02-08,INV00004511,EMP00215,USR0193,0,0,0,0,0,1,0,Department Manager,0,1,1,Low,2026-02,0,Duplicate Invoice
TX0004526,2026-03-31,A027,Operations,V0034,Invoice,781.93,Card,USD,Pending,2026-03-24,INV00004526,EMP00247,USR0198,0,0,0,0,1,0,1,Department Manager,0,1,1,Low,2026-03,0,Invalid Posting Date
TX0004547,2026-02-07,A076,Operations,V0084,Payment,1852.81,Bank Transfer,GBP,Approved,2026-02-12,INV00004547,,USR0154,0,1,0,0,0,0,0,Senior Manager,1,2,1,Medium,2026-02,0,Missing Approval
TX0004569,2025-08-04,A005,Procurement,V0414,Invoice,1151.14,Card,GBP,Approved,2025-08-05,INV00056513,EMP00405,USR0166,0,0,0,0,0,1,0,Senior Manager,0,1,1,Low,2025-08,0,Duplicate Invoice
TX0004591,2026-03-27,A071,Procurement,V0017,Expense,3102.19,Cheque,EUR,Approved,2025-09-27,INV00004591,EMP00228,USR0100,0,0,0,0,1,0,1,Senior Manager,0,1,1,Low,2026-03,0,Invalid Posting Date
TX0004625,2025-04-17,A033,Operations,V0038,Journal Entry,574.28,Cheque,GBP,Approved,2025-04-23,INV00004625,EMP00040,USR0175,0,0,0,0,0,1,0,Department Manager,0,1,1,Low,2025-04,0,Duplicate Invoice
TX0004632,2025-07-26,A076,Finance,V0448,Invoice,4299.44,Card,GBP,Pending,2025-08-02,INV00053084,EMP00393,USR0108,0,0,0,0,0,1,0,Senior Manager,0,1,1,Low,2025-07,0,Duplicate Invoice
TX0004646,2025-07-27,A026,IT,V0302,Invoice,537.91,Cheque,USD,Rejected,2025-08-01,INV00004646,EMP00046,USR0181,0,0,0,0,0,1,1,Department Manager,0,1,1,Low,2025-07,0,Duplicate Invoice
TX0004684,2025-11-20,A012,Operations,V0104,Invoice,936.85,Card,EUR,Approved,2025-11-24,INV00004684,,USR0103,0,1,0,0,0,0,0,Department Manager,0,1,1,Low,2025-11,0,No Exception
TX0004689,2025-09-29,A026,Operations,V0156,Payment,689.72,Bank Transfer,USD,Rejected,2025-10-06,INV00004689,EMP00307,USR0151,0,0,0,0,0,1,1,Department Manager,0,1,1,Low,2025-09,0,Duplicate Invoice
TX0004697,2026-02-25,A004,Sales,V0218,Invoice,-313.49,Bank Transfer,GBP,Rejected,2026-03-04,INV00004697,EMP00318,USR0114,0,0,0,1,0,0,0,Department Manager,0,1,1,Low,2026-02,0,Invalid Amount
TX0004698,2025-07-31,A010,Procurement,V0489,Expense,862.31,Cheque,GBP,Approved,2025-07-31,INV00035796,EMP00359,USR0077,0,0,0,0,0,1,1,Department Manager,0,1,1,Low,2025-07,0,Duplicate Invoice
TX0004708,2025-08-02,A021,Operations,,Journal Entry,1577.57,Bank Transfer,GBP,Approved,2025-08-06,INV00004708,EMP00033,USR0016,1,0,0,0,0,0,0,Senior Manager,0,1,1,Low,2025-08,0,Missing Vendor
TX0004713,2025-10-18,A059,Finance,,Invoice,1938.65,Card,GBP,Approved,2025-10-22,INV00004713,EMP00385,USR0178,1,0,0,0,0,0,0,Senior Manager,0,1,1,Low,2025-10,0,Missing Vendor
TX0004728,2025-07-01,A017,Sales,V0036,Invoice,772.45,Cheque,GBP,Approved,2025-07-05,INV00004728,EMP00408,USR0193,0,0,0,0,0,1,0,Department Manager,0,1,1,Low,2025-07,0,Duplicate Invoice
TX0004753,2025-08-16,A070,Operations,V0349,Invoice,6058.19,Bank Transfer,GBP,Approved,2025-08-20,INV00097866,EMP00268,USR0133,0,0,0,0,0,1,0,Senior Manager,0,1,1,Low,2025-08,1,Duplicate Invoice
TX0004760,2025-09-25,A045,Operations,V0093,Credit Note,650.85,Card,USD,Pending,2025-09-30,INV00004760,,USR0120,0,1,0,0,0,0,0,Department Manager,0,1,1,Low,2025-09,0,No Exception
TX0004791,2025-09-12,A050,IT,V0023,Credit Note,1526.24,Cheque,USD,Approved,2025-09-18,INV00004791,EMP00389,USR0118,0,0,0,0,0,1,0,Senior Manager,0,1,1,Low,2025-09,0,Duplicate Invoice
TX0004793,2025-04-22,A053,Sales,V0322,Payment,1644.7,Cheque,EUR,Rejected,2025-04-29,INV00004793,,USR0076,0,1,0,0,0,0,0,Senior Manager,1,2,1,Medium,2025-04,0,Missing Approval
TX0004803,2025-09-23,A002,Procurement,V0072,Invoice,1201.88,Cheque,GBP,Approved,2025-09-22,INV00004803,EMP00255,USR0057,0,0,0,0,1,0,0,Senior Manager,0,1,1,Low,2025-09,0,Invalid Posting Date
TX0004820,2026-01-01,A065,Sales,V0349,Invoice,671.02,Bank Transfer,GBP,Approved,2026-01-02,INV00033076,EMP00123,USR0076,0,0,0,0,0,1,0,Department Manager,0,1,1,Low,2026-01,0,Duplicate Invoice
TX0004835,2026-01-29,A047,IT,V0293,Invoice,1165.04,Bank Transfer,GBP,Approved,2026-01-27,INV00004835,EMP00339,USR0031,0,0,0,0,1,0,1,Senior Manager,0,1,1,Low,2026-01,0,Invalid Posting Date
TX0004879,2026-03-28,A001,Sales,V0279,Invoice,598.68,Card,EUR,Approved,2025-09-23,INV00004879,EMP00082,USR0200,0,0,0,0,1,0,1,Department Manager,0,1,1,Low,2026-03,0,Invalid Posting Date
TX0004913,2026-03-29,A048,Marketing,V0225,Journal Entry,2063.02,Bank Transfer,USD,Approved,2025-12-28,INV00004913,EMP00123,USR0121,0,0,0,0,1,0,1,Senior Manager,0,1,1,Low,2026-03,0,Invalid Posting Date
TX0004972,2025-12-29,A030,Procurement,V0499,Invoice,2263.68,Direct Debit,GBP,Pending,2026-01-03,INV00004972,,USR0159,0,1,0,0,0,0,1,Senior Manager,1,2,1,Medium,2025-12,0,Missing Approval
TX0005020,2025-08-08,A043,Operations,V0194,Journal Entry,4453.31,Cheque,GBP,Approved,2025-08-10,INV00005020,EMP00419,USR0155,0,0,0,0,0,1,0,Senior Manager,0,1,1,Low,2025-08,0,Duplicate Invoice
TX0005074,2026-03-11,A068,HR,V0364,Journal Entry,2005.78,Direct Debit,GBP,Approved,2026-03-17,INV00005074,EMP00179,USR0051,0,0,0,0,0,1,0,Senior Manager,0,1,1,Low,2026-03,0,Duplicate Invoice
TX0005145,2026-02-22,A029,Procurement,V0360,Invoice,2128.57,Cheque,EUR,Rejected,2026-02-19,INV00005145,EMP00221,USR0019,0,0,0,0,1,0,0,Senior Manager,0,1,1,Low,2026-02,0,Invalid Posting Date
TX0005206,2026-03-31,A062,Sales,V0181,Payment,12701.04,Direct Debit,GBP,Approved,2025-07-17,INV00005206,EMP00246,USR0163,0,0,0,0,1,0,1,Finance Director,0,1,1,Medium,2026-03,1,Invalid Posting Date
TX0005216,2025-10-09,A001,Finance,V0500,Expense,1728.2,Card,GBP,Approved,2025-10-09,INV00005216,EMP00218,USR0004,0,0,0,0,0,1,0,Senior Manager,0,1,1,Low,2025-10,0,Duplicate Invoice
TX0005218,2026-03-30,A035,Finance,V0366,Invoice,1086.63,Direct Debit,USD,Approved,2025-10-22,INV00005218,EMP00016,USR0043,0,0,0,0,1,0,1,Senior Manager,0,1,1,Low,2026-03,0,Invalid Posting Date
TX0005224,2025-08-27,A012,Operations,V0200,Invoice,355.63,Card,USD,Approved,2025-08-27,INV00005224,EMP00419,USR0138,0,0,0,0,0,1,1,Department Manager,0,1,1,Low,2025-08,0,Duplicate Invoice
TX0005255,2025-06-22,A035,Procurement,V0357,Expense,722.05,Bank Transfer,GBP,Approved,2025-06-23,INV00029870,EMP00312,USR0153,0,0,0,0,0,1,0,Department Manager,0,1,1,Low,2025-06,0,Duplicate Invoice
TX0005289,2025-07-22,,Marketing,V0486,Invoice,505.64,Direct Debit,USD,Approved,2025-07-23,INV00005289,EMP00259,USR0145,0,0,1,0,0,0,0,Department Manager,0,1,1,Low,2025-07,0,Missing Account
TX0005300,2026-03-28,A017,Sales,V0302,Expense,10160.33,Bank Transfer,USD,Pending,2025-08-25,INV00005300,EMP00496,USR0062,0,0,0,0,1,0,1,Finance Director,0,1,1,Medium,2026-03,1,Invalid Posting Date
TX0005325,2026-03-30,A053,Sales,V0257,Payment,928.13,Direct Debit,EUR,Pending,2026-04-01,INV00005325,EMP00115,USR0002,0,0,0,0,0,1,1,Department Manager,0,1,1,Low,2026-03,0,Duplicate Invoice
TX0005369,2025-07-12,A055,Operations,V0132,Journal Entry,778.24,Cheque,USD,Rejected,2025-07-08,INV00005369,EMP00282,USR0124,0,0,0,0,1,0,0,Department Manager,0,1,1,Low,2025-07,0,Invalid Posting Date
TX0005408,2025-06-11,A021,Procurement,V0267,Journal Entry,2212.96,Bank Transfer,GBP,Approved,2025-06-14,INV00005408,,USR0029,0,1,0,0,0,0,0,Senior Manager,1,2,1,Medium,2025-06,0,Missing Approval
TX0005439,2025-07-09,A049,IT,V0103,Payment,5894.48,Bank Transfer,GBP,Approved,2025-07-11,INV00005439,EMP00459,USR0113,0,0,0,0,0,1,0,Senior Manager,0,1,1,Low,2025-07,1,Duplicate Invoice
TX0005448,2025-05-20,A074,IT,,Invoice,1767.52,Direct Debit,GBP,Approved,2025-05-26,INV00005448,EMP00205,USR0199,1,0,0,0,0,0,0,Senior Manager,0,1,1,Low,2025-05,0,Missing Vendor
TX0005452,2025-09-11,A050,IT,V0047,Invoice,16998.83,Cheque,GBP,Approved,2025-09-18,INV00050179,EMP00328,USR0159,0,0,0,0,0,1,0,Finance Director,0,1,1,Medium,2025-09,1,Duplicate Invoice
TX0005465,2026-03-18,A062,Operations,V0128,Invoice,1594.57,Direct Debit,USD,Approved,2026-03-21,INV00005465,EMP00430,USR0179,0,0,0,0,0,1,0,Senior Manager,0,1,1,Low,2026-03,0,Duplicate Invoice
TX0005492,2026-03-29,A025,Procurement,V0165,Credit Note,339.31,Bank Transfer,USD,Approved,2025-09-23,INV00005492,EMP00065,USR0042,0,0,0,0,1,0,1,Department Manager,0,1,1,Low,2026-03,0,Invalid Posting Date
TX0005556,2026-02-28,A058,HR,V0481,Payment,864.45,Cheque,EUR,Approved,2026-03-02,INV00005556,,USR0112,0,1,0,0,0,0,1,Department Manager,0,1,1,Low,2026-02,0,No Exception
TX0005598,2025-06-02,A048,Finance,V0229,Journal Entry,4577.8,Card,USD,Approved,2025-06-02,INV00005598,,USR0089,0,1,0,0,0,0,0,Senior Manager,1,2,1,Medium,2025-06,0,Missing Approval
TX0005607,2025-04-08,A026,Procurement,V0192,Expense,497.99,Direct Debit,USD,Pending,2025-04-08,INV00035719,EMP00373,USR0191,0,0,0,0,0,1,0,Department Manager,0,1,1,Low,2025-04,0,Duplicate Invoice
TX0005615,2025-09-22,A023,Procurement,V0256,Invoice,-322.45,Cheque,USD,Rejected,2025-09-23,INV00005615,EMP00158,USR0037,0,0,0,1,0,0,0,Department Manager,0,1,1,Low,2025-09,0,Invalid Amount
TX0005622,2025-08-02,A016,Finance,V0494,Invoice,443.4,Cheque,GBP,Approved,2025-08-07,INV00049149,EMP00358,USR0123,0,0,0,0,0,1,0,Department Manager,0,1,1,Low,2025-08,0,Duplicate Invoice
TX0005625,2025-10-12,A074,Marketing,V0201,Journal Entry,-17101.06,Bank Transfer,GBP,Approved,2025-10-14,INV00005625,EMP00176,USR0160,0,0,0,1,0,0,0,Finance Director,0,1,1,Medium,2025-10,0,Invalid Amount
TX0005674,2026-03-28,A015,Procurement,V0436,Invoice,5892.76,Card,GBP,Pending,2026-01-16,INV00005674,EMP00437,USR0032,0,0,0,0,1,0,1,Senior Manager,0,1,1,Low,2026-03,1,Invalid Posting Date
TX0005689,2026-03-30,A074,Procurement,V0256,Invoice,81.81,Card,EUR,Pending,2025-09-30,INV00005689,EMP00244,USR0007,0,0,0,0,1,0,1,Department Manager,0,1,1,Low,2026-03,0,Invalid Posting Date
TX0005695,2025-10-11,A042,Finance,V0273,Expense,1171.32,Card,EUR,Approved,2025-10-16,INV00005695,,USR0100,0,1,0,0,0,0,0,Senior Manager,1,2,1,Medium,2025-10,0,Missing Approval
TX0005725,2026-03-28,A028,Sales,V0053,Expense,1172.78,Direct Debit,GBP,Approved,2026-01-31,INV00005725,EMP00063,USR0139,0,0,0,0,1,0,1,Senior Manager,0,1,1,Low,2026-03,0,Invalid Posting Date
TX0005738,2025-06-23,A052,IT,V0301,Invoice,2932.59,Cheque,GBP,Approved,2025-06-23,INV00063100,EMP00500,USR0170,0,0,0,0,0,1,0,Senior Manager,0,1,1,Low,2025-06,0,Duplicate Invoice
TX0005753,2026-03-27,A032,Sales,V0110,Credit Note,268.08,Direct Debit,USD,Approved,2025-11-26,INV00005753,EMP00113,USR0122,0,0,0,0,1,0,1,Department Manager,0,1,1,Low,2026-03,0,Invalid Posting Date
TX0005759,2025-05-11,A079,Finance,V0499,Invoice,297.47,Bank Transfer,EUR,Approved,2025-05-14,INV00070558,EMP00131,USR0140,0,0,0,0,0,1,0,Department Manager,0,1,1,Low,2025-05,0,Duplicate Invoice
TX0005819,2026-03-31,A024,Operations,V0286,Credit Note,932.03,Card,USD,Rejected,2026-04-06,INV00084373,EMP00194,USR0110,0,0,0,0,0,1,1,Department Manager,0,1,1,Low,2026-03,0,Duplicate Invoice
TX0005820,2025-08-01,A022,Sales,V0453,Expense,788.91,Cheque,GBP,Rejected,2025-08-08,INV00030953,EMP00167,USR0013,0,0,0,0,0,1,0,Department Manager,0,1,1,Low,2025-08,0,Duplicate Invoice
TX0005865,2026-03-30,A045,Procurement,V0178,Journal Entry,613.34,Bank Transfer,GBP,Pending,2026-02-26,INV00005865,EMP00449,USR0099,0,0,0,0,1,0,1,Department Manager,0,1,1,Low,2026-03,0,Invalid Posting Date
TX0005867,2026-01-03,A015,Sales,V0484,Invoice,595.25,Cheque,GBP,Approved,2026-01-04,INV00057420,EMP00078,USR0022,0,0,0,0,0,1,0,Department Manager,0,1,1,Low,2026-01,0,Duplicate Invoice
TX0005872,2025-12-03,A044,Marketing,V0457,Invoice,4320.11,Cheque,GBP,Approved,2025-12-10,INV00078469,EMP00430,USR0157,0,0,0,0,0,1,0,Senior Manager,0,1,1,Low,2025-12,0,Duplicate Invoice
TX0005938,2025-10-24,A053,Procurement,V0002,Payment,341.75,Direct Debit,GBP,Approved,2025-10-26,INV00005938,EMP00420,USR0200,0,0,0,0,0,1,0,Department Manager,0,1,1,Low,2025-10,0,Duplicate Invoice
TX0005948,2025-06-04,A009,Operations,V0419,Invoice,-2190.31,Direct Debit,GBP,Rejected,2025-06-10,INV00005948,EMP00393,USR0080,0,0,0,1,0,0,0,Senior Manager,0,1,1,Low,2025-06,0,Invalid Amount
TX0006012,2025-11-03,A051,Sales,V0196,Invoice,138.62,Cheque,GBP,Pending,2025-11-05,INV00069770,EMP00252,USR0064,0,0,0,0,0,1,0,Department Manager,0,1,1,Low,2025-11,0,Duplicate Invoice
TX0006044,2026-02-28,A046,Operations,V0091,Invoice,2898.49,Cheque,GBP,Rejected,2026-03-02,INV00006044,,USR0070,0,1,0,0,0,0,1,Senior Manager,1,2,1,Medium,2026-02,0,Missing Approval
TX0006074,2026-03-12,,HR,V0339,Payment,1754.2,Cheque,EUR,Approved,2026-03-13,INV00006074,EMP00044,USR0171,0,0,1,0,0,0,0,Senior Manager,0,1,1,Low,2026-03,0,Missing Account
TX0006098,2026-03-30,A003,HR,V0118,Payment,425.4,Card,EUR,Approved,2025-12-09,INV00006098,EMP00084,USR0161,0,0,0,0,1,0,1,Department Manager,0,1,1,Low,2026-03,0,Invalid Posting Date
TX0006099,2025-04-29,A030,Procurement,V0279,Expense,2395.27,Bank Transfer,GBP,Pending,2025-05-03,INV00025842,EMP00389,USR0083,0,0,0,0,0,1,1,Senior Manager,0,1,1,Low,2025-04,0,Duplicate Invoice
TX0006126,2026-03-28,A021,Finance,V0313,Journal Entry,2616.76,Bank Transfer,GBP,Pending,2025-04-28,INV00006126,EMP00474,USR0179,0,0,0,0,1,0,1,Senior Manager,0,1,1,Low,2026-03,0,Invalid Posting Date
TX0006149,2026-03-05,A052,IT,V0195,Invoice,285.27,Cheque,GBP,Approved,2026-03-06,INV00006149,EMP00265,USR0115,0,0,0,0,0,1,0,Department Manager,0,1,1,Low,2026-03,0,Duplicate Invoice
TX0006152,2025-04-29,A037,Finance,V0478,Payment,2464.84,Bank Transfer,GBP,Rejected,2025-05-01,INV00006152,,USR0010,0,1,0,0,0,0,1,Senior Manager,1,2,1,Medium,2025-04,0,Missing Approval
TX0006155,2025-07-20,,Operations,V0235,Payment,3175.86,Card,USD,Approved,2025-07-25,INV00006155,EMP00068,USR0163,0,0,1,0,0,0,0,Senior Manager,0,1,1,Low,2025-07,0,Missing Account
TX0006176,2026-02-27,A019,Finance,V0140,Credit Note,1509.05,Card,GBP,Pending,2026-03-04,INV00006176,EMP00427,USR0003,0,0,0,0,0,1,1,Senior Manager,0,1,1,Low,2026-02,0,Duplicate Invoice
TX0006214,2025-08-15,A009,Sales,V0197,Invoice,232.22,Direct Debit,GBP,Pending,2025-08-15,INV00011406,EMP00186,USR0142,0,0,0,0,0,1,0,Department Manager,0,1,1,Low,2025-08,0,Duplicate Invoice
TX0006222,2026-01-05,A068,IT,,Invoice,199.12,Bank Transfer,GBP,Approved,2026-01-07,INV00006222,EMP00287,USR0191,1,0,0,0,0,0,0,Department Manager,0,1,1,Low,2026-01,0,Missing Vendor
TX0006235,2025-06-15,A035,Operations,V0329,Journal Entry,4646.64,Cheque,GBP,Approved,2025-06-22,INV00006235,EMP00227,USR0200,0,0,0,0,0,1,0,Senior Manager,0,1,1,Low,2025-06,0,Duplicate Invoice
TX0006245,2025-04-14,A069,Operations,,Journal Entry,4429.44,Bank Transfer,USD,Pending,2025-04-18,INV00006245,EMP00125,USR0139,1,0,0,0,0,0,0,Senior Manager,0,1,1,Low,2025-04,0,Missing Vendor
TX0006268,2025-08-05,A073,Sales,V0094,Invoice,368.27,Bank Transfer,USD,Approved,2025-08-05,INV00006268,EMP00048,USR0106,0,0,0,0,0,1,0,Department Manager,0,1,1,Low,2025-08,0,Duplicate Invoice
TX0006292,2026-03-29,A058,Procurement,V0101,Credit Note,311.76,Cheque,GBP,Approved,2025-06-09,INV00006292,EMP00199,USR0052,0,0,0,0,1,0,1,Department Manager,0,1,1,Low,2026-03,0,Invalid Posting Date
TX0006308,2026-03-30,A062,IT,V0319,Invoice,1039.5,Cheque,GBP,Pending,2025-09-18,INV00006308,EMP00180,USR0046,0,0,0,0,1,0,1,Senior Manager,0,1,1,Low,2026-03,0,Invalid Posting Date
TX0006316,2025-12-01,A002,IT,V0366,Invoice,1088.96,Direct Debit,EUR,Approved,2025-12-05,INV00006316,,USR0025,0,1,0,0,0,0,0,Senior Manager,1,2,1,Medium,2025-12,0,Missing Approval
TX0006348,2025-08-30,A006,Operations,V0040,Expense,3308.04,Direct Debit,EUR,Approved,2025-08-30,INV00085199,EMP00403,USR0053,0,0,0,0,0,1,1,Senior Manager,0,1,1,Low,2025-08,0,Duplicate Invoice
TX0006350,2025-08-24,A065,Marketing,V0071,Expense,3420.39,Direct Debit,USD,Pending,2025-08-29,INV00046121,EMP00301,USR0191,0,0,0,0,0,1,0,Senior Manager,0,1,1,Low,2025-08,0,Duplicate Invoice
TX0006372,2025-05-04,,Procurement,V0399,Credit Note,171.11,Direct Debit,GBP,Approved,2025-05-10,INV00006372,EMP00467,USR0110,0,0,1,0,0,0,0,Department Manager,0,1,1,Low,2025-05,0,Missing Account
TX0006452,2025-06-28,A037,Procurement,V0259,Payment,95.44,Bank Transfer,USD,Pending,2025-07-04,INV00006452,,USR0133,0,1,0,0,0,0,1,Department Manager,0,1,1,Low,2025-06,0,No Exception
TX0006471,2026-03-06,A060,Finance,V0059,Expense,703.07,Card,GBP,Pending,2026-03-06,INV00004338,EMP00263,USR0122,0,0,0,0,0,1,0,Department Manager,0,1,1,Low,2026-03,0,Duplicate Invoice
TX0006478,2026-03-31,A054,Sales,V0022,Invoice,938.52,Bank Transfer,EUR,Approved,2025-11-06,INV00006478,EMP00287,USR0156,0,0,0,0,1,0,1,Department Manager,0,1,1,Low,2026-03,0,Invalid Posting Date
TX0006532,2026-03-31,A056,Operations,V0416,Payment,3222.05,Cheque,GBP,Approved,2026-02-15,INV00006532,EMP00131,USR0097,0,0,0,0,1,0,1,Senior Manager,0,1,1,Low,2026-03,0,Invalid Posting Date
TX0006547,2026-03-30,A018,Procurement,V0060,Expense,2779.87,Card,GBP,Approved,2025-05-12,INV00006547,EMP00064,USR0073,0,0,0,0,1,0,1,Senior Manager,0,1,1,Low,2026-03,0,Invalid Posting Date
TX0006567,2025-11-13,A046,Finance,V0145,Invoice,144.28,Card,USD,Approved,2025-11-17,INV00006567,,USR0124,0,1,0,0,0,0,0,Department Manager,0,1,1,Low,2025-11,0,No Exception
TX0006613,2026-03-27,A038,Procurement,V0262,Expense,4651.41,Direct Debit,EUR,Approved,2025-10-16,INV00006613,EMP00431,USR0176,0,0,0,0,1,0,1,Senior Manager,0,1,1,Low,2026-03,0,Invalid Posting Date
TX0006653,2025-12-21,A031,Operations,V0274,Payment,1121.0,Cheque,GBP,Approved,2025-12-24,INV00006653,,USR0109,0,1,0,0,0,0,0,Senior Manager,1,2,1,Medium,2025-12,0,Missing Approval
TX0006681,2026-03-27,A034,Marketing,V0222,Invoice,2557.38,Cheque,GBP,Rejected,2025-11-18,INV00006681,EMP00080,USR0012,0,0,0,0,1,0,1,Senior Manager,0,1,1,Low,2026-03,0,Invalid Posting Date
TX0006706,2026-02-17,A071,HR,V0204,Invoice,13155.71,Bank Transfer,GBP,Approved,2026-02-20,INV00028111,EMP00107,USR0176,0,0,0,0,0,1,0,Finance Director,0,1,1,Medium,2026-02,1,Duplicate Invoice
TX0006749,2025-07-21,A009,Operations,V0003,Payment,739.71,Bank Transfer,GBP,Approved,2025-07-23,INV00006749,EMP00080,USR0110,0,0,0,0,0,1,0,Department Manager,0,1,1,Low,2025-07,0,Duplicate Invoice
TX0006913,2026-03-31,A032,HR,V0190,Invoice,4414.98,Cheque,USD,Approved,2026-02-12,INV00006913,EMP00273,USR0196,0,0,0,0,1,0,1,Senior Manager,0,1,1,Low,2026-03,0,Invalid Posting Date
TX0006927,2025-06-13,A014,Sales,V0059,Journal Entry,2112.37,Direct Debit,GBP,Approved,2025-06-10,INV00006927,EMP00254,USR0076,0,0,0,0,1,0,0,Senior Manager,0,1,1,Low,2025-06,0,Invalid Posting Date
TX0006929,2026-03-31,A038,Finance,V0367,Expense,1540.95,Cheque,EUR,Approved,2026-01-01,INV00006929,EMP00266,USR0163,0,0,0,0,1,0,1,Senior Manager,0,1,1,Low,2026-03,0,Invalid Posting Date
TX0006932,2025-07-10,A028,Operations,,Invoice,1433.13,Direct Debit,EUR,Pending,2025-07-11,INV00006932,EMP00396,USR0156,1,0,0,0,0,0,0,Senior Manager,0,1,1,Low,2025-07,0,Missing Vendor
TX0006941,2026-03-04,A043,Procurement,V0219,Credit Note,2166.57,Cheque,GBP,Approved,2026-03-05,INV00006941,,USR0004,0,1,0,0,0,0,0,Senior Manager,1,2,1,Medium,2026-03,0,Missing Approval
TX0006950,2025-12-03,A058,Finance,V0075,Invoice,3259.31,Cheque,GBP,Approved,2025-12-08,INV00006950,,USR0050,0,1,0,0,0,0,0,Senior Manager,1,2,1,Medium,2025-12,0,Missing Approval
TX0006995,2025-08-12,A014,Procurement,V0403,Payment,6770.1,Direct Debit,USD,Approved,2025-08-18,INV00006995,,USR0070,0,1,0,0,0,0,0,Senior Manager,1,2,1,Medium,2025-08,1,Missing Approval
TX0007095,2026-03-31,A065,Sales,V0308,Payment,7402.61,Cheque,EUR,Approved,2025-08-04,INV00007095,EMP00239,USR0142,0,0,0,0,1,0,1,Senior Manager,0,1,1,Low,2026-03,1,Invalid Posting Date
TX0007113,2025-04-04,A005,Finance,V0265,Credit Note,894.6,Direct Debit,GBP,Approved,2025-04-09,INV00007113,,USR0188,0,1,0,0,0,0,0,Department Manager,0,1,1,Low,2025-04,0,No Exception
TX0007120,2026-03-04,A047,IT,V0447,Invoice,1429.6,Bank Transfer,USD,Pending,2026-03-09,INV00007120,,USR0087,0,1,0,0,0,0,0,Senior Manager,1,2,1,Medium,2026-03,0,Missing Approval
TX0007130,2026-02-01,A037,IT,V0073,Invoice,1123.46,Direct Debit,USD,Rejected,2026-02-01,INV00007130,EMP00162,USR0069,0,0,0,0,0,1,0,Senior Manager,0,1,1,Low,2026-02,0,Duplicate Invoice
TX0007145,2026-01-17,A027,Finance,V0218,Invoice,2924.84,Bank Transfer,GBP,Approved,2026-01-22,INV00007145,EMP00180,USR0140,0,0,0,0,0,1,0,Senior Manager,0,1,1,Low,2026-01,0,Duplicate Invoice
TX0007162,2025-12-02,A013,HR,V0341,Invoice,4136.88,Card,GBP,Approved,2025-12-07,INV00000227,EMP00406,USR0021,0,0,0,0,0,1,0,Senior Manager,0,1,1,Low,2025-12,0,Duplicate Invoice
TX0007216,2026-03-28,A045,Procurement,V0107,Journal Entry,261.29,Direct Debit,GBP,Approved,2025-12-02,INV00007216,EMP00014,USR0030,0,0,0,0,1,0,1,Department Manager,0,1,1,Low,2026-03,0,Invalid Posting Date
TX0007226,2026-03-28,A056,Marketing,V0052,Expense,3844.99,Direct Debit,EUR,Approved,2025-08-18,INV00007226,EMP00054,USR0144,0,0,0,0,1,0,1,Senior Manager,0,1,1,Low,2026-03,0,Invalid Posting Date
TX0007233,2026-01-21,A076,Finance,V0418,Journal Entry,1391.96,Cheque,EUR,Rejected,2026-01-24,INV00075499,EMP00239,USR0145,0,0,0,0,0,1,0,Senior Manager,0,1,1,Low,2026-01,0,Duplicate Invoice
TX0007236,2025-05-12,A017,Finance,V0485,Payment,3116.98,Direct Debit,GBP,Rejected,2025-05-14,INV00007236,,USR0193,0,1,0,0,0,0,0,Senior Manager,1,2,1,Medium,2025-05,0,Missing Approval
TX0007303,2025-07-17,A036,Operations,V0181,Expense,-446.64,Cheque,GBP,Pending,2025-07-21,INV00007303,EMP00437,USR0175,0,0,0,1,0,0,0,Department Manager,0,1,1,Low,2025-07,0,Invalid Amount
TX0007306,2025-11-07,A054,Procurement,V0205,Invoice,2798.1,Card,GBP,Approved,2025-11-10,INV00020335,EMP00062,USR0095,0,0,0,0,0,1,0,Senior Manager,0,1,1,Low,2025-11,0,Duplicate Invoice
TX0007316,2025-06-07,A031,Finance,V0102,Expense,174.96,Card,USD,Pending,2025-06-09,INV00007316,EMP00358,USR0198,0,0,0,0,0,1,0,Department Manager,0,1,1,Low,2025-06,0,Duplicate Invoice
TX0007323,2026-03-28,A007,Procurement,V0350,Journal Entry,541.96,Card,GBP,Approved,2025-07-01,INV00007323,EMP00411,USR0151,0,0,0,0,1,0,1,Department Manager,0,1,1,Low,2026-03,0,Invalid Posting Date
TX0007368,2026-03-02,A046,Procurement,,Invoice,1589.16,Cheque,GBP,Pending,2026-03-05,INV00007368,EMP00300,USR0015,1,0,0,0,0,0,0,Senior Manager,0,1,1,Low,2026-03,0,Missing Vendor
TX0007419,2025-05-18,A031,Operations,V0246,Credit Note,2366.19,Card,EUR,Pending,2025-05-23,INV00007419,,USR0190,0,1,0,0,0,0,0,Senior Manager,1,2,1,Medium,2025-05,0,Missing Approval
TX0007436,2026-02-05,A003,IT,V0424,Invoice,2160.55,Cheque,GBP,Pending,2026-02-12,INV00012561,EMP00303,USR0137,0,0,0,0,0,1,0,Senior Manager,0,1,1,Low,2026-02,0,Duplicate Invoice
TX0007447,2025-09-03,A019,Operations,V0167,Invoice,3194.22,Bank Transfer,GBP,Rejected,2025-09-04,INV00007447,,USR0128,0,1,0,0,0,0,0,Senior Manager,1,2,1,Medium,2025-09,0,Missing Approval
TX0007460,2026-03-31,A067,Procurement,V0337,Invoice,1869.29,Cheque,GBP,Pending,2026-01-25,INV00007460,EMP00140,USR0174,0,0,0,0,1,0,1,Senior Manager,0,1,1,Low,2026-03,0,Invalid Posting Date
TX0007485,2026-03-27,A036,Finance,V0416,Journal Entry,1474.37,Bank Transfer,GBP,Approved,2025-12-24,INV00007485,EMP00009,USR0104,0,0,0,0,1,0,1,Senior Manager,0,1,1,Low,2026-03,0,Invalid Posting Date
TX0007508,2026-03-29,A078,IT,V0166,Invoice,321.63,Direct Debit,USD,Approved,2025-12-25,INV00007508,EMP00491,USR0164,0,0,0,0,1,0,1,Department Manager,0,1,1,Low,2026-03,0,Invalid Posting Date
TX0007568,2025-12-02,,IT,V0307,Invoice,1602.57,Cheque,EUR,Rejected,2025-12-02,INV00007568,EMP00387,USR0129,0,0,1,0,0,0,0,Senior Manager,0,1,1,Low,2025-12,0,Missing Account
TX0007601,2025-12-27,A074,Procurement,,Invoice,2603.05,Bank Transfer,USD,Approved,2025-12-31,INV00007601,EMP00378,USR0013,1,0,0,0,0,0,1,Senior Manager,0,1,1,Low,2025-12,0,Missing Vendor
TX0007610,2025-10-30,A078,Operations,V0216,Credit Note,1096.82,Bank Transfer,USD,Approved,2025-10-30,INV00007610,,USR0089,0,1,0,0,0,0,1,Senior Manager,1,2,1,Medium,2025-10,0,Missing Approval
TX0007649,2026-03-27,A036,Operations,V0314,Expense,782.63,Direct Debit,GBP,Pending,2025-09-18,INV00007649,EMP00231,USR0045,0,0,0,0,1,0,1,Department Manager,0,1,1,Low,2026-03,0,Invalid Posting Date
TX0007655,2025-08-13,A038,IT,V0103,Invoice,11748.99,Card,EUR,Rejected,2025-08-14,INV00007655,,USR0175,0,1,0,0,0,0,0,Finance Director,1,2,1,Medium,2025-08,1,Missing Approval
TX0007678,2025-10-15,A049,Procurement,V0228,Credit Note,321.11,Cheque,USD,Rejected,2025-10-15,INV00007678,EMP00234,USR0150,0,0,0,0,0,1,0,Department Manager,0,1,1,Low,2025-10,0,Duplicate Invoice
TX0007688,2025-04-03,A014,Operations,V0239,Invoice,2228.24,Direct Debit,USD,Pending,2025-04-05,INV00019448,EMP00100,USR0024,0,0,0,0,0,1,0,Senior Manager,0,1,1,Low,2025-04,0,Duplicate Invoice
TX0007734,2025-11-18,A053,IT,V0275,Invoice,503.42,Direct Debit,EUR,Rejected,2025-11-15,INV00007734,EMP00469,USR0028,0,0,0,0,1,0,0,Department Manager,0,1,1,Low,2025-11,0,Invalid Posting Date
TX0007749,2025-11-13,A015,IT,V0048,Expense,571.81,Card,GBP,Rejected,2025-11-20,INV00007749,EMP00431,USR0143,0,0,0,0,0,1,0,Department Manager,0,1,1,Low,2025-11,0,Duplicate Invoice
TX0007783,2026-03-27,A056,Operations,V0363,Expense,168.1,Card,GBP,Approved,2025-11-28,INV00007783,EMP00120,USR0101,0,0,0,0,1,0,1,Department Manager,0,1,1,Low,2026-03,0,Invalid Posting Date
TX0007790,2025-10-16,A036,Finance,V0014,Invoice,1033.81,Bank Transfer,GBP,Approved,2025-10-18,INV00059976,EMP00293,USR0030,0,0,0,0,0,1,0,Senior Manager,0,1,1,Low,2025-10,0,Duplicate Invoice
TX0007817,2026-01-18,A012,IT,V0367,Invoice,161.76,Bank Transfer,GBP,Approved,2026-01-21,INV00092732,EMP00061,USR0029,0,0,0,0,0,1,0,Department Manager,0,1,1,Low,2026-01,0,Duplicate Invoice
TX0007842,2025-11-17,A017,HR,V0412,Journal Entry,451.59,Bank Transfer,GBP,Approved,2025-11-19,INV00007842,EMP00377,USR0144,0,0,0,0,0,1,0,Department Manager,0,1,1,Low,2025-11,0,Duplicate Invoice
TX0007859,2025-09-01,A041,Finance,V0053,Credit Note,352.26,Direct Debit,EUR,Pending,2025-09-05,INV00007859,EMP00115,USR0189,0,0,0,0,0,1,0,Department Manager,0,1,1,Low,2025-09,0,Duplicate Invoice
TX0007891,2025-09-06,A073,Marketing,V0499,Credit Note,407.26,Direct Debit,USD,Approved,2025-09-02,INV00007891,EMP00248,USR0006,0,0,0,0,1,0,0,Department Manager,0,1,1,Low,2025-09,0,Invalid Posting Date
TX0007896,2025-10-08,A014,Operations,V0359,Payment,185.58,Card,GBP,Pending,2025-10-14,INV00007896,EMP00076,USR0064,0,0,0,0,0,1,0,Department Manager,0,1,1,Low,2025-10,0,Duplicate Invoice
TX0007903,2026-03-31,A036,Sales,V0177,Invoice,929.38,Card,GBP,Approved,2025-10-09,INV00007903,EMP00009,USR0088,0,0,0,0,1,0,1,Department Manager,0,1,1,Low,2026-03,0,Invalid Posting Date
TX0007995,2025-05-12,A038,Sales,V0108,Invoice,367.57,Card,EUR,Pending,2025-05-08,INV00007995,EMP00458,USR0148,0,0,0,0,1,0,0,Department Manager,0,1,1,Low,2025-05,0,Invalid Posting Date
TX0008013,2026-02-08,A006,Finance,V0202,Invoice,3059.32,Card,GBP,Approved,2026-02-05,INV00008013,EMP00171,USR0059,0,0,0,0,1,0,0,Senior Manager,0,1,1,Low,2026-02,0,Invalid Posting Date
TX0008019,2025-06-26,A034,Marketing,V0159,Expense,4381.3,Cheque,GBP,Approved,2025-06-29,INV00008019,EMP00085,USR0075,0,0,0,0,0,1,0,Senior Manager,0,1,1,Low,2025-06,0,Duplicate Invoice
TX0008029,2025-12-07,A048,Sales,V0411,Payment,13480.58,Cheque,GBP,Approved,2025-12-07,INV00008029,EMP00258,USR0041,0,0,0,0,0,1,0,Finance Director,0,1,1,Medium,2025-12,1,Duplicate Invoice
TX0008047,2026-03-30,A076,Finance,V0411,Invoice,1410.97,Card,EUR,Pending,2025-11-30,INV00008047,EMP00223,USR0183,0,0,0,0,1,0,1,Senior Manager,0,1,1,Low,2026-03,0,Invalid Posting Date
TX0008071,2026-03-31,A032,Procurement,V0223,Invoice,4338.81,Direct Debit,GBP,Pending,2025-09-09,INV00008071,EMP00327,USR0102,0,0,0,0,1,0,1,Senior Manager,0,1,1,Low,2026-03,0,Invalid Posting Date
TX0008094,2025-06-22,A005,Marketing,V0144,Invoice,2425.41,Cheque,USD,Approved,2025-06-26,INV00008094,EMP00229,USR0046,0,0,0,0,0,1,0,Senior Manager,0,1,1,Low,2025-06,0,Duplicate Invoice
TX0008132,2025-04-02,A047,Procurement,V0206,Invoice,2254.24,Bank Transfer,GBP,Rejected,2025-04-02,INV00087895,EMP00278,USR0102,0,0,0,0,0,1,0,Senior Manager,0,1,1,Low,2025-04,0,Duplicate Invoice
TX0008138,2026-03-31,A015,Sales,V0030,Invoice,965.43,Bank Transfer,EUR,Rejected,2025-07-08,INV00008138,EMP00303,USR0085,0,0,0,0,1,0,1,Department Manager,0,1,1,Low,2026-03,0,Invalid Posting Date
TX0008172,2025-07-29,A072,Procurement,V0328,Payment,1124.04,Bank Transfer,GBP,Approved,2025-08-02,INV00000150,EMP00093,USR0182,0,0,0,0,0,1,1,Senior Manager,0,1,1,Low,2025-07,0,Duplicate Invoice
TX0008182,2026-03-29,A015,Procurement,V0016,Invoice,1146.49,Direct Debit,USD,Pending,2025-10-30,INV00008182,EMP00102,USR0122,0,0,0,0,1,0,1,Senior Manager,0,1,1,Low,2026-03,0,Invalid Posting Date
TX0008229,2026-01-25,A018,Sales,V0218,Invoice,-6307.02,Bank Transfer,GBP,Approved,2026-01-30,INV00008229,EMP00208,USR0039,0,0,0,1,0,0,0,Senior Manager,0,1,1,Low,2026-01,0,Invalid Amount
TX0008236,2025-06-03,A062,Procurement,V0247,Journal Entry,223.5,Cheque,GBP,Approved,2025-06-04,INV00008236,,USR0075,0,1,0,0,0,0,0,Department Manager,0,1,1,Low,2025-06,0,No Exception
TX0008258,2025-04-26,A060,Procurement,V0447,Invoice,100.69,Cheque,EUR,Approved,2025-04-26,INV00008258,EMP00333,USR0099,0,0,0,0,0,1,0,Department Manager,0,1,1,Low,2025-04,0,Duplicate Invoice
TX0008271,2026-03-20,A052,Procurement,V0149,Invoice,900.86,Bank Transfer,GBP,Approved,2026-03-22,INV00006176,EMP00072,USR0052,0,0,0,0,0,1,0,Department Manager,0,1,1,Low,2026-03,0,Duplicate Invoice
TX0008272,2025-08-24,A047,Sales,V0013,Invoice,635.4,Direct Debit,GBP,Approved,2025-08-22,INV00008272,EMP00022,USR0070,0,0,0,0,1,0,0,Department Manager,0,1,1,Low,2025-08,0,Invalid Posting Date
TX0008286,2026-02-07,A050,Operations,V0333,Credit Note,775.87,Direct Debit,USD,Approved,2026-02-14,INV00008286,EMP00274,USR0058,0,0,0,0,0,1,0,Department Manager,0,1,1,Low,2026-02,0,Duplicate Invoice
TX0008312,2025-08-13,A051,IT,V0044,Invoice,338.57,Direct Debit,EUR,Approved,2025-08-19,INV00008312,,USR0088,0,1,0,0,0,1,0,Department Manager,0,2,1,Medium,2025-08,0,Duplicate Invoice
TX0008314,2026-03-18,A044,Sales,V0441,Invoice,2250.36,Bank Transfer,GBP,Approved,2026-03-17,INV00008314,EMP00217,USR0176,0,0,0,0,1,0,0,Senior Manager,0,1,1,Low,2026-03,0,Invalid Posting Date
TX0008322,2026-03-30,A022,Marketing,V0227,Invoice,9548.86,Direct Debit,GBP,Approved,2025-08-17,INV00008322,EMP00051,USR0011,0,0,0,0,1,0,1,Senior Manager,0,1,1,Low,2026-03,1,Invalid Posting Date
TX0008328,2026-03-19,A012,Finance,V0463,Expense,7287.84,Cheque,EUR,Approved,2026-03-17,INV00008328,EMP00323,USR0038,0,0,0,0,1,0,0,Senior Manager,0,1,1,Low,2026-03,1,Invalid Posting Date
TX0008332,2026-03-28,A076,Procurement,V0240,Invoice,1276.19,Direct Debit,GBP,Pending,2025-07-29,INV00008332,EMP00115,USR0088,0,0,0,0,1,0,1,Senior Manager,0,1,1,Low,2026-03,0,Invalid Posting Date
TX0008453,2025-04-17,A056,HR,V0117,Invoice,1492.09,Card,USD,Pending,2025-04-17,INV00008453,EMP00027,USR0012,0,0,0,0,0,1,0,Senior Manager,0,1,1,Low,2025-04,0,Duplicate Invoice
TX0008454,2025-08-05,A057,Marketing,V0281,Invoice,4564.76,Direct Debit,USD,Approved,2025-08-03,INV00008454,EMP00206,USR0017,0,0,0,0,1,0,0,Senior Manager,0,1,1,Low,2025-08,0,Invalid Posting Date
TX0008465,2025-06-08,,Operations,V0205,Expense,1428.53,Card,GBP,Rejected,2025-06-08,INV00008465,EMP00354,USR0187,0,0,1,0,0,0,0,Senior Manager,0,1,1,Low,2025-06,0,Missing Account
TX0008467,2025-12-23,A004,Operations,,Credit Note,22937.22,Bank Transfer,GBP,Approved,2025-12-27,INV00008467,EMP00384,USR0175,1,0,0,0,0,0,0,Finance Director,0,1,1,Medium,2025-12,1,Missing Vendor
TX0008510,2026-03-27,A016,Marketing,V0143,Invoice,1205.61,Direct Debit,EUR,Approved,2026-01-16,INV00008510,EMP00485,USR0163,0,0,0,0,1,0,1,Senior Manager,0,1,1,Low,2026-03,0,Invalid Posting Date
TX0008517,2025-10-02,A035,IT,,Invoice,403.51,Bank Transfer,USD,Approved,2025-10-07,INV00008517,EMP00028,USR0074,1,0,0,0,0,0,0,Department Manager,0,1,1,Low,2025-10,0,Missing Vendor
TX0008526,2025-10-29,A049,HR,V0252,Expense,1689.51,Bank Transfer,USD,Pending,2025-11-05,INV00008526,EMP00179,USR0194,0,0,0,0,0,1,1,Senior Manager,0,1,1,Low,2025-10,0,Duplicate Invoice
TX0008559,2025-11-13,A006,Procurement,,Invoice,4599.57,Cheque,GBP,Approved,2025-11-14,INV00008559,EMP00286,USR0044,1,0,0,0,0,0,0,Senior Manager,0,1,1,Low,2025-11,0,Missing Vendor
TX0008570,2025-10-03,A074,Sales,V0256,Payment,1275.43,Bank Transfer,GBP,Approved,2025-10-03,INV00008570,EMP00103,USR0105,0,0,0,0,0,1,0,Senior Manager,0,1,1,Low,2025-10,0,Duplicate Invoice
TX0008585,2026-03-30,A030,Sales,V0111,Invoice,667.19,Direct Debit,GBP,Approved,2025-04-17,INV00008585,EMP00140,USR0075,0,0,0,0,1,0,1,Department Manager,0,1,1,Low,2026-03,0,Invalid Posting Date
TX0008606,2026-03-28,A003,IT,V0166,Invoice,3178.8,Cheque,GBP,Rejected,2025-11-20,INV00008606,EMP00419,USR0075,0,0,0,0,1,0,1,Senior Manager,0,1,1,Low,2026-03,0,Invalid Posting Date
TX0008622,2025-07-01,A062,Sales,V0403,Invoice,1721.52,Cheque,USD,Pending,2025-07-01,INV00008622,,USR0110,0,1,0,0,0,0,0,Senior Manager,1,2,1,Medium,2025-07,0,Missing Approval
TX0008653,2025-10-04,A030,HR,V0394,Invoice,3768.46,Cheque,EUR,Approved,2025-10-04,INV00008653,,USR0180,0,1,0,0,0,0,0,Senior Manager,1,2,1,Medium,2025-10,0,Missing Approval
TX0008699,2025-07-27,A004,HR,V0197,Invoice,1474.52,Direct Debit,EUR,Pending,2025-07-30,INV00008699,,USR0195,0,1,0,0,0,0,1,Senior Manager,1,2,1,Medium,2025-07,0,Missing Approval
TX0008776,2025-09-10,A020,Sales,V0423,Payment,635.7,Cheque,GBP,Pending,2025-09-12,INV00008776,,USR0031,0,1,0,0,0,0,0,Department Manager,0,1,1,Low,2025-09,0,No Exception
TX0008787,2025-07-27,A052,Operations,V0086,Journal Entry,1176.68,Direct Debit,USD,Approved,2025-08-01,INV00008787,EMP00365,USR0193,0,0,0,0,0,1,1,Senior Manager,0,1,1,Low,2025-07,0,Duplicate Invoice
TX0008867,2025-07-16,A059,Operations,V0154,Invoice,261.83,Direct Debit,GBP,Approved,2025-07-16,INV00008867,EMP00048,USR0169,0,0,0,0,0,1,0,Department Manager,0,1,1,Low,2025-07,0,Duplicate Invoice
TX0008888,2026-03-30,A067,Sales,V0370,Invoice,2062.31,Direct Debit,USD,Pending,2025-07-20,INV00008888,EMP00070,USR0174,0,0,0,0,1,0,1,Senior Manager,0,1,1,Low,2026-03,0,Invalid Posting Date
TX0008893,2026-01-14,A050,Operations,V0388,Payment,213.29,Card,USD,Approved,2026-01-16,INV00008893,,USR0119,0,1,0,0,0,0,0,Department Manager,0,1,1,Low,2026-01,0,No Exception
TX0008908,2025-11-28,A027,Finance,V0241,Payment,272.42,Card,GBP,Rejected,2025-12-02,INV00008908,,USR0093,0,1,0,0,0,0,1,Department Manager,0,1,1,Low,2025-11,0,No Exception
TX0008949,2025-07-24,A062,IT,V0268,Invoice,830.98,Direct Debit,USD,Approved,2025-07-27,INV00056545,EMP00190,USR0102,0,0,0,0,0,1,0,Department Manager,0,1,1,Low,2025-07,0,Duplicate Invoice
TX0008970,2025-10-23,A018,HR,V0380,Invoice,2128.42,Card,GBP,Rejected,2025-10-30,INV00008970,,USR0057,0,1,0,0,0,0,0,Senior Manager,1,2,1,Medium,2025-10,0,Missing Approval
TX0008978,2026-03-31,A041,Sales,V0305,Invoice,610.02,Bank Transfer,GBP,Pending,2026-01-21,INV00008978,EMP00210,USR0105,0,0,0,0,1,0,1,Department Manager,0,1,1,Low,2026-03,0,Invalid Posting Date
TX0009028,2026-03-28,A065,Sales,V0305,Payment,4201.64,Cheque,GBP,Approved,2026-03-17,INV00009028,EMP00165,USR0049,0,0,0,0,1,0,1,Senior Manager,0,1,1,Low,2026-03,0,Invalid Posting Date
TX0009029,2025-08-31,A076,HR,V0428,Journal Entry,1863.32,Card,GBP,Approved,2025-09-04,INV00086885,EMP00221,USR0171,0,0,0,0,0,1,1,Senior Manager,0,1,1,Low,2025-08,0,Duplicate Invoice
TX0009094,2025-11-16,A010,Finance,V0370,Expense,98.53,Cheque,GBP,Rejected,2025-11-21,INV00009094,EMP00173,USR0179,0,0,0,0,0,1,0,Department Manager,0,1,1,Low,2025-11,0,Duplicate Invoice
TX0009099,2026-03-27,A056,IT,V0023,Payment,3683.33,Bank Transfer,GBP,Approved,2025-08-24,INV00009099,EMP00194,USR0188,0,0,0,0,1,0,1,Senior Manager,0,1,1,Low,2026-03,0,Invalid Posting Date
TX0009108,2025-07-01,A022,IT,V0363,Invoice,1141.32,Direct Debit,USD,Approved,2025-06-28,INV00009108,EMP00272,USR0017,0,0,0,0,1,0,0,Senior Manager,0,1,1,Low,2025-07,0,Invalid Posting Date
TX0009143,2026-03-31,A067,Operations,V0288,Credit Note,2305.86,Direct Debit,GBP,Rejected,2025-08-14,INV00009143,EMP00363,USR0004,0,0,0,0,1,0,1,Senior Manager,0,1,1,Low,2026-03,0,Invalid Posting Date
TX0009162,2025-09-07,A011,Marketing,V0341,Invoice,182.2,Bank Transfer,GBP,Approved,2025-09-12,INV00009162,EMP00325,USR0196,0,0,0,0,0,1,0,Department Manager,0,1,1,Low,2025-09,0,Duplicate Invoice
TX0009163,2025-12-23,A067,Procurement,V0258,Invoice,2212.25,Cheque,GBP,Pending,2025-12-29,INV00009163,EMP00340,USR0066,0,0,0,0,0,1,0,Senior Manager,0,1,1,Low,2025-12,0,Duplicate Invoice
TX0009201,2025-04-24,A071,Finance,V0484,Journal Entry,-675.86,Bank Transfer,GBP,Rejected,2025-04-28,INV00009201,EMP00074,USR0119,0,0,0,1,0,0,0,Department Manager,0,1,1,Low,2025-04,0,Invalid Amount
TX0009280,2025-07-01,A003,Procurement,V0381,Credit Note,-1052.48,Cheque,GBP,Pending,2025-07-07,INV00009280,EMP00260,USR0131,0,0,0,1,0,0,0,Senior Manager,0,1,1,Low,2025-07,0,Invalid Amount
TX0009294,2025-04-02,A024,Sales,,Invoice,795.2,Direct Debit,USD,Pending,2025-04-04,INV00009294,EMP00027,USR0106,1,0,0,0,0,0,0,Department Manager,0,1,1,Low,2025-04,0,Missing Vendor
TX0009297,2025-09-11,,Finance,V0126,Invoice,4244.6,Card,GBP,Rejected,2025-09-15,INV00009297,EMP00473,USR0077,0,0,1,0,0,0,0,Senior Manager,0,1,1,Low,2025-09,0,Missing Account
TX0009331,2025-08-19,A002,HR,V0120,Journal Entry,388.05,Cheque,EUR,Approved,2025-08-19,INV00014532,EMP00398,USR0200,0,0,0,0,0,1,0,Department Manager,0,1,1,Low,2025-08,0,Duplicate Invoice
TX0009424,2025-07-01,A032,Operations,V0066,Expense,1590.19,Direct Debit,GBP,Pending,2025-07-08,INV00009424,EMP00128,USR0075,0,0,0,0,0,1,0,Senior Manager,0,1,1,Low,2025-07,0,Duplicate Invoice
TX0009445,2025-10-30,,Finance,V0450,Payment,3873.51,Bank Transfer,GBP,Pending,2025-11-02,INV00009445,EMP00066,USR0021,0,0,1,0,0,0,1,Senior Manager,0,1,1,Low,2025-10,0,Missing Account
TX0009454,2026-03-30,A014,Operations,V0488,Invoice,1329.83,Bank Transfer,EUR,Approved,2026-01-13,INV00009454,EMP00308,USR0127,0,0,0,0,1,0,1,Senior Manager,0,1,1,Low,2026-03,0,Invalid Posting Date
TX0009458,2026-03-27,A069,HR,V0061,Invoice,656.63,Direct Debit,EUR,Approved,2026-01-24,INV00009458,EMP00190,USR0159,0,0,0,0,1,0,1,Department Manager,0,1,1,Low,2026-03,0,Invalid Posting Date
TX0009472,2026-03-28,A003,Operations,V0412,Invoice,1277.92,Direct Debit,USD,Rejected,2025-06-19,INV00009472,EMP00118,USR0068,0,0,0,0,1,0,1,Senior Manager,0,1,1,Low,2026-03,0,Invalid Posting Date
TX0009513,2025-08-24,A008,Finance,,Invoice,917.29,Bank Transfer,GBP,Approved,2025-08-31,INV00009513,EMP00064,USR0140,1,0,0,0,0,0,0,Department Manager,0,1,1,Low,2025-08,0,Missing Vendor
TX0009533,2025-10-31,A017,Sales,,Invoice,1079.34,Bank Transfer,EUR,Approved,2025-10-31,INV00009533,EMP00258,USR0060,1,0,0,0,0,0,1,Senior Manager,0,1,1,Low,2025-10,0,Missing Vendor
TX0009537,2025-06-05,A041,Marketing,V0194,Expense,1503.98,Direct Debit,GBP,Pending,2025-06-10,INV00009537,,USR0197,0,1,0,0,0,0,0,Senior Manager,1,2,1,Medium,2025-06,0,Missing Approval
TX0009542,2026-03-30,A016,Finance,V0251,Expense,1099.62,Card,GBP,Approved,2025-06-21,INV00009542,EMP00148,USR0184,0,0,0,0,1,0,1,Senior Manager,0,1,1,Low,2026-03,0,Invalid Posting Date
TX0009551,2026-03-10,A008,Finance,V0154,Credit Note,12742.98,Direct Debit,USD,Approved,2026-03-13,INV00009551,,USR0069,0,1,0,0,0,0,0,Finance Director,1,2,1,Medium,2026-03,1,Missing Approval
TX0009580,2026-03-27,A014,Sales,V0122,Invoice,1032.48,Direct Debit,EUR,Approved,2026-01-30,INV00009580,EMP00284,USR0114,0,0,0,0,1,0,1,Senior Manager,0,1,1,Low,2026-03,0,Invalid Posting Date
TX0009601,2025-10-25,A044,Operations,V0204,Invoice,254.87,Direct Debit,USD,Approved,2025-10-30,INV00009601,EMP00404,USR0187,0,0,0,0,0,1,0,Department Manager,0,1,1,Low,2025-10,0,Duplicate Invoice
TX0009633,2026-02-27,A044,Procurement,V0497,Invoice,1425.0,Bank Transfer,USD,Approved,2026-03-02,INV00009633,,USR0046,0,1,0,0,0,0,1,Senior Manager,1,2,1,Medium,2026-02,0,Missing Approval
TX0009649,2025-07-08,A003,Sales,V0172,Expense,1192.66,Cheque,GBP,Approved,2025-07-15,INV00009649,,USR0009,0,1,0,0,0,0,0,Senior Manager,1,2,1,Medium,2025-07,0,Missing Approval
TX0009661,2025-04-30,A038,Finance,V0162,Credit Note,399.16,Bank Transfer,EUR,Approved,2025-04-30,INV00009661,EMP00364,USR0062,0,0,0,0,0,1,1,Department Manager,0,1,1,Low,2025-04,0,Duplicate Invoice
TX0009679,2026-03-31,A035,Marketing,V0293,Invoice,446.49,Cheque,EUR,Approved,2025-08-13,INV00009679,EMP00462,USR0190,0,0,0,0,1,0,1,Department Manager,0,1,1,Low,2026-03,0,Invalid Posting Date
TX0009688,2026-01-31,A014,Sales,V0309,Payment,-2566.01,Card,EUR,Pending,2026-02-04,INV00009688,EMP00202,USR0179,0,0,0,1,0,0,1,Senior Manager,0,1,1,Low,2026-01,0,Invalid Amount
TX0009691,2025-04-08,A078,Procurement,V0178,Expense,1265.88,Cheque,GBP,Pending,2025-04-09,INV00058999,EMP00393,USR0161,0,0,0,0,0,1,0,Senior Manager,0,1,1,Low,2025-04,0,Duplicate Invoice
TX0009742,2025-05-17,A071,Operations,V0466,Invoice,4315.1,Cheque,EUR,Approved,2025-05-21,INV00009742,,USR0094,0,1,0,0,0,0,0,Senior Manager,1,2,1,Medium,2025-05,0,Missing Approval
TX0009767,2026-03-28,A056,Procurement,V0264,Payment,594.93,Bank Transfer,GBP,Approved,2025-08-18,INV00009767,EMP00017,USR0175,0,0,0,0,1,0,1,Department Manager,0,1,1,Low,2026-03,0,Invalid Posting Date
TX0009772,2025-09-10,A020,Marketing,V0004,Invoice,87.45,Direct Debit,GBP,Approved,2025-09-14,INV00046500,EMP00232,USR0143,0,0,0,0,0,1,0,Department Manager,0,1,1,Low,2025-09,0,Duplicate Invoice
TX0009779,2026-03-31,A046,Marketing,V0408,Invoice,764.65,Cheque,GBP,Approved,2025-11-25,INV00009779,EMP00069,USR0008,0,0,0,0,1,0,1,Department Manager,0,1,1,Low,2026-03,0,Invalid Posting Date
TX0009788,2025-10-27,A047,Marketing,V0336,Journal Entry,870.31,Cheque,GBP,Approved,2025-11-01,INV00051478,EMP00162,USR0046,0,0,0,0,0,1,1,Department Manager,0,1,1,Low,2025-10,0,Duplicate Invoice
TX0009801,2026-03-27,A010,Finance,V0137,Invoice,1362.07,Bank Transfer,GBP,Approved,2025-04-16,INV00009801,EMP00115,USR0111,0,0,0,0,1,0,1,Senior Manager,0,1,1,Low,2026-03,0,Invalid Posting Date
TX0009812,2025-08-14,A080,Finance,V0264,Journal Entry,624.96,Direct Debit,USD,Rejected,2025-08-18,INV00009812,,USR0080,0,1,0,0,0,0,0,Department Manager,0,1,1,Low,2025-08,0,No Exception
TX0009817,2025-05-17,A004,Marketing,V0414,Invoice,1203.32,Bank Transfer,EUR,Approved,2025-05-17,INV00009817,,USR0104,0,1,0,0,0,0,0,Senior Manager,1,2,1,Medium,2025-05,0,Missing Approval
TX0009840,2026-03-30,A003,Finance,V0280,Invoice,237066.21,Cheque,GBP,Approved,2025-06-30,INV00009840,EMP00100,USR0121,0,0,0,0,1,0,1,Finance Director,0,1,1,High,2026-03,1,Invalid Posting Date
TX0009882,2026-01-11,A055,Operations,V0023,Invoice,-637.81,Bank Transfer,USD,Approved,2026-01-16,INV00009882,EMP00015,USR0073,0,0,0,1,0,0,0,Department Manager,0,1,1,Low,2026-01,0,Invalid Amount
TX0009888,2026-01-04,A064,Sales,V0383,Invoice,3127.91,Bank Transfer,GBP,Rejected,2026-01-04,INV00009888,EMP00480,USR0100,0,0,0,0,0,1,0,Senior Manager,0,1,1,Low,2026-01,0,Duplicate Invoice
TX0009889,2025-10-23,A044,HR,V0124,Invoice,2146.15,Bank Transfer,GBP,Approved,2025-10-24,INV00009889,,USR0199,0,1,0,0,0,0,0,Senior Manager,1,2,1,Medium,2025-10,0,Missing Approval
TX0009917,2025-06-12,A065,Sales,V0052,Expense,547.81,Cheque,USD,Approved,2025-06-11,INV00009917,EMP00470,USR0063,0,0,0,0,1,0,0,Department Manager,0,1,1,Low,2025-06,0,Invalid Posting Date
TX0009938,2026-01-17,A053,Marketing,V0001,Invoice,2425.16,Cheque,USD,Approved,2026-01-18,INV00009938,EMP00469,USR0048,0,0,0,0,0,1,0,Senior Manager,0,1,1,Low,2026-01,0,Duplicate Invoice
TX0009957,2025-07-20,A074,Procurement,,Invoice,659.52,Cheque,GBP,Approved,2025-07-20,INV00009957,EMP00125,USR0189,1,0,0,0,0,0,0,Department Manager,0,1,1,Low,2025-07,0,Missing Vendor
TX0009962,2026-03-31,A035,Finance,V0385,Invoice,426.02,Cheque,USD,Approved,2025-08-16,INV00009962,EMP00168,USR0039,0,0,0,0,1,0,1,Department Manager,0,1,1,Low,2026-03,0,Invalid Posting Date
TX0010018,2026-03-28,A037,Operations,V0141,Invoice,96.67,Card,EUR,Approved,2025-09-30,INV00010018,EMP00385,USR0036,0,0,0,0,1,0,1,Department Manager,0,1,1,Low,2026-03,0,Invalid Posting Date
TX0010050,2026-03-21,A026,Operations,V0467,Invoice,940.19,Direct Debit,GBP,Rejected,2026-03-25,INV00010050,EMP00261,USR0172,0,0,0,0,0,1,0,Department Manager,0,1,1,Low,2026-03,0,Duplicate Invoice
TX0010189,2025-07-01,A069,Marketing,V0471,Journal Entry,1070.53,Bank Transfer,GBP,Approved,2025-07-07,INV00010189,,USR0175,0,1,0,0,0,0,0,Senior Manager,1,2,1,Medium,2025-07,0,Missing Approval
TX0010200,2026-03-29,A078,Finance,V0263,Expense,4617.9,Direct Debit,EUR,Pending,2026-03-16,INV00010200,EMP00062,USR0137,0,0,0,0,1,0,1,Senior Manager,0,1,1,Low,2026-03,0,Invalid Posting Date
TX0010232,2025-10-17,A041,HR,V0204,Journal Entry,5661.63,Bank Transfer,GBP,Pending,2025-10-23,INV00078331,EMP00311,USR0022,0,0,0,0,0,1,0,Senior Manager,0,1,1,Low,2025-10,0,Duplicate Invoice
TX0010258,2026-03-05,A049,Sales,V0125,Invoice,-811.61,Card,EUR,Rejected,2026-03-12,INV00010258,EMP00433,USR0036,0,0,0,1,0,0,0,Department Manager,0,1,1,Low,2026-03,0,Invalid Amount
TX0010259,2026-01-11,A033,Operations,V0344,Expense,263.84,Bank Transfer,GBP,Rejected,2026-01-13,INV00010259,,USR0136,0,1,0,0,0,0,0,Department Manager,0,1,1,Low,2026-01,0,No Exception
TX0010282,2026-03-27,A005,HR,V0459,Expense,127.72,Bank Transfer,EUR,Approved,2026-02-25,INV00010282,EMP00113,USR0006,0,0,0,0,1,0,1,Department Manager,0,1,1,Low,2026-03,0,Invalid Posting Date
TX0010297,2026-03-27,A053,Finance,V0331,Expense,3139.71,Direct Debit,GBP,Pending,2025-07-29,INV00010297,EMP00140,USR0181,0,0,0,0,1,0,1,Senior Manager,0,1,1,Low,2026-03,0,Invalid Posting Date
TX0010302,2026-03-29,A071,Procurement,V0044,Journal Entry,5703.75,Bank Transfer,GBP,Pending,2026-03-19,INV00010302,EMP00150,USR0068,0,0,0,0,1,0,1,Senior Manager,0,1,1,Low,2026-03,0,Invalid Posting Date
TX0010311,2025-12-05,A055,IT,V0149,Journal Entry,551.55,Card,EUR,Pending,2025-12-11,INV00010311,,USR0118,0,1,0,0,0,0,0,Department Manager,0,1,1,Low,2025-12,0,No Exception
TX0010326,2026-03-28,A005,IT,V0341,Expense,1993.87,Direct Debit,GBP,Approved,2025-09-20,INV00010326,EMP00382,USR0018,0,0,0,0,1,0,1,Senior Manager,0,1,1,Low,2026-03,0,Invalid Posting Date
TX0010327,2025-10-24,A069,HR,V0229,Invoice,1033.6,Direct Debit,GBP,Approved,2025-10-26,INV00095185,EMP00165,USR0198,0,0,0,0,0,1,0,Senior Manager,0,1,1,Low,2025-10,0,Duplicate Invoice
TX0010341,2025-05-26,,Marketing,V0307,Invoice,878.14,Direct Debit,GBP,Approved,2025-05-30,INV00010341,EMP00108,USR0157,0,0,1,0,0,0,0,Department Manager,0,1,1,Low,2025-05,0,Missing Account
TX0010377,2026-01-22,A012,Marketing,V0413,Invoice,196.94,Card,EUR,Rejected,2026-01-28,INV00010377,,USR0059,0,1,0,0,0,0,0,Department Manager,0,1,1,Low,2026-01,0,No Exception
TX0010378,2025-09-05,A002,HR,,Invoice,2837.94,Cheque,GBP,Approved,2025-09-09,INV00010378,EMP00234,USR0025,1,0,0,0,0,0,0,Senior Manager,0,1,1,Low,2025-09,0,Missing Vendor
TX0010383,2026-03-30,A037,Finance,V0389,Invoice,273.54,Direct Debit,GBP,Approved,2025-06-07,INV00010383,EMP00341,USR0177,0,0,0,0,1,0,1,Department Manager,0,1,1,Low,2026-03,0,Invalid Posting Date
TX0010385,2025-06-08,A039,Sales,V0404,Expense,295.2,Card,USD,Approved,2025-06-05,INV00010385,EMP00196,USR0119,0,0,0,0,1,0,0,Department Manager,0,1,1,Low,2025-06,0,Invalid Posting Date
TX0010502,2026-03-03,A002,IT,V0324,Invoice,21584.34,Cheque,GBP,Rejected,2026-03-10,INV00010502,EMP00250,USR0140,0,0,0,0,0,1,0,Finance Director,0,1,1,Medium,2026-03,1,Duplicate Invoice
TX0010535,2026-02-23,A017,HR,V0038,Invoice,203.88,Direct Debit,GBP,Approved,2026-03-01,INV00010535,,USR0190,0,1,0,0,0,0,0,Department Manager,0,1,1,Low,2026-02,0,No Exception
TX0010551,2025-08-23,A037,Procurement,V0376,Expense,9346.1,Direct Debit,GBP,Rejected,2025-08-26,INV00010551,EMP00279,USR0082,0,0,0,0,0,1,0,Senior Manager,0,1,1,Low,2025-08,1,Duplicate Invoice
TX0010572,2025-05-21,A067,IT,V0480,Expense,2116.63,Card,USD,Approved,2025-05-23,INV00010572,EMP00032,USR0133,0,0,0,0,0,1,0,Senior Manager,0,1,1,Low,2025-05,0,Duplicate Invoice
TX0010633,2026-03-29,A048,Operations,V0464,Payment,2206.56,Direct Debit,EUR,Approved,2025-09-09,INV00010633,EMP00458,USR0164,0,0,0,0,1,0,1,Senior Manager,0,1,1,Low,2026-03,0,Invalid Posting Date
TX0010707,2025-11-28,A026,Procurement,V0363,Expense,719.68,Cheque,GBP,Approved,2025-12-05,INV00010707,,USR0189,0,1,0,0,0,0,1,Department Manager,0,1,1,Low,2025-11,0,No Exception
TX0010773,2026-03-14,A062,Finance,V0486,Invoice,1917.92,Direct Debit,USD,Rejected,2026-03-19,INV00010773,,USR0167,0,1,0,0,0,0,0,Senior Manager,1,2,1,Medium,2026-03,0,Missing Approval
TX0010812,2025-08-24,,IT,V0469,Invoice,10887.33,Cheque,GBP,Rejected,2025-08-27,INV00010812,EMP00276,USR0133,0,0,1,0,0,0,0,Finance Director,0,1,1,Medium,2025-08,1,Missing Account
TX0010818,2026-02-28,A039,Operations,V0292,Credit Note,51294.73,Bank Transfer,EUR,Pending,2026-03-04,INV00010818,EMP00360,USR0037,0,0,0,0,0,1,1,Finance Director,0,1,1,High,2026-02,1,Duplicate Invoice
TX0010865,2026-02-27,A069,IT,,Payment,-3738.18,Bank Transfer,GBP,Approved,2026-03-05,INV00010865,EMP00141,USR0033,1,0,0,1,0,0,1,Senior Manager,0,2,1,Medium,2026-02,0,Invalid Amount
TX0010892,2025-07-04,A047,Sales,,Expense,1873.23,Card,EUR,Approved,2025-07-04,INV00010892,EMP00194,USR0072,1,0,0,0,0,0,0,Senior Manager,0,1,1,Low,2025-07,0,Missing Vendor
TX0010896,2025-04-07,A021,Procurement,V0047,Journal Entry,470.59,Card,GBP,Approved,2025-04-14,INV00010896,,USR0180,0,1,0,0,0,0,0,Department Manager,0,1,1,Low,2025-04,0,No Exception
TX0010900,2025-06-20,A030,Operations,V0038,Expense,1077.2,Card,EUR,Rejected,2025-06-20,INV00010900,EMP00301,USR0168,0,0,0,0,0,1,0,Senior Manager,0,1,1,Low,2025-06,0,Duplicate Invoice
TX0010902,2025-06-12,A064,Operations,V0092,Payment,-977.78,Card,GBP,Approved,2025-06-19,INV00010902,EMP00260,USR0037,0,0,0,1,0,0,0,Department Manager,0,1,1,Low,2025-06,0,Invalid Amount
TX0010919,2025-04-10,A073,Procurement,V0394,Invoice,4058.93,Direct Debit,USD,Approved,2025-04-15,INV00010919,,USR0163,0,1,0,0,0,0,0,Senior Manager,1,2,1,Medium,2025-04,0,Missing Approval
TX0010942,2025-12-15,A013,IT,V0149,Payment,1610.1,Cheque,GBP,Pending,2025-12-18,INV00010942,,USR0033,0,1,0,0,0,0,0,Senior Manager,1,2,1,Medium,2025-12,0,Missing Approval
TX0010967,2025-04-09,A051,IT,V0326,Expense,4393.41,Card,USD,Pending,2025-04-14,INV00010967,,USR0156,0,1,0,0,0,0,0,Senior Manager,1,2,1,Medium,2025-04,0,Missing Approval
TX0010978,2026-01-04,,Procurement,V0463,Invoice,1084.33,Card,GBP,Approved,2026-01-09,INV00010978,EMP00070,USR0164,0,0,1,0,0,0,0,Senior Manager,0,1,1,Low,2026-01,0,Missing Account
TX0010981,2025-11-04,A078,IT,V0147,Invoice,595.23,Bank Transfer,GBP,Approved,2025-11-09,INV00010981,EMP00470,USR0199,0,0,0,0,0,1,0,Department Manager,0,1,1,Low,2025-11,0,Duplicate Invoice
TX0011015,2025-04-24,A013,Operations,V0371,Invoice,5169.07,Bank Transfer,GBP,Approved,2025-04-26,INV00011015,EMP00266,USR0115,0,0,0,0,0,1,0,Senior Manager,0,1,1,Low,2025-04,0,Duplicate Invoice
TX0011041,2025-07-25,A046,Procurement,V0266,Invoice,854.3,Direct Debit,GBP,Approved,2025-07-30,INV00011041,EMP00250,USR0075,0,0,0,0,0,1,0,Department Manager,0,1,1,Low,2025-07,0,Duplicate Invoice
TX0011056,2026-03-30,A029,Finance,V0433,Credit Note,1078.76,Bank Transfer,GBP,Rejected,2025-07-01,INV00011056,EMP00254,USR0016,0,0,0,0,1,0,1,Senior Manager,0,1,1,Low,2026-03,0,Invalid Posting Date
TX0011061,2026-01-10,A074,Operations,V0052,Invoice,4091.27,Direct Debit,EUR,Rejected,2026-01-14,INV00011061,EMP00280,USR0109,0,0,0,0,0,1,0,Senior Manager,0,1,1,Low,2026-01,0,Duplicate Invoice
TX0011119,2026-03-28,A023,Finance,V0095,Expense,278.02,Direct Debit,GBP,Rejected,2026-02-15,INV00011119,EMP00037,USR0036,0,0,0,0,1,0,1,Department Manager,0,1,1,Low,2026-03,0,Invalid Posting Date
TX0011142,2026-01-25,A074,Operations,V0133,Expense,158.89,Direct Debit,GBP,Approved,2026-01-30,INV00011142,EMP00320,USR0011,0,0,0,0,0,1,0,Department Manager,0,1,1,Low,2026-01,0,Duplicate Invoice
TX0011182,2025-10-11,A077,Finance,,Invoice,633.83,Direct Debit,GBP,Pending,2025-10-15,INV00011182,EMP00496,USR0143,1,0,0,0,0,0,0,Department Manager,0,1,1,Low,2025-10,0,Missing Vendor
TX0011193,2026-03-31,A020,Finance,V0161,Expense,103.15,Card,EUR,Approved,2025-10-06,INV00011193,EMP00255,USR0003,0,0,0,0,1,0,1,Department Manager,0,1,1,Low,2026-03,0,Invalid Posting Date
TX0011196,2026-01-13,A065,Marketing,,Invoice,345.29,Card,GBP,Rejected,2026-01-13,INV00011196,EMP00229,USR0048,1,0,0,0,0,0,0,Department Manager,0,1,1,Low,2026-01,0,Missing Vendor
TX0011237,2025-09-10,A038,Marketing,,Invoice,1830.09,Cheque,GBP,Approved,2025-09-14,INV00011237,EMP00022,USR0026,1,0,0,0,0,0,0,Senior Manager,0,1,1,Low,2025-09,0,Missing Vendor
TX0011268,2026-03-29,A036,IT,V0467,Expense,14403.94,Bank Transfer,GBP,Approved,2025-12-03,INV00011268,EMP00107,USR0069,0,0,0,0,1,0,1,Finance Director,0,1,1,Medium,2026-03,1,Invalid Posting Date
TX0011272,2026-03-31,A054,Finance,V0475,Invoice,1337.82,Card,GBP,Rejected,2025-05-23,INV00011272,EMP00487,USR0191,0,0,0,0,1,0,1,Senior Manager,0,1,1,Low,2026-03,0,Invalid Posting Date
TX0011373,2025-10-29,A013,Operations,V0188,Credit Note,2559.61,Bank Transfer,GBP,Approved,2025-10-29,INV00011373,EMP00336,USR0169,0,0,0,0,0,1,1,Senior Manager,0,1,1,Low,2025-10,0,Duplicate Invoice
TX0011381,2025-12-05,A016,Procurement,,Journal Entry,1347.41,Card,GBP,Pending,2025-12-11,INV00011381,EMP00496,USR0162,1,0,0,0,0,0,0,Senior Manager,0,1,1,Low,2025-12,0,Missing Vendor
TX0011388,2026-03-28,A026,Sales,V0218,Expense,297.67,Cheque,GBP,Pending,2025-08-09,INV00011388,EMP00006,USR0189,0,0,0,0,1,0,1,Department Manager,0,1,1,Low,2026-03,0,Invalid Posting Date
TX0011392,2026-03-28,A018,Procurement,V0335,Expense,2070.92,Bank Transfer,EUR,Approved,2025-08-23,INV00011392,EMP00403,USR0015,0,0,0,0,1,0,1,Senior Manager,0,1,1,Low,2026-03,0,Invalid Posting Date
TX0011406,2025-04-29,A071,Procurement,V0426,Invoice,18958.05,Cheque,USD,Approved,2025-05-04,INV00011406,EMP00323,USR0194,0,0,0,0,0,1,1,Finance Director,0,1,1,Medium,2025-04,1,Duplicate Invoice
TX0011423,2026-03-29,A077,Operations,V0444,Invoice,432.47,Cheque,GBP,Approved,2025-04-13,INV00011423,EMP00405,USR0131,0,0,0,0,1,0,1,Department Manager,0,1,1,Low,2026-03,0,Invalid Posting Date
TX0011447,2026-02-13,A036,Marketing,V0012,Invoice,3920.33,Bank Transfer,GBP,Approved,2026-02-14,INV00011447,EMP00341,USR0144,0,0,0,0,0,1,0,Senior Manager,0,1,1,Low,2026-02,0,Duplicate Invoice
TX0011469,2025-04-16,A010,Finance,V0374,Invoice,256.13,Card,GBP,Pending,2025-04-19,INV00011469,EMP00218,USR0040,0,0,0,0,0,1,0,Department Manager,0,1,1,Low,2025-04,0,Duplicate Invoice
TX0011517,2025-10-05,A003,Operations,V0015,Invoice,2525.45,Direct Debit,EUR,Approved,2025-10-04,INV00011517,EMP00131,USR0113,0,0,0,0,1,0,0,Senior Manager,0,1,1,Low,2025-10,0,Invalid Posting Date
TX0011520,2026-02-02,A056,IT,V0197,Invoice,7127.24,Cheque,GBP,Rejected,2026-01-31,INV00011520,EMP00369,USR0177,0,0,0,0,1,0,0,Senior Manager,0,1,1,Low,2026-02,1,Invalid Posting Date
TX0011528,2026-03-30,A024,Operations,V0441,Credit Note,2883.01,Card,GBP,Rejected,2025-09-04,INV00011528,EMP00392,USR0029,0,0,0,0,1,0,1,Senior Manager,0,1,1,Low,2026-03,0,Invalid Posting Date
TX0011559,2026-02-01,A011,Finance,V0195,Expense,98.9,Cheque,GBP,Approved,2026-02-03,INV00011559,,USR0006,0,1,0,0,0,0,0,Department Manager,0,1,1,Low,2026-02,0,No Exception
TX0011590,2026-03-28,A074,Sales,V0453,Expense,123.06,Cheque,USD,Approved,2026-03-27,INV00011590,EMP00047,USR0055,0,0,0,0,1,0,1,Department Manager,0,1,1,Low,2026-03,0,Invalid Posting Date
TX0011607,2026-03-27,A070,Marketing,V0192,Credit Note,608.26,Bank Transfer,USD,Approved,2026-01-24,INV00011607,EMP00393,USR0180,0,0,0,0,1,0,1,Department Manager,0,1,1,Low,2026-03,0,Invalid Posting Date
TX0011627,2025-08-07,,Sales,V0447,Invoice,3610.98,Direct Debit,GBP,Approved,2025-08-07,INV00011627,EMP00043,USR0017,0,0,1,0,0,0,0,Senior Manager,0,1,1,Low,2025-08,0,Missing Account
TX0011645,2026-03-30,A044,IT,V0387,Expense,1718.63,Bank Transfer,GBP,Rejected,2025-08-05,INV00011645,EMP00427,USR0072,0,0,0,0,1,0,1,Senior Manager,0,1,1,Low,2026-03,0,Invalid Posting Date
TX0011646,2025-04-10,A063,HR,V0391,Payment,273.73,Direct Debit,USD,Approved,2025-04-13,INV00011646,,USR0118,0,1,0,0,0,0,0,Department Manager,0,1,1,Low,2025-04,0,No Exception
TX0011651,2026-01-31,A066,IT,V0382,Journal Entry,933.3,Cheque,GBP,Rejected,2026-01-31,INV00011651,EMP00121,USR0027,0,0,0,0,0,1,1,Department Manager,0,1,1,Low,2026-01,0,Duplicate Invoice
TX0011668,2025-11-15,A033,Operations,,Invoice,433.86,Bank Transfer,USD,Approved,2025-11-20,INV00011668,EMP00217,USR0081,1,0,0,0,0,0,0,Department Manager,0,1,1,Low,2025-11,0,Missing Vendor
TX0011670,2025-04-01,A011,Procurement,,Invoice,2924.6,Direct Debit,USD,Approved,2025-04-06,INV00011670,EMP00230,USR0018,1,0,0,0,0,0,0,Senior Manager,0,1,1,Low,2025-04,0,Missing Vendor
TX0011697,2025-05-05,A055,Procurement,V0016,Invoice,1816.11,Card,GBP,Rejected,2025-05-02,INV00011697,EMP00260,USR0120,0,0,0,0,1,0,0,Senior Manager,0,1,1,Low,2025-05,0,Invalid Posting Date
TX0011713,2025-12-09,A067,Finance,V0045,Invoice,2585.87,Cheque,EUR,Rejected,2025-12-15,INV00011713,EMP00322,USR0185,0,0,0,0,0,1,0,Senior Manager,0,1,1,Low,2025-12,0,Duplicate Invoice
TX0011772,2026-02-24,A014,Marketing,V0326,Invoice,6616.27,Direct Debit,GBP,Approved,2026-02-27,INV00015007,EMP00449,USR0103,0,0,0,0,0,1,0,Senior Manager,0,1,1,Low,2026-02,1,Duplicate Invoice
TX0011798,2026-03-28,,Procurement,V0234,Expense,827.04,Bank Transfer,GBP,Approved,2025-09-15,INV00011798,EMP00069,USR0016,0,0,1,0,1,0,1,Department Manager,0,2,1,Medium,2026-03,0,Missing Account
TX0011801,2025-06-08,,Finance,V0237,Payment,577.48,Direct Debit,GBP,Rejected,2025-06-11,INV00011801,EMP00162,USR0045,0,0,1,0,0,0,0,Department Manager,0,1,1,Low,2025-06,0,Missing Account
TX0011821,2026-03-30,A004,IT,V0039,Credit Note,1441.91,Bank Transfer,GBP,Approved,2026-01-29,INV00011821,EMP00255,USR0186,0,0,0,0,1,0,1,Senior Manager,0,1,1,Low,2026-03,0,Invalid Posting Date
TX0011848,2026-03-28,A029,Operations,V0023,Journal Entry,847.64,Cheque,USD,Rejected,2025-04-10,INV00011848,EMP00236,USR0193,0,0,0,0,1,0,1,Department Manager,0,1,1,Low,2026-03,0,Invalid Posting Date
TX0011856,2025-06-01,A002,Finance,V0484,Invoice,2052.91,Bank Transfer,GBP,Approved,2025-06-05,INV00011856,EMP00236,USR0074,0,0,0,0,0,1,0,Senior Manager,0,1,1,Low,2025-06,0,Duplicate Invoice
TX0011864,2025-12-16,A009,Sales,V0292,Expense,9511.88,Direct Debit,GBP,Approved,2025-12-22,INV00011864,EMP00017,USR0134,0,0,0,0,0,1,0,Senior Manager,0,1,1,Low,2025-12,1,Duplicate Invoice
TX0011868,2026-03-28,A049,Operations,V0231,Journal Entry,1662.32,Card,USD,Approved,2025-06-02,INV00011868,EMP00215,USR0180,0,0,0,0,1,0,1,Senior Manager,0,1,1,Low,2026-03,0,Invalid Posting Date
TX0011876,2026-03-29,A057,Marketing,V0312,Invoice,284.75,Direct Debit,GBP,Approved,2025-05-06,INV00011876,EMP00010,USR0009,0,0,0,0,1,0,1,Department Manager,0,1,1,Low,2026-03,0,Invalid Posting Date
TX0011886,2025-07-25,A033,Operations,V0063,Invoice,463.34,Bank Transfer,GBP,Approved,2025-07-24,INV00011886,EMP00188,USR0145,0,0,0,0,1,0,0,Department Manager,0,1,1,Low,2025-07,0,Invalid Posting Date
TX0011887,2026-03-29,A021,Operations,V0432,Expense,5271.53,Bank Transfer,GBP,Pending,2026-02-27,INV00011887,,USR0181,0,1,0,0,1,0,1,Senior Manager,1,3,1,High,2026-03,0,Missing Approval
TX0011892,2025-08-06,A012,HR,,Expense,217.65,Cheque,GBP,Approved,2025-08-11,INV00011892,EMP00126,USR0148,1,0,0,0,0,0,0,Department Manager,0,1,1,Low,2025-08,0,Missing Vendor
TX0011894,2025-11-21,A067,HR,V0002,Invoice,3934.77,Card,GBP,Approved,2025-11-21,INV00059035,EMP00445,USR0157,0,0,0,0,0,1,0,Senior Manager,0,1,1,Low,2025-11,0,Duplicate Invoice
TX0011896,2025-09-28,A069,HR,V0269,Payment,1582.23,Bank Transfer,GBP,Rejected,2025-09-30,INV00011896,EMP00432,USR0190,0,0,0,0,0,1,1,Senior Manager,0,1,1,Low,2025-09,0,Duplicate Invoice
TX0011908,2026-03-14,A040,Finance,V0397,Invoice,1729.47,Direct Debit,EUR,Approved,2026-03-18,INV00011908,,USR0001,0,1,0,0,0,0,0,Senior Manager,1,2,1,Medium,2026-03,0,Missing Approval
TX0011923,2025-08-17,A035,Procurement,V0230,Journal Entry,167.96,Cheque,GBP,Rejected,2025-08-21,INV00011923,,USR0033,0,1,0,0,0,0,0,Department Manager,0,1,1,Low,2025-08,0,No Exception
TX0011931,2026-03-09,A080,IT,V0045,Invoice,422.57,Cheque,EUR,Pending,2026-03-15,INV00011931,EMP00485,USR0115,0,0,0,0,0,1,0,Department Manager,0,1,1,Low,2026-03,0,Duplicate Invoice
TX0011936,2025-04-22,A050,HR,V0032,Invoice,289.43,Card,USD,Rejected,2025-04-29,INV00009163,EMP00114,USR0125,0,0,0,0,0,1,0,Department Manager,0,1,1,Low,2025-04,0,Duplicate Invoice
TX0011969,2025-04-18,A001,Procurement,V0170,Invoice,1126.19,Bank Transfer,GBP,Pending,2025-04-21,INV00011969,EMP00163,USR0113,0,0,0,0,0,1,0,Senior Manager,0,1,1,Low,2025-04,0,Duplicate Invoice
TX0012024,2025-11-20,A069,Finance,V0252,Invoice,121.25,Card,GBP,Approved,2025-11-27,INV00080128,EMP00230,USR0021,0,0,0,0,0,1,0,Department Manager,0,1,1,Low,2025-11,0,Duplicate Invoice
TX0012026,2025-05-14,A045,Operations,V0312,Payment,595.94,Direct Debit,GBP,Approved,2025-05-18,INV00046369,EMP00312,USR0164,0,0,0,0,0,1,0,Department Manager,0,1,1,Low,2025-05,0,Duplicate Invoice
TX0012043,2025-10-02,A079,Procurement,V0192,Expense,544.18,Card,USD,Rejected,2025-10-05,INV00012043,EMP00335,USR0016,0,0,0,0,0,1,0,Department Manager,0,1,1,Low,2025-10,0,Duplicate Invoice
TX0012064,2026-03-28,A065,Finance,V0315,Invoice,39994.56,Cheque,GBP,Approved,2026-01-31,INV00012064,EMP00136,USR0003,0,0,0,0,1,0,1,Finance Director,0,1,1,Medium,2026-03,1,Invalid Posting Date
TX0012071,2025-07-02,A067,Marketing,V0407,Payment,754.03,Cheque,EUR,Pending,2025-07-02,INV00016131,EMP00298,USR0016,0,0,0,0,0,1,0,Department Manager,0,1,1,Low,2025-07,0,Duplicate Invoice
TX0012086,2026-03-23,A056,Sales,V0017,Journal Entry,583.8,Direct Debit,GBP,Approved,2026-03-23,INV00012086,EMP00342,USR0126,0,0,0,0,0,1,0,Department Manager,0,1,1,Low,2026-03,0,Duplicate Invoice
TX0012090,2026-03-31,A048,Marketing,V0031,Invoice,148.39,Direct Debit,GBP,Approved,2025-09-17,INV00012090,EMP00051,USR0051,0,0,0,0,1,0,1,Department Manager,0,1,1,Low,2026-03,0,Invalid Posting Date
TX0012099,2026-03-27,A018,HR,V0460,Credit Note,921.45,Cheque,GBP,Approved,2026-01-06,INV00012099,EMP00192,USR0111,0,0,0,0,1,0,1,Department Manager,0,1,1,Low,2026-03,0,Invalid Posting Date
TX0012143,2025-12-01,A044,Procurement,,Journal Entry,464.67,Bank Transfer,USD,Approved,2025-12-04,INV00012143,EMP00022,USR0021,1,0,0,0,0,0,0,Department Manager,0,1,1,Low,2025-12,0,Missing Vendor
TX0012170,2026-03-29,A036,Marketing,V0353,Invoice,1269.97,Card,GBP,Rejected,2026-04-04,INV00096223,EMP00007,USR0058,0,0,0,0,0,1,1,Senior Manager,0,1,1,Low,2026-03,0,Duplicate Invoice
TX0012181,2025-07-02,A018,Operations,V0241,Invoice,3241.06,Card,GBP,Approved,2025-07-09,INV00062597,EMP00054,USR0040,0,0,0,0,0,1,0,Senior Manager,0,1,1,Low,2025-07,0,Duplicate Invoice
TX0012185,2026-03-30,A042,Marketing,V0480,Expense,1018.81,Direct Debit,GBP,Approved,2026-02-18,INV00012185,EMP00440,USR0124,0,0,0,0,1,0,1,Senior Manager,0,1,1,Low,2026-03,0,Invalid Posting Date
TX0012213,2026-03-30,A072,IT,V0174,Invoice,9519.01,Bank Transfer,GBP,Approved,2025-06-24,INV00012213,EMP00020,USR0142,0,0,0,0,1,0,1,Senior Manager,0,1,1,Low,2026-03,1,Invalid Posting Date
TX0012239,2026-03-28,A061,Finance,V0440,Invoice,120.22,Card,GBP,Pending,2025-09-15,INV00012239,EMP00244,USR0199,0,0,0,0,1,0,1,Department Manager,0,1,1,Low,2026-03,0,Invalid Posting Date
TX0012251,2026-02-14,A073,Procurement,V0365,Invoice,1259.91,Card,USD,Pending,2026-02-15,INV00012251,EMP00437,USR0025,0,0,0,0,0,1,0,Senior Manager,0,1,1,Low,2026-02,0,Duplicate Invoice
TX0012254,2026-02-24,A023,Procurement,V0490,Payment,2712.5,Bank Transfer,GBP,Pending,2026-02-25,INV00076207,EMP00265,USR0129,0,0,0,0,0,1,0,Senior Manager,0,1,1,Low,2026-02,0,Duplicate Invoice
TX0012257,2025-05-17,A036,Procurement,V0218,Expense,293.57,Card,EUR,Approved,2025-05-22,INV00012257,EMP00456,USR0053,0,0,0,0,0,1,0,Department Manager,0,1,1,Low,2025-05,0,Duplicate Invoice
TX0012265,2025-08-18,A005,IT,V0100,Invoice,1465.9,Direct Debit,USD,Approved,2025-08-22,INV00012265,,USR0088,0,1,0,0,0,0,0,Senior Manager,1,2,1,Medium,2025-08,0,Missing Approval
TX0012267,2025-04-29,,Finance,V0088,Expense,225.14,Cheque,GBP,Pending,2025-04-29,INV00012267,EMP00054,USR0167,0,0,1,0,0,0,1,Department Manager,0,1,1,Low,2025-04,0,Missing Account
TX0012318,2025-07-17,A024,Sales,V0439,Invoice,898.88,Direct Debit,EUR,Pending,2025-07-24,INV00012318,,USR0158,0,1,0,0,0,0,0,Department Manager,0,1,1,Low,2025-07,0,No Exception
TX0012320,2026-03-31,A012,Procurement,V0370,Credit Note,2959.97,Direct Debit,GBP,Rejected,2025-06-19,INV00012320,EMP00390,USR0043,0,0,0,0,1,0,1,Senior Manager,0,1,1,Low,2026-03,0,Invalid Posting Date
TX0012344,2026-03-28,A051,IT,V0090,Invoice,2783.74,Bank Transfer,GBP,Pending,2025-04-27,INV00012344,EMP00479,USR0075,0,0,0,0,1,0,1,Senior Manager,0,1,1,Low,2026-03,0,Invalid Posting Date
TX0012388,2025-11-19,A060,Sales,V0104,Invoice,59.87,Direct Debit,GBP,Approved,2025-11-21,INV00012388,EMP00297,USR0011,0,0,0,0,0,1,0,Department Manager,0,1,1,Low,2025-11,0,Duplicate Invoice
TX0012394,2025-09-12,A080,HR,V0081,Payment,988.53,Bank Transfer,EUR,Pending,2025-09-15,INV00058117,EMP00495,USR0150,0,0,0,0,0,1,0,Department Manager,0,1,1,Low,2025-09,0,Duplicate Invoice
TX0012397,2026-03-01,A026,Marketing,V0345,Invoice,1587.5,Bank Transfer,GBP,Approved,2026-03-07,INV00012397,EMP00155,USR0001,0,0,0,0,0,1,0,Senior Manager,0,1,1,Low,2026-03,0,Duplicate Invoice
TX0012409,2026-03-28,A061,Finance,V0222,Invoice,841.84,Direct Debit,GBP,Approved,2026-03-28,INV00013798,EMP00274,USR0074,0,0,0,0,0,1,1,Department Manager,0,1,1,Low,2026-03,0,Duplicate Invoice
TX0012419,2025-11-11,A026,Sales,V0252,Invoice,968.92,Direct Debit,GBP,Approved,2025-11-13,INV00012419,,USR0133,0,1,0,0,0,0,0,Department Manager,0,1,1,Low,2025-11,0,No Exception
TX0012442,2025-05-13,A023,Operations,V0454,Invoice,2543.37,Cheque,GBP,Approved,2025-05-20,INV00012442,,USR0190,0,1,0,0,0,0,0,Senior Manager,1,2,1,Medium,2025-05,0,Missing Approval
TX0012470,2025-10-08,A044,IT,V0234,Invoice,6273.38,Direct Debit,GBP,Approved,2025-10-11,INV00012470,EMP00336,USR0178,0,0,0,0,0,1,0,Senior Manager,0,1,1,Low,2025-10,1,Duplicate Invoice
TX0012511,2026-03-28,A074,Sales,V0442,Invoice,255.66,Bank Transfer,USD,Rejected,2026-01-04,INV00012511,EMP00146,USR0037,0,0,0,0,1,0,1,Department Manager,0,1,1,Low,2026-03,0,Invalid Posting Date
TX0012534,2025-05-28,A006,Procurement,V0312,Invoice,5731.16,Card,GBP,Rejected,2025-06-04,INV00012534,EMP00377,USR0010,0,0,0,0,0,1,1,Senior Manager,0,1,1,Low,2025-05,0,Duplicate Invoice
TX0012561,2026-01-25,A010,Sales,V0082,Invoice,642.69,Card,EUR,Approved,2026-01-29,INV00012561,EMP00300,USR0154,0,0,0,0,0,1,0,Department Manager,0,1,1,Low,2026-01,0,Duplicate Invoice
TX0012601,2026-03-29,A029,Sales,V0472,Journal Entry,1590.79,Cheque,USD,Pending,2025-10-17,INV00012601,EMP00305,USR0124,0,0,0,0,1,0,1,Senior Manager,0,1,1,Low,2026-03,0,Invalid Posting Date
TX0012610,2026-03-30,A073,Operations,V0058,Invoice,190.75,Bank Transfer,USD,Approved,2025-09-01,INV00012610,EMP00013,USR0071,0,0,0,0,1,0,1,Department Manager,0,1,1,Low,2026-03,0,Invalid Posting Date
TX0012618,2025-12-21,A047,HR,V0208,Payment,6617.04,Bank Transfer,EUR,Approved,2025-12-24,INV00001350,EMP00265,USR0140,0,0,0,0,0,1,0,Senior Manager,0,1,1,Low,2025-12,1,Duplicate Invoice
TX0012668,2026-02-06,A009,Finance,V0237,Payment,9357.1,Card,GBP,Pending,2026-02-07,INV00045795,EMP00386,USR0094,0,0,0,0,0,1,0,Senior Manager,0,1,1,Low,2026-02,1,Duplicate Invoice
TX0012684,2025-06-15,A037,IT,V0404,Invoice,3943.7,Bank Transfer,GBP,Pending,2025-06-11,INV00012684,EMP00466,USR0106,0,0,0,0,1,0,0,Senior Manager,0,1,1,Low,2025-06,0,Invalid Posting Date
TX0012699,2026-02-05,A077,IT,V0392,Invoice,4140.18,Bank Transfer,EUR,Approved,2026-02-11,INV00012699,,USR0015,0,1,0,0,0,0,0,Senior Manager,1,2,1,Medium,2026-02,0,Missing Approval
TX0012712,2026-03-27,A045,HR,V0377,Payment,3760.69,Cheque,GBP,Approved,2025-12-01,INV00012712,EMP00405,USR0102,0,0,0,0,1,0,1,Senior Manager,0,1,1,Low,2026-03,0,Invalid Posting Date
TX0012721,2025-12-28,A029,Operations,V0241,Credit Note,3608.27,Direct Debit,GBP,Approved,2025-12-26,INV00012721,EMP00340,USR0078,0,0,0,0,1,0,1,Senior Manager,0,1,1,Low,2025-12,0,Invalid Posting Date
TX0012722,2026-03-28,A017,Operations,V0484,Expense,626.07,Bank Transfer,GBP,Pending,2025-09-17,INV00012722,EMP00154,USR0092,0,0,0,0,1,0,1,Department Manager,0,1,1,Low,2026-03,0,Invalid Posting Date
TX0012751,2026-03-09,A061,Procurement,V0030,Invoice,656.78,Bank Transfer,GBP,Pending,2026-03-12,INV00012751,EMP00208,USR0126,0,0,0,0,0,1,0,Department Manager,0,1,1,Low,2026-03,0,Duplicate Invoice
TX0012773,2025-08-11,A016,Operations,V0233,Invoice,254.43,Cheque,GBP,Approved,2025-08-11,INV00012773,,USR0001,0,1,0,0,0,0,0,Department Manager,0,1,1,Low,2025-08,0,No Exception
TX0012784,2025-07-22,A039,Procurement,V0370,Payment,1241.26,Bank Transfer,EUR,Approved,2025-07-22,INV00076815,EMP00271,USR0143,0,0,0,0,0,1,0,Senior Manager,0,1,1,Low,2025-07,0,Duplicate Invoice
TX0012849,2026-03-31,A015,Procurement,V0496,Expense,1771.53,Bank Transfer,GBP,Rejected,2025-10-09,INV00012849,EMP00426,USR0075,0,0,0,0,1,0,1,Senior Manager,0,1,1,Low,2026-03,0,Invalid Posting Date
TX0012897,2026-03-16,A004,IT,V0471,Payment,371.41,Bank Transfer,EUR,Approved,2026-03-20,INV00012897,EMP00203,USR0093,0,0,0,0,0,1,0,Department Manager,0,1,1,Low,2026-03,0,Duplicate Invoice
TX0012899,2025-04-26,A035,HR,V0464,Expense,1339.36,Bank Transfer,EUR,Rejected,2025-04-26,INV00012899,,USR0157,0,1,0,0,0,0,0,Senior Manager,1,2,1,Medium,2025-04,0,Missing Approval
TX0012924,2026-03-26,A013,Operations,V0299,Credit Note,539.3,Direct Debit,GBP,Approved,2026-03-24,INV00012924,EMP00362,USR0183,0,0,0,0,1,0,0,Department Manager,0,1,1,Low,2026-03,0,Invalid Posting Date
TX0012953,2026-03-18,A040,Finance,V0337,Invoice,1269.28,Direct Debit,USD,Rejected,2026-03-16,INV00012953,EMP00315,USR0036,0,0,0,0,1,0,0,Senior Manager,0,1,1,Low,2026-03,0,Invalid Posting Date
TX0012965,2025-07-25,A054,IT,V0058,Payment,617.14,Card,GBP,Pending,2025-07-31,INV00072376,EMP00058,USR0102,0,0,0,0,0,1,0,Department Manager,0,1,1,Low,2025-07,0,Duplicate Invoice
TX0013006,2025-09-07,A005,Finance,V0219,Expense,6405.83,Bank Transfer,GBP,Approved,2025-09-09,INV00013006,,USR0137,0,1,0,0,0,0,0,Senior Manager,1,2,1,Medium,2025-09,1,Missing Approval
TX0013045,2026-03-31,A019,Operations,V0415,Invoice,1400.7,Bank Transfer,GBP,Approved,2025-11-23,INV00013045,EMP00365,USR0140,0,0,0,0,1,0,1,Senior Manager,0,1,1,Low,2026-03,0,Invalid Posting Date
TX0013062,2025-10-18,A016,Operations,,Invoice,221.42,Card,GBP,Approved,2025-10-22,INV00013062,EMP00054,USR0052,1,0,0,0,0,0,0,Department Manager,0,1,1,Low,2025-10,0,Missing Vendor
TX0013109,2026-03-31,A077,IT,V0323,Expense,5572.84,Cheque,USD,Pending,2026-01-10,INV00013109,EMP00314,USR0139,0,0,0,0,1,0,1,Senior Manager,0,1,1,Low,2026-03,0,Invalid Posting Date
TX0013117,2026-02-17,A039,HR,V0115,Journal Entry,2610.48,Bank Transfer,GBP,Approved,2026-02-24,INV00027544,EMP00347,USR0178,0,0,0,0,0,1,0,Senior Manager,0,1,1,Low,2026-02,0,Duplicate Invoice
TX0013122,2026-01-17,A046,Finance,V0414,Invoice,4552.56,Bank Transfer,USD,Approved,2026-01-18,INV00013122,EMP00263,USR0187,0,0,0,0,0,1,0,Senior Manager,0,1,1,Low,2026-01,0,Duplicate Invoice
TX0013151,2025-04-11,A002,Finance,V0245,Invoice,992.21,Cheque,GBP,Approved,2025-04-13,INV00013151,,USR0081,0,1,0,0,0,0,0,Department Manager,0,1,1,Low,2025-04,0,No Exception
TX0013179,2026-03-31,A066,Procurement,V0342,Invoice,4171.29,Direct Debit,USD,Rejected,2025-08-08,INV00013179,EMP00199,USR0082,0,0,0,0,1,0,1,Senior Manager,0,1,1,Low,2026-03,0,Invalid Posting Date
TX0013192,2026-03-28,A018,Sales,V0466,Expense,4093.71,Direct Debit,GBP,Approved,2025-07-28,INV00013192,EMP00041,USR0046,0,0,0,0,1,0,1,Senior Manager,0,1,1,Low,2026-03,0,Invalid Posting Date
TX0013220,2025-05-26,A063,Marketing,V0429,Expense,516.8,Cheque,USD,Approved,2025-05-31,INV00013220,,USR0014,0,1,0,0,0,0,0,Department Manager,0,1,1,Low,2025-05,0,No Exception
TX0013357,2025-07-05,A024,Marketing,,Expense,5198.24,Cheque,GBP,Approved,2025-07-12,INV00013357,EMP00442,USR0158,1,0,0,0,0,0,0,Senior Manager,0,1,1,Low,2025-07,0,Missing Vendor
TX0013371,2026-03-29,A032,IT,V0464,Payment,4291.14,Cheque,GBP,Approved,2026-03-23,INV00013371,EMP00174,USR0086,0,0,0,0,1,0,1,Senior Manager,0,1,1,Low,2026-03,0,Invalid Posting Date
TX0013376,2025-08-15,,Marketing,V0304,Invoice,7593.27,Direct Debit,EUR,Approved,2025-08-17,INV00013376,EMP00378,USR0036,0,0,1,0,0,0,0,Senior Manager,0,1,1,Low,2025-08,1,Missing Account
TX0013414,2026-02-03,A063,Finance,V0318,Invoice,-167.08,Bank Transfer,USD,Approved,2026-02-05,INV00013414,EMP00467,USR0050,0,0,0,1,0,1,0,Department Manager,0,2,1,Medium,2026-02,0,Invalid Amount
TX0013504,2025-04-22,A021,Finance,V0020,Invoice,851.4,Cheque,GBP,Rejected,2025-04-25,INV00075962,EMP00255,USR0068,0,0,0,0,0,1,0,Department Manager,0,1,1,Low,2025-04,0,Duplicate Invoice
TX0013552,2025-06-17,A039,IT,V0387,Invoice,101.37,Direct Debit,USD,Pending,2025-06-19,INV00013552,EMP00480,USR0128,0,0,0,0,0,1,0,Department Manager,0,1,1,Low,2025-06,0,Duplicate Invoice
TX0013565,2025-06-23,A074,Procurement,V0075,Payment,2576.64,Direct Debit,GBP,Approved,2025-06-24,INV00068425,EMP00120,USR0121,0,0,0,0,0,1,0,Senior Manager,0,1,1,Low,2025-06,0,Duplicate Invoice
TX0013580,2025-09-03,A079,Procurement,V0016,Journal Entry,2067.67,Direct Debit,EUR,Approved,2025-09-09,INV00013580,EMP00164,USR0002,0,0,0,0,0,1,0,Senior Manager,0,1,1,Low,2025-09,0,Duplicate Invoice
TX0013611,2026-02-26,A048,Operations,,Invoice,553.28,Card,USD,Approved,2026-03-02,INV00013611,EMP00399,USR0061,1,0,0,0,0,0,0,Department Manager,0,1,1,Low,2026-02,0,Missing Vendor
TX0013616,2025-08-24,A072,Operations,V0333,Invoice,2133.57,Direct Debit,GBP,Approved,2025-08-22,INV00013616,EMP00283,USR0127,0,0,0,0,1,0,0,Senior Manager,0,1,1,Low,2025-08,0,Invalid Posting Date
TX0013665,2026-03-28,A029,Operations,V0349,Invoice,6338.73,Direct Debit,GBP,Approved,2026-02-08,INV00013665,EMP00262,USR0200,0,0,0,0,1,0,1,Senior Manager,0,1,1,Low,2026-03,1,Invalid Posting Date
TX0013669,2025-06-07,A027,HR,V0190,Payment,2487.98,Direct Debit,GBP,Rejected,2025-06-08,INV00052177,EMP00096,USR0125,0,0,0,0,0,1,0,Senior Manager,0,1,1,Low,2025-06,0,Duplicate Invoice
TX0013695,2026-03-01,A052,Sales,V0434,Invoice,488.39,Direct Debit,USD,Approved,2026-03-01,INV00013122,EMP00493,USR0042,0,0,0,0,0,1,0,Department Manager,0,1,1,Low,2026-03,0,Duplicate Invoice
TX0013706,2025-07-16,A010,Operations,V0189,Expense,555.22,Cheque,GBP,Rejected,2025-07-14,INV00013706,EMP00489,USR0122,0,0,0,0,1,1,0,Department Manager,0,2,1,Medium,2025-07,0,Duplicate Invoice
TX0013736,2025-06-26,A005,HR,V0370,Invoice,21205.36,Cheque,USD,Approved,2025-06-28,INV00013736,EMP00174,USR0139,0,0,0,0,0,1,0,Finance Director,0,1,1,Medium,2025-06,1,Duplicate Invoice
TX0013740,2025-09-25,A029,Marketing,V0286,Expense,780.47,Direct Debit,GBP,Approved,2025-10-02,INV00003254,EMP00193,USR0171,0,0,0,0,0,1,0,Department Manager,0,1,1,Low,2025-09,0,Duplicate Invoice
TX0013749,2025-08-27,A021,IT,V0066,Expense,1842.23,Bank Transfer,GBP,Pending,2025-08-28,INV00060894,EMP00284,USR0178,0,0,0,0,0,1,1,Senior Manager,0,1,1,Low,2025-08,0,Duplicate Invoice
TX0013798,2025-04-03,A017,Marketing,V0051,Payment,14433.01,Bank Transfer,EUR,Rejected,2025-04-03,INV00013798,EMP00185,USR0155,0,0,0,0,0,1,0,Finance Director,0,1,1,Medium,2025-04,1,Duplicate Invoice
TX0013800,2025-09-22,A015,Operations,V0229,Invoice,6297.2,Bank Transfer,USD,Approved,2025-09-22,INV00013800,EMP00075,USR0071,0,0,0,0,0,1,0,Senior Manager,0,1,1,Low,2025-09,1,Duplicate Invoice
TX0013803,2025-05-05,A074,Operations,,Invoice,3974.85,Bank Transfer,GBP,Approved,2025-05-10,INV00013803,EMP00131,USR0011,1,0,0,0,0,0,0,Senior Manager,0,1,1,Low,2025-05,0,Missing Vendor
TX0013815,2026-03-28,A029,Finance,V0067,Invoice,1084.21,Card,GBP,Pending,2025-12-13,INV00013815,EMP00067,USR0200,0,0,0,0,1,0,1,Senior Manager,0,1,1,Low,2026-03,0,Invalid Posting Date
TX0013845,2025-11-23,A015,HR,V0111,Expense,850.55,Bank Transfer,EUR,Approved,2025-11-30,INV00093269,EMP00084,USR0077,0,0,0,0,0,1,0,Department Manager,0,1,1,Low,2025-11,0,Duplicate Invoice
TX0013858,2026-03-28,A066,Operations,V0412,Invoice,635.3,Card,USD,Approved,2025-06-05,INV00013858,EMP00235,USR0181,0,0,0,0,1,0,1,Department Manager,0,1,1,Low,2026-03,0,Invalid Posting Date
TX0013894,2025-11-28,A008,Finance,V0216,Payment,1936.46,Bank Transfer,GBP,Approved,2025-11-27,INV00013894,EMP00028,USR0088,0,0,0,0,1,0,1,Senior Manager,0,1,1,Low,2025-11,0,Invalid Posting Date
TX0013908,2025-10-18,A054,Operations,V0442,Expense,625.37,Bank Transfer,USD,Pending,2025-10-25,INV00013908,,USR0147,0,1,0,0,0,0,0,Department Manager,0,1,1,Low,2025-10,0,No Exception
TX0013909,2026-03-27,A020,IT,V0135,Journal Entry,2454.35,Direct Debit,GBP,Rejected,2025-06-03,INV00013909,EMP00111,USR0050,0,0,0,0,1,0,1,Senior Manager,0,1,1,Low,2026-03,0,Invalid Posting Date
TX0013915,2025-12-23,A010,Operations,V0129,Invoice,1509.85,Bank Transfer,EUR,Approved,2025-12-30,INV00013915,EMP00237,USR0194,0,0,0,0,0,1,0,Senior Manager,0,1,1,Low,2025-12,0,Duplicate Invoice
TX0013917,2025-09-30,A022,Marketing,,Payment,272.72,Bank Transfer,GBP,Approved,2025-10-06,INV00013917,EMP00165,USR0040,1,0,0,0,0,0,1,Department Manager,0,1,1,Low,2025-09,0,Missing Vendor
TX0013925,2026-02-07,A042,IT,V0020,Invoice,1052.29,Direct Debit,GBP,Pending,2026-02-08,INV00013925,EMP00474,USR0138,0,0,0,0,0,1,0,Senior Manager,0,1,1,Low,2026-02,0,Duplicate Invoice
TX0013929,2026-02-21,A034,HR,V0077,Payment,482.04,Bank Transfer,GBP,Approved,2026-02-28,INV00013929,EMP00374,USR0001,0,0,0,0,0,1,0,Department Manager,0,1,1,Low,2026-02,0,Duplicate Invoice
TX0013936,2025-10-26,A078,Finance,V0412,Journal Entry,1744.5,Direct Debit,GBP,Approved,2025-11-02,INV00013936,EMP00196,USR0002,0,0,0,0,0,1,0,Senior Manager,0,1,1,Low,2025-10,0,Duplicate Invoice
TX0013970,2025-10-13,A001,Sales,V0093,Invoice,3945.52,Cheque,USD,Rejected,2025-10-11,INV00013970,EMP00048,USR0012,0,0,0,0,1,0,0,Senior Manager,0,1,1,Low,2025-10,0,Invalid Posting Date
TX0014024,2026-03-31,A042,Marketing,V0140,Invoice,455.17,Card,GBP,Approved,2025-05-24,INV00014024,EMP00108,USR0081,0,0,0,0,1,0,1,Department Manager,0,1,1,Low,2026-03,0,Invalid Posting Date
TX0014028,2025-07-15,A072,Finance,V0331,Invoice,4370.36,Direct Debit,USD,Approved,2025-07-15,INV00049984,EMP00417,USR0128,0,0,0,0,0,1,0,Senior Manager,0,1,1,Low,2025-07,0,Duplicate Invoice
TX0014039,2025-11-06,A065,Procurement,V0027,Journal Entry,943.33,Card,USD,Approved,2025-11-13,INV00014039,EMP00246,USR0130,0,0,0,0,0,1,0,Department Manager,0,1,1,Low,2025-11,0,Duplicate Invoice
TX0014050,2025-08-08,A024,IT,V0321,Credit Note,384.76,Bank Transfer,GBP,Approved,2025-08-05,INV00014050,EMP00183,USR0016,0,0,0,0,1,0,0,Department Manager,0,1,1,Low,2025-08,0,Invalid Posting Date
TX0014076,2026-03-28,A013,Operations,V0488,Invoice,907.68,Direct Debit,GBP,Approved,2026-03-14,INV00014076,EMP00134,USR0139,0,0,0,0,1,0,1,Department Manager,0,1,1,Low,2026-03,0,Invalid Posting Date
TX0014107,2025-09-11,A010,Operations,V0277,Expense,4942.31,Card,USD,Pending,2025-09-17,INV00014107,EMP00097,USR0041,0,0,0,0,0,1,0,Senior Manager,0,1,1,Low,2025-09,0,Duplicate Invoice
TX0014145,2025-04-16,A074,IT,V0250,Invoice,1951.77,Card,EUR,Approved,2025-04-19,INV00041721,EMP00440,USR0156,0,0,0,0,0,1,0,Senior Manager,0,1,1,Low,2025-04,0,Duplicate Invoice
TX0014147,2026-03-31,A026,Procurement,V0399,Credit Note,146.08,Cheque,EUR,Approved,2026-03-27,INV00014147,EMP00494,USR0011,0,0,0,0,1,0,1,Department Manager,0,1,1,Low,2026-03,0,Invalid Posting Date
TX0014150,2025-05-11,A044,Finance,V0413,Expense,541.36,Card,EUR,Approved,2025-05-18,INV00014150,EMP00112,USR0004,0,0,0,0,0,1,0,Department Manager,0,1,1,Low,2025-05,0,Duplicate Invoice
TX0014179,2025-05-04,A075,Marketing,V0389,Payment,2611.38,Bank Transfer,GBP,Approved,2025-05-11,INV00042918,EMP00418,USR0010,0,0,0,0,0,1,0,Senior Manager,0,1,1,Low,2025-05,0,Duplicate Invoice
TX0014220,2025-04-19,A033,HR,V0179,Payment,21.59,Direct Debit,GBP,Approved,2025-04-16,INV00014220,EMP00115,USR0002,0,0,0,0,1,0,0,Department Manager,0,1,1,Low,2025-04,0,Invalid Posting Date
TX0014229,2025-05-17,A016,IT,V0051,Invoice,391.44,Card,EUR,Pending,2025-05-20,INV00014229,EMP00438,USR0014,0,0,0,0,0,1,0,Department Manager,0,1,1,Low,2025-05,0,Duplicate Invoice
TX0014253,2026-02-23,A023,Finance,V0494,Invoice,7395.8,Bank Transfer,GBP,Approved,2026-02-22,INV00014253,EMP00066,USR0030,0,0,0,0,1,0,0,Senior Manager,0,1,1,Low,2026-02,1,Invalid Posting Date
TX0014264,2026-01-27,A014,Marketing,V0147,Invoice,61.27,Bank Transfer,USD,Approved,2026-01-27,INV00014264,,USR0041,0,1,0,0,0,0,1,Department Manager,0,1,1,Low,2026-01,0,No Exception
TX0014269,2025-05-26,A030,Finance,V0258,Journal Entry,8168.81,Cheque,GBP,Approved,2025-05-28,INV00014269,EMP00139,USR0069,0,0,0,0,0,1,0,Senior Manager,0,1,1,Low,2025-05,1,Duplicate Invoice
TX0014275,2025-08-14,A025,Finance,,Invoice,653.96,Cheque,GBP,Approved,2025-08-21,INV00014275,EMP00068,USR0147,1,0,0,0,0,0,0,Department Manager,0,1,1,Low,2025-08,0,Missing Vendor
TX0014315,2026-03-27,A070,HR,V0314,Invoice,1710.85,Bank Transfer,GBP,Rejected,2025-11-11,INV00014315,EMP00157,USR0009,0,0,0,0,1,0,1,Senior Manager,0,1,1,Low,2026-03,0,Invalid Posting Date
TX0014323,2026-02-05,A035,Operations,,Credit Note,965.81,Card,GBP,Rejected,2026-02-09,INV00014323,EMP00265,USR0137,1,0,0,0,0,0,0,Department Manager,0,1,1,Low,2026-02,0,Missing Vendor
TX0014326,2025-08-30,A065,Procurement,V0473,Expense,2704.54,Cheque,GBP,Approved,2025-08-31,INV00014326,,USR0133,0,1,0,0,0,0,1,Senior Manager,1,2,1,Medium,2025-08,0,Missing Approval
TX0014329,2025-07-18,A077,Marketing,,Expense,712.72,Card,GBP,Rejected,2025-07-24,INV00014329,EMP00480,USR0005,1,0,0,0,0,0,0,Department Manager,0,1,1,Low,2025-07,0,Missing Vendor
TX0014354,2026-03-30,A017,Operations,V0183,Journal Entry,1010.47,Cheque,USD,Approved,2025-04-14,INV00014354,EMP00426,USR0138,0,0,0,0,1,0,1,Senior Manager,0,1,1,Low,2026-03,0,Invalid Posting Date
TX0014391,2026-03-03,A062,Finance,V0422,Journal Entry,2771.28,Direct Debit,GBP,Approved,2026-03-08,INV00014391,,USR0059,0,1,0,0,0,0,0,Senior Manager,1,2,1,Medium,2026-03,0,Missing Approval
TX0014393,2026-03-31,A026,IT,V0497,Credit Note,228.24,Direct Debit,GBP,Approved,2025-07-31,INV00014393,EMP00050,USR0171,0,0,0,0,1,0,1,Department Manager,0,1,1,Low,2026-03,0,Invalid Posting Date
TX0014425,2026-03-29,A039,Operations,V0368,Payment,1930.41,Direct Debit,USD,Rejected,2026-01-23,INV00014425,EMP00007,USR0127,0,0,0,0,1,1,1,Senior Manager,0,2,1,Medium,2026-03,0,Duplicate Invoice
TX0014447,2025-04-07,A067,Procurement,V0093,Invoice,729.75,Cheque,EUR,Approved,2025-04-10,INV00014447,,USR0167,0,1,0,0,0,0,0,Department Manager,0,1,1,Low,2025-04,0,No Exception
TX0014499,2025-07-13,A035,Sales,V0461,Credit Note,453.97,Direct Debit,GBP,Rejected,2025-07-14,INV00014499,,USR0028,0,1,0,0,0,0,0,Department Manager,0,1,1,Low,2025-07,0,No Exception
TX0014508,2025-05-09,A065,Sales,V0183,Invoice,1390.84,Cheque,GBP,Rejected,2025-05-08,INV00014508,EMP00197,USR0037,0,0,0,0,1,0,0,Senior Manager,0,1,1,Low,2025-05,0,Invalid Posting Date
TX0014515,2026-03-27,A026,Finance,V0346,Expense,-221.48,Bank Transfer,GBP,Rejected,2026-04-02,INV00014515,EMP00279,USR0188,0,0,0,1,0,0,1,Department Manager,0,1,1,Low,2026-03,0,Invalid Amount
TX0014532,2026-01-31,A042,Sales,V0016,Expense,142.37,Bank Transfer,EUR,Approved,2026-02-03,INV00014532,EMP00433,USR0120,0,0,0,0,0,1,1,Department Manager,0,1,1,Low,2026-01,0,Duplicate Invoice
TX0014594,2025-07-15,A051,Marketing,V0262,Expense,507.27,Direct Debit,EUR,Approved,2025-07-12,INV00014594,EMP00187,USR0181,0,0,0,0,1,0,0,Department Manager,0,1,1,Low,2025-07,0,Invalid Posting Date
TX0014610,2026-03-30,A013,Operations,V0073,Expense,134.76,Direct Debit,EUR,Rejected,2026-02-01,INV00014610,EMP00065,USR0192,0,0,0,0,1,0,1,Department Manager,0,1,1,Low,2026-03,0,Invalid Posting Date
TX0014612,2026-03-20,A046,Marketing,V0304,Journal Entry,947.54,Card,GBP,Approved,2026-03-27,INV00014612,,USR0182,0,1,0,0,0,0,0,Department Manager,0,1,1,Low,2026-03,0,No Exception
TX0014628,2026-02-15,A026,Sales,,Invoice,914.69,Card,GBP,Approved,2026-02-15,INV00014628,EMP00073,USR0130,1,0,0,0,0,0,0,Department Manager,0,1,1,Low,2026-02,0,Missing Vendor
TX0014673,2026-03-31,A077,Operations,V0120,Invoice,217.34,Direct Debit,GBP,Approved,2025-12-31,INV00014673,EMP00167,USR0060,0,0,0,0,1,0,1,Department Manager,0,1,1,Low,2026-03,0,Invalid Posting Date
TX0014689,2026-02-11,A076,Sales,V0153,Payment,-952.13,Card,GBP,Rejected,2026-02-12,INV00014689,EMP00183,USR0043,0,0,0,1,0,0,0,Department Manager,0,1,1,Low,2026-02,0,Invalid Amount
TX0014692,2026-03-29,A076,Finance,V0202,Payment,1290.67,Bank Transfer,GBP,Approved,2026-03-08,INV00014692,EMP00184,USR0018,0,0,0,0,1,0,1,Senior Manager,0,1,1,Low,2026-03,0,Invalid Posting Date
TX0014707,2026-03-31,A049,Operations,V0314,Journal Entry,1023.66,Bank Transfer,EUR,Approved,2025-07-17,INV00014707,EMP00418,USR0195,0,0,0,0,1,0,1,Senior Manager,0,1,1,Low,2026-03,0,Invalid Posting Date
TX0014736,2025-08-12,A033,Finance,V0208,Invoice,644.64,Bank Transfer,GBP,Approved,2025-08-14,INV00009424,EMP00241,USR0129,0,0,0,0,0,1,0,Department Manager,0,1,1,Low,2025-08,0,Duplicate Invoice
TX0014778,2025-07-09,A023,Finance,V0227,Invoice,6464.16,Direct Debit,GBP,Approved,2025-07-11,INV00040012,EMP00200,USR0178,0,0,0,0,0,1,0,Senior Manager,0,1,1,Low,2025-07,1,Duplicate Invoice
TX0014779,2026-01-19,A033,Sales,V0480,Journal Entry,4172.31,Bank Transfer,GBP,Rejected,2026-01-24,INV00014779,EMP00389,USR0007,0,0,0,0,0,1,0,Senior Manager,0,1,1,Low,2026-01,0,Duplicate Invoice
TX0014806,2026-03-07,A039,Sales,V0356,Invoice,522.6,Direct Debit,GBP,Approved,2026-03-08,INV00014806,EMP00363,USR0140,0,0,0,0,0,1,0,Department Manager,0,1,1,Low,2026-03,0,Duplicate Invoice
TX0014812,2026-03-27,A022,Marketing,V0161,Expense,277.5,Card,GBP,Pending,2025-04-08,INV00014812,EMP00346,USR0137,0,0,0,0,1,0,1,Department Manager,0,1,1,Low,2026-03,0,Invalid Posting Date
TX0014854,2025-06-30,A024,IT,V0370,Invoice,-3459.45,Bank Transfer,GBP,Pending,2025-07-02,INV00014854,EMP00450,USR0094,0,0,0,1,0,0,1,Senior Manager,0,1,1,Low,2025-06,0,Invalid Amount
TX0014870,2025-06-07,A030,IT,V0037,Invoice,348.37,Cheque,GBP,Approved,2025-06-08,INV00014870,,USR0026,0,1,0,0,0,0,0,Department Manager,0,1,1,Low,2025-06,0,No Exception
TX0014874,2026-03-27,A057,Procurement,V0109,Journal Entry,492.16,Cheque,GBP,Approved,2026-03-03,INV00014874,EMP00034,USR0058,0,0,0,0,1,0,1,Department Manager,0,1,1,Low,2026-03,0,Invalid Posting Date
TX0014889,2026-02-06,A057,IT,V0299,Payment,1034.84,Direct Debit,GBP,Approved,2026-02-06,INV00014889,EMP00498,USR0126,0,0,0,0,0,1,0,Senior Manager,0,1,1,Low,2026-02,0,Duplicate Invoice
TX0014912,2026-02-22,A011,Operations,V0497,Invoice,949.08,Direct Debit,USD,Approved,2026-03-01,INV00053570,EMP00496,USR0072,0,0,0,0,0,1,0,Department Manager,0,1,1,Low,2026-02,0,Duplicate Invoice
TX0014914,2025-09-15,A036,IT,V0182,Payment,3521.75,Card,GBP,Approved,2025-09-12,INV00014914,EMP00003,USR0140,0,0,0,0,1,0,0,Senior Manager,0,1,1,Low,2025-09,0,Invalid Posting Date
TX0014925,2025-09-22,A010,Procurement,V0253,Invoice,-1516.19,Direct Debit,GBP,Rejected,2025-09-26,INV00014925,EMP00058,USR0133,0,0,0,1,0,0,0,Senior Manager,0,1,1,Low,2025-09,0,Invalid Amount
TX0014944,2026-03-29,A069,Procurement,V0007,Invoice,204.37,Cheque,GBP,Approved,2026-03-31,INV00083013,EMP00235,USR0027,0,0,0,0,0,1,1,Department Manager,0,1,1,Low,2026-03,0,Duplicate Invoice
TX0014953,2025-05-21,A012,Procurement,V0061,Journal Entry,691.05,Card,GBP,Approved,2025-05-28,INV00014953,EMP00426,USR0029,0,0,0,0,0,1,0,Department Manager,0,1,1,Low,2025-05,0,Duplicate Invoice
TX0014978,2025-10-01,A077,Finance,V0398,Invoice,-449.77,Direct Debit,GBP,Approved,2025-10-01,INV00014978,EMP00222,USR0055,0,0,0,1,0,0,0,Department Manager,0,1,1,Low,2025-10,0,Invalid Amount
TX0014979,2026-02-05,A038,Procurement,V0404,Credit Note,596.6,Cheque,GBP,Approved,2026-02-05,INV00014979,,USR0012,0,1,0,0,0,0,0,Department Manager,0,1,1,Low,2026-02,0,No Exception
TX0015007,2025-04-12,A039,Procurement,V0152,Invoice,971.67,Card,GBP,Approved,2025-04-18,INV00015007,EMP00194,USR0021,0,0,0,0,0,1,0,Department Manager,0,1,1,Low,2025-04,0,Duplicate Invoice
TX0015013,2026-03-27,A080,IT,V0415,Invoice,2143.03,Card,USD,Rejected,2025-06-02,INV00015013,EMP00090,USR0102,0,0,0,0,1,0,1,Senior Manager,0,1,1,Low,2026-03,0,Invalid Posting Date
TX0015023,2025-08-24,A032,IT,V0190,Payment,4146.79,Card,GBP,Approved,2025-08-24,INV00015023,EMP00043,USR0014,0,0,0,0,0,1,0,Senior Manager,0,1,1,Low,2025-08,0,Duplicate Invoice
TX0015150,2025-04-16,A038,HR,V0053,Expense,2139.24,Direct Debit,EUR,Approved,2025-04-17,INV00087844,EMP00259,USR0157,0,0,0,0,0,1,0,Senior Manager,0,1,1,Low,2025-04,0,Duplicate Invoice
TX0015153,2025-11-30,A040,Operations,V0098,Invoice,303.34,Cheque,GBP,Pending,2025-12-04,INV00015153,EMP00349,USR0166,0,0,0,0,0,1,1,Department Manager,0,1,1,Low,2025-11,0,Duplicate Invoice
TX0015155,2025-12-05,A024,Sales,V0284,Invoice,1741.78,Direct Debit,GBP,Approved,2025-12-11,INV00020001,EMP00021,USR0061,0,0,0,0,0,1,0,Senior Manager,0,1,1,Low,2025-12,0,Duplicate Invoice
TX0015260,2026-03-30,A068,IT,V0283,Expense,778.69,Card,EUR,Rejected,2025-05-11,INV00015260,EMP00458,USR0039,0,0,0,0,1,0,1,Department Manager,0,1,1,Low,2026-03,0,Invalid Posting Date
TX0015267,2025-06-01,A055,Finance,V0098,Invoice,1945.06,Card,GBP,Approved,2025-06-06,INV00015267,,USR0194,0,1,0,0,0,0,0,Senior Manager,1,2,1,Medium,2025-06,0,Missing Approval
TX0015269,2025-08-25,A075,Operations,V0199,Invoice,1175.67,Cheque,USD,Pending,2025-08-31,INV00015269,,USR0007,0,1,0,0,0,0,0,Senior Manager,1,2,1,Medium,2025-08,0,Missing Approval
TX0015274,2025-11-16,A003,Finance,V0374,Invoice,1011.62,Card,USD,Approved,2025-11-16,INV00018293,EMP00397,USR0190,0,0,0,0,0,1,0,Senior Manager,0,1,1,Low,2025-11,0,Duplicate Invoice
TX0015295,2025-11-02,A051,HR,V0303,Expense,623.37,Cheque,GBP,Approved,2025-11-07,INV00015295,EMP00379,USR0183,0,0,0,0,0,1,0,Department Manager,0,1,1,Low,2025-11,0,Duplicate Invoice
TX0015320,2025-11-07,A049,Operations,V0434,Payment,-11011.93,Card,EUR,Approved,2025-11-11,INV00015320,EMP00427,USR0053,0,0,0,1,0,0,0,Finance Director,0,1,1,Medium,2025-11,0,Invalid Amount
TX0015342,2026-03-28,A066,Operations,V0327,Invoice,317.1,Cheque,GBP,Approved,2025-11-06,INV00015342,EMP00162,USR0022,0,0,0,0,1,0,1,Department Manager,0,1,1,Low,2026-03,0,Invalid Posting Date
TX0015387,2025-05-31,A075,Operations,V0017,Invoice,-1297.77,Cheque,USD,Pending,2025-06-03,INV00015387,EMP00106,USR0116,0,0,0,1,0,0,1,Senior Manager,0,1,1,Low,2025-05,0,Invalid Amount
TX0015395,2026-02-15,A019,HR,V0437,Journal Entry,8204.2,Direct Debit,GBP,Approved,2026-02-17,INV00015395,EMP00366,USR0199,0,0,0,0,0,1,0,Senior Manager,0,1,1,Low,2026-02,1,Duplicate Invoice
TX0015459,2025-10-30,A074,Operations,V0463,Expense,128.83,Bank Transfer,GBP,Approved,2025-11-03,INV00021333,EMP00500,USR0190,0,0,0,0,0,1,1,Department Manager,0,1,1,Low,2025-10,0,Duplicate Invoice
TX0015461,2026-02-22,A050,IT,V0173,Invoice,203.62,Direct Debit,GBP,Approved,2026-02-25,INV00015461,EMP00349,USR0155,0,0,0,0,0,1,0,Department Manager,0,1,1,Low,2026-02,0,Duplicate Invoice
TX0015467,2025-07-24,A049,Procurement,V0407,Invoice,113.22,Direct Debit,GBP,Approved,2025-07-27,INV00015467,EMP00185,USR0021,0,0,0,0,0,1,0,Department Manager,0,1,1,Low,2025-07,0,Duplicate Invoice
TX0015484,2026-03-28,A065,Finance,V0084,Invoice,310.41,Cheque,USD,Approved,2025-12-18,INV00015484,EMP00086,USR0071,0,0,0,0,1,0,1,Department Manager,0,1,1,Low,2026-03,0,Invalid Posting Date
TX0015496,2025-04-17,A004,IT,V0186,Payment,1732.07,Card,GBP,Approved,2025-04-19,INV00015496,EMP00353,USR0054,0,0,0,0,0,1,0,Senior Manager,0,1,1,Low,2025-04,0,Duplicate Invoice
TX0015597,2025-07-02,A039,Sales,V0149,Invoice,254.42,Direct Debit,EUR,Approved,2025-07-01,INV00015597,EMP00398,USR0034,0,0,0,0,1,0,0,Department Manager,0,1,1,Low,2025-07,0,Invalid Posting Date
TX0015603,2025-07-15,A071,Finance,V0335,Payment,593.61,Card,GBP,Approved,2025-07-21,INV00015603,EMP00380,USR0129,0,0,0,0,0,1,0,Department Manager,0,1,1,Low,2025-07,0,Duplicate Invoice
TX0015610,2026-02-25,A012,Sales,V0418,Credit Note,4852.63,Card,USD,Pending,2026-03-04,INV00015610,,USR0109,0,1,0,0,0,0,0,Senior Manager,1,2,1,Medium,2026-02,0,Missing Approval
TX0015621,2026-03-28,A005,Sales,V0471,Invoice,791.56,Cheque,GBP,Approved,2025-11-17,INV00015621,EMP00354,USR0185,0,0,0,0,1,0,1,Department Manager,0,1,1,Low,2026-03,0,Invalid Posting Date
TX0015627,2025-08-07,A040,IT,V0399,Invoice,2981.03,Cheque,USD,Approved,2025-08-07,INV00015627,EMP00180,USR0139,0,0,0,0,0,1,0,Senior Manager,0,1,1,Low,2025-08,0,Duplicate Invoice
TX0015631,2025-10-11,A025,Procurement,V0393,Payment,66.34,Direct Debit,EUR,Rejected,2025-10-18,INV00015631,,USR0197,0,1,0,0,0,0,0,Department Manager,0,1,1,Low,2025-10,0,No Exception
TX0015636,2025-08-05,A006,Operations,V0400,Expense,436.28,Bank Transfer,GBP,Approved,2025-08-05,INV00080596,EMP00140,USR0016,0,0,0,0,0,1,0,Department Manager,0,1,1,Low,2025-08,0,Duplicate Invoice
TX0015637,2025-06-14,A023,Marketing,V0105,Journal Entry,1187.39,Cheque,USD,Rejected,2025-06-15,INV00015637,,USR0159,0,1,0,0,0,0,0,Senior Manager,1,2,1,Medium,2025-06,0,Missing Approval
TX0015646,2025-12-03,A065,Marketing,V0257,Invoice,3959.21,Cheque,EUR,Rejected,2025-12-06,INV00095602,EMP00429,USR0041,0,0,0,0,0,1,0,Senior Manager,0,1,1,Low,2025-12,0,Duplicate Invoice
TX0015654,2026-02-20,A022,Sales,V0287,Journal Entry,883.27,Bank Transfer,GBP,Rejected,2026-02-22,INV00031432,EMP00416,USR0014,0,0,0,0,0,1,0,Department Manager,0,1,1,Low,2026-02,0,Duplicate Invoice
TX0015660,2025-12-06,A068,IT,V0441,Invoice,73.52,Bank Transfer,USD,Approved,2025-12-03,INV00015660,EMP00165,USR0121,0,0,0,0,1,0,0,Department Manager,0,1,1,Low,2025-12,0,Invalid Posting Date
TX0015664,2025-12-16,A015,HR,V0271,Payment,2246.85,Cheque,GBP,Approved,2025-12-20,INV00015664,EMP00175,USR0072,0,0,0,0,0,1,0,Senior Manager,0,1,1,Low,2025-12,0,Duplicate Invoice
TX0015682,2026-03-31,A045,Sales,V0181,Invoice,1762.37,Direct Debit,GBP,Approved,2025-09-17,INV00015682,EMP00128,USR0077,0,0,0,0,1,0,1,Senior Manager,0,1,1,Low,2026-03,0,Invalid Posting Date
TX0015704,2025-10-03,A076,Operations,V0407,Invoice,342.82,Card,GBP,Approved,2025-10-03,INV00097027,EMP00230,USR0070,0,0,0,0,0,1,0,Department Manager,0,1,1,Low,2025-10,0,Duplicate Invoice
TX0015771,2026-03-28,A005,Operations,V0446,Invoice,3834.79,Card,EUR,Rejected,2025-05-03,INV00015771,EMP00142,USR0121,0,0,0,0,1,0,1,Senior Manager,0,1,1,Low,2026-03,0,Invalid Posting Date
TX0015781,2026-03-30,A003,Finance,V0080,Credit Note,1661.49,Card,GBP,Pending,2025-06-13,INV00015781,EMP00076,USR0194,0,0,0,0,1,1,1,Senior Manager,0,2,1,Medium,2026-03,0,Duplicate Invoice
TX0015809,2025-10-24,A005,Sales,V0489,Expense,1093.37,Cheque,GBP,Pending,2025-10-29,INV00015809,EMP00031,USR0020,0,0,0,0,0,1,0,Senior Manager,0,1,1,Low,2025-10,0,Duplicate Invoice
TX0015843,2025-06-06,A050,Procurement,V0066,Payment,1167.72,Cheque,GBP,Approved,2025-06-11,INV00015843,EMP00304,USR0095,0,0,0,0,0,1,0,Senior Manager,0,1,1,Low,2025-06,0,Duplicate Invoice
TX0015867,2025-06-17,A049,Operations,V0485,Expense,3326.98,Direct Debit,GBP,Approved,2025-06-20,INV00051267,EMP00137,USR0138,0,0,0,0,0,1,0,Senior Manager,0,1,1,Low,2025-06,0,Duplicate Invoice
TX0015876,2025-04-06,A054,Procurement,V0012,Expense,7138.04,Direct Debit,EUR,Approved,2025-04-08,INV00015876,,USR0016,0,1,0,0,0,0,0,Senior Manager,1,2,1,Medium,2025-04,1,Missing Approval
TX0015905,2026-03-31,A067,IT,V0054,Payment,3078.27,Cheque,GBP,Approved,2025-09-20,INV00015905,EMP00155,USR0029,0,0,0,0,1,0,1,Senior Manager,0,1,1,Low,2026-03,0,Invalid Posting Date
TX0015939,2026-03-29,A008,Operations,V0461,Invoice,4055.57,Card,GBP,Approved,2026-03-23,INV00015939,EMP00419,USR0038,0,0,0,0,1,0,1,Senior Manager,0,1,1,Low,2026-03,0,Invalid Posting Date
TX0015970,2026-03-06,A066,HR,,Payment,1687.32,Direct Debit,GBP,Approved,2026-03-09,INV00015970,EMP00499,USR0197,1,0,0,0,0,0,0,Senior Manager,0,1,1,Low,2026-03,0,Missing Vendor
TX0015992,2026-03-31,A015,Sales,V0470,Invoice,129.42,Cheque,GBP,Approved,2025-08-28,INV00015992,EMP00212,USR0172,0,0,0,0,1,0,1,Department Manager,0,1,1,Low,2026-03,0,Invalid Posting Date
TX0015994,2025-11-09,,Sales,V0310,Payment,2118.55,Cheque,GBP,Approved,2025-11-10,INV00015994,EMP00288,USR0122,0,0,1,0,0,0,0,Senior Manager,0,1,1,Low,2025-11,0,Missing Account
TX0016001,2026-03-31,A031,Procurement,V0384,Invoice,3219.23,Cheque,GBP,Rejected,2025-12-18,INV00016001,EMP00185,USR0169,0,0,0,0,1,0,1,Senior Manager,0,1,1,Low,2026-03,0,Invalid Posting Date
TX0016011,2026-03-28,A077,Sales,V0331,Payment,2626.46,Direct Debit,USD,Approved,2025-07-26,INV00016011,EMP00173,USR0056,0,0,0,0,1,0,1,Senior Manager,0,1,1,Low,2026-03,0,Invalid Posting Date
TX0016023,2025-10-31,A039,Operations,V0226,Expense,7876.39,Cheque,GBP,Approved,2025-11-03,INV00083004,EMP00452,USR0173,0,0,0,0,0,1,1,Senior Manager,0,1,1,Low,2025-10,1,Duplicate Invoice
TX0016040,2025-09-13,A059,Marketing,,Journal Entry,13533.37,Direct Debit,GBP,Approved,2025-09-20,INV00016040,EMP00127,USR0151,1,0,0,0,0,0,0,Finance Director,0,1,1,Medium,2025-09,1,Missing Vendor
TX0016064,2025-06-16,A045,Operations,,Payment,27763.23,Cheque,EUR,Pending,2025-06-16,INV00016064,EMP00191,USR0166,1,0,0,0,0,0,0,Finance Director,0,1,1,Medium,2025-06,1,Missing Vendor
TX0016104,2026-01-24,A012,Procurement,V0306,Credit Note,3283.84,Card,EUR,Approved,2026-01-30,INV00014806,EMP00249,USR0035,0,0,0,0,0,1,0,Senior Manager,0,1,1,Low,2026-01,0,Duplicate Invoice
TX0016127,2025-10-08,A029,IT,V0408,Credit Note,548.53,Card,GBP,Approved,2025-10-10,INV00002515,EMP00189,USR0027,0,0,0,0,0,1,0,Department Manager,0,1,1,Low,2025-10,0,Duplicate Invoice
TX0016131,2025-11-09,A062,IT,V0496,Invoice,1828.88,Cheque,GBP,Pending,2025-11-11,INV00016131,EMP00339,USR0184,0,0,0,0,0,1,0,Senior Manager,0,1,1,Low,2025-11,0,Duplicate Invoice
TX0016161,2025-06-17,A006,Procurement,V0265,Invoice,176.23,Direct Debit,GBP,Rejected,2025-06-20,INV00016161,EMP00431,USR0075,0,0,0,0,0,1,0,Department Manager,0,1,1,Low,2025-06,0,Duplicate Invoice
TX0016193,2026-02-03,A055,Marketing,V0195,Invoice,2868.24,Card,EUR,Approved,2026-01-30,INV00016193,EMP00317,USR0164,0,0,0,0,1,0,0,Senior Manager,0,1,1,Low,2026-02,0,Invalid Posting Date
TX0016203,2025-11-01,A042,Procurement,V0493,Invoice,509.09,Direct Debit,GBP,Rejected,2025-11-07,INV00016203,,USR0179,0,1,0,0,0,0,0,Department Manager,0,1,1,Low,2025-11,0,No Exception
TX0016227,2025-11-06,A056,Sales,V0122,Invoice,2236.44,Direct Debit,GBP,Approved,2025-11-04,INV00016227,EMP00271,USR0005,0,0,0,0,1,0,0,Senior Manager,0,1,1,Low,2025-11,0,Invalid Posting Date
TX0016291,2026-03-21,A069,HR,V0288,Invoice,2382.72,Direct Debit,GBP,Approved,2026-03-27,INV00016291,EMP00358,USR0048,0,0,0,0,0,1,0,Senior Manager,0,1,1,Low,2026-03,0,Duplicate Invoice
TX0016293,2026-03-07,A017,Marketing,V0233,Journal Entry,773.22,Card,GBP,Approved,2026-03-10,INV00095341,EMP00377,USR0076,0,0,0,0,0,1,0,Department Manager,0,1,1,Low,2026-03,0,Duplicate Invoice
TX0016295,2026-03-01,A022,Operations,V0096,Expense,420.91,Card,GBP,Approved,2026-03-06,INV00016295,,USR0048,0,1,0,0,0,0,0,Department Manager,0,1,1,Low,2026-03,0,No Exception
TX0016302,2025-12-18,A063,Operations,V0319,Journal Entry,1491.74,Card,GBP,Pending,2025-12-18,INV00016302,EMP00093,USR0032,0,0,0,0,0,1,0,Senior Manager,0,1,1,Low,2025-12,0,Duplicate Invoice
TX0016322,2026-03-01,A005,Procurement,V0494,Payment,1820.4,Direct Debit,USD,Approved,2026-03-02,INV00016322,,USR0056,0,1,0,0,0,0,0,Senior Manager,1,2,1,Medium,2026-03,0,Missing Approval
TX0016340,2026-03-29,A016,HR,V0479,Payment,31688.94,Cheque,EUR,Approved,2025-06-25,INV00016340,EMP00473,USR0183,0,0,0,0,1,0,1,Finance Director,0,1,1,Medium,2026-03,1,Invalid Posting Date
TX0016362,2025-09-03,A053,Sales,V0120,Payment,4192.56,Bank Transfer,EUR,Rejected,2025-09-05,INV00016362,EMP00264,USR0002,0,0,0,0,0,1,0,Senior Manager,0,1,1,Low,2025-09,0,Duplicate Invoice
TX0016403,2026-02-03,,Finance,V0159,Invoice,19063.2,Direct Debit,GBP,Pending,2026-02-06,INV00016403,EMP00225,USR0123,0,0,1,0,0,0,0,Finance Director,0,1,1,Medium,2026-02,1,Missing Account
TX0016408,2025-04-21,,Operations,,Payment,563.87,Cheque,GBP,Rejected,2025-04-21,INV00016408,EMP00283,USR0099,1,0,1,0,0,0,0,Department Manager,0,2,1,Medium,2025-04,0,Missing Vendor
TX0016472,2025-04-24,A055,Sales,,Invoice,2845.67,Cheque,EUR,Approved,2025-04-26,INV00016472,EMP00487,USR0008,1,0,0,0,0,0,0,Senior Manager,0,1,1,Low,2025-04,0,Missing Vendor
TX0016496,2025-05-25,A020,Procurement,V0270,Credit Note,2961.57,Cheque,GBP,Approved,2025-06-01,INV00016496,,USR0128,0,1,0,0,0,0,0,Senior Manager,1,2,1,Medium,2025-05,0,Missing Approval
TX0016543,2026-03-27,A064,Operations,V0015,Journal Entry,560.08,Card,GBP,Pending,2025-05-25,INV00016543,EMP00393,USR0090,0,0,0,0,1,0,1,Department Manager,0,1,1,Low,2026-03,0,Invalid Posting Date
TX0016552,2025-08-28,A041,Operations,V0075,Expense,-382.72,Bank Transfer,USD,Approved,2025-08-31,INV00016552,EMP00093,USR0049,0,0,0,1,0,0,1,Department Manager,0,1,1,Low,2025-08,0,Invalid Amount
TX0016571,2026-03-28,A022,Sales,V0180,Invoice,1644.18,Bank Transfer,GBP,Pending,2025-09-14,INV00016571,EMP00478,USR0199,0,0,0,0,1,0,1,Senior Manager,0,1,1,Low,2026-03,0,Invalid Posting Date
TX0016634,2025-09-20,A057,IT,V0102,Credit Note,1722.64,Card,EUR,Pending,2025-09-20,INV00040200,EMP00291,USR0110,0,0,0,0,0,1,0,Senior Manager,0,1,1,Low,2025-09,0,Duplicate Invoice
TX0016639,2025-11-09,A039,IT,V0406,Credit Note,238.87,Card,USD,Pending,2025-11-13,INV00016639,EMP00378,USR0043,0,0,0,0,0,1,0,Department Manager,0,1,1,Low,2025-11,0,Duplicate Invoice
TX0016653,2025-05-21,A046,HR,V0285,Journal Entry,369.35,Cheque,GBP,Approved,2025-05-25,INV00039628,EMP00427,USR0065,0,0,0,0,0,1,0,Department Manager,0,1,1,Low,2025-05,0,Duplicate Invoice
TX0016661,2026-03-27,A001,Operations,V0309,Invoice,260.53,Direct Debit,GBP,Approved,2025-12-15,INV00016661,EMP00165,USR0051,0,0,0,0,1,0,1,Department Manager,0,1,1,Low,2026-03,0,Invalid Posting Date
TX0016715,2026-03-27,A042,Operations,V0217,Invoice,1124.22,Card,GBP,Rejected,2025-07-09,INV00016715,EMP00191,USR0034,0,0,0,0,1,0,1,Senior Manager,0,1,1,Low,2026-03,0,Invalid Posting Date
TX0016731,2026-01-18,A028,Marketing,V0075,Payment,555.28,Direct Debit,USD,Approved,2026-01-18,INV00016731,EMP00157,USR0098,0,0,0,0,0,1,0,Department Manager,0,1,1,Low,2026-01,0,Duplicate Invoice
TX0016735,2026-02-17,A050,Sales,V0482,Payment,107.07,Direct Debit,GBP,Approved,2026-02-19,INV00020283,EMP00423,USR0031,0,0,0,0,0,1,0,Department Manager,0,1,1,Low,2026-02,0,Duplicate Invoice
TX0016778,2025-10-18,A071,Sales,V0346,Invoice,3359.81,Direct Debit,GBP,Pending,2025-10-23,INV00088477,EMP00413,USR0116,0,0,0,0,0,1,0,Senior Manager,0,1,1,Low,2025-10,0,Duplicate Invoice
TX0016822,2025-07-17,A064,IT,V0492,Expense,2469.05,Card,EUR,Approved,2025-07-22,INV00016822,EMP00439,USR0024,0,0,0,0,0,1,0,Senior Manager,0,1,1,Low,2025-07,0,Duplicate Invoice
TX0016836,2025-04-14,A071,Finance,V0279,Invoice,1408.48,Direct Debit,USD,Approved,2025-04-16,INV00048588,EMP00305,USR0071,0,0,0,0,0,1,0,Senior Manager,0,1,1,Low,2025-04,0,Duplicate Invoice
TX0016843,2026-03-31,A040,Sales,V0299,Journal Entry,14714.29,Direct Debit,GBP,Rejected,2025-04-14,INV00016843,EMP00342,USR0007,0,0,0,0,1,0,1,Finance Director,0,1,1,Medium,2026-03,1,Invalid Posting Date
TX0016886,2025-06-29,A032,Operations,V0368,Invoice,7636.54,Card,USD,Approved,2025-07-02,INV00016886,EMP00209,USR0122,0,0,0,0,0,1,1,Senior Manager,0,1,1,Low,2025-06,1,Duplicate Invoice
TX0016888,2026-03-27,A064,IT,V0216,Invoice,2873.15,Cheque,USD,Pending,2025-04-28,INV00016888,,USR0190,0,1,0,0,1,0,1,Senior Manager,1,3,1,High,2026-03,0,Missing Approval
TX0016894,2026-03-29,A001,IT,V0286,Journal Entry,553.63,Bank Transfer,GBP,Rejected,2026-03-03,INV00016894,EMP00282,USR0091,0,0,0,0,1,0,1,Department Manager,0,1,1,Low,2026-03,0,Invalid Posting Date
TX0016916,2025-04-15,A035,Sales,V0317,Invoice,4134.27,Cheque,GBP,Rejected,2025-04-20,INV00016916,,USR0168,0,1,0,0,0,0,0,Senior Manager,1,2,1,Medium,2025-04,0,Missing Approval
TX0016941,2026-03-27,A052,Finance,V0228,Invoice,1355.5,Cheque,GBP,Rejected,2025-09-06,INV00016941,EMP00271,USR0144,0,0,0,0,1,0,1,Senior Manager,0,1,1,Low,2026-03,0,Invalid Posting Date
TX0016959,2025-08-06,A034,Sales,V0369,Invoice,313.05,Cheque,GBP,Pending,2025-08-08,INV00016959,EMP00330,USR0119,0,0,0,0,0,1,0,Department Manager,0,1,1,Low,2025-08,0,Duplicate Invoice
TX0016960,2026-03-31,A018,Finance,V0490,Journal Entry,1223.12,Direct Debit,GBP,Approved,2026-03-09,INV00016960,EMP00330,USR0040,0,0,0,0,1,0,1,Senior Manager,0,1,1,Low,2026-03,0,Invalid Posting Date
TX0016961,2025-10-26,A052,Sales,V0292,Credit Note,654.17,Cheque,USD,Approved,2025-10-27,INV00016961,,USR0175,0,1,0,0,0,0,0,Department Manager,0,1,1,Low,2025-10,0,No Exception
TX0016978,2025-10-09,A038,Operations,V0063,Payment,255.91,Card,GBP,Approved,2025-10-06,INV00016978,EMP00286,USR0081,0,0,0,0,1,0,0,Department Manager,0,1,1,Low,2025-10,0,Invalid Posting Date
TX0017005,2026-03-27,A031,Procurement,V0158,Payment,780.97,Bank Transfer,GBP,Approved,2025-08-28,INV00017005,EMP00402,USR0082,0,0,0,0,1,0,1,Department Manager,0,1,1,Low,2026-03,0,Invalid Posting Date
TX0017006,2025-06-14,A065,IT,,Invoice,4758.11,Bank Transfer,EUR,Pending,2025-06-14,INV00017006,EMP00376,USR0112,1,0,0,0,0,0,0,Senior Manager,0,1,1,Low,2025-06,0,Missing Vendor
TX0017040,2025-06-29,,Operations,V0284,Expense,7226.02,Direct Debit,GBP,Approved,2025-06-30,INV00017040,EMP00269,USR0152,0,0,1,0,0,0,1,Senior Manager,0,1,1,Low,2025-06,1,Missing Account
TX0017095,2025-09-26,A043,Operations,V0354,Invoice,1038.71,Cheque,GBP,Pending,2025-09-25,INV00017095,EMP00295,USR0115,0,0,0,0,1,0,0,Senior Manager,0,1,1,Low,2025-09,0,Invalid Posting Date
TX0017097,2026-03-30,A028,Marketing,V0127,Payment,2384.51,Card,GBP,Pending,2026-04-01,INV00017097,,USR0077,0,1,0,0,0,0,1,Senior Manager,1,2,1,Medium,2026-03,0,Missing Approval
TX0017123,2025-12-19,A021,IT,,Journal Entry,6890.97,Direct Debit,GBP,Approved,2025-12-26,INV00020613,EMP00472,USR0002,1,0,0,0,0,1,0,Senior Manager,0,2,1,Medium,2025-12,1,Duplicate Invoice
TX0017168,2026-03-17,A063,IT,V0249,Invoice,574.74,Cheque,EUR,Pending,2026-03-14,INV00017168,EMP00342,USR0036,0,0,0,0,1,0,0,Department Manager,0,1,1,Low,2026-03,0,Invalid Posting Date
TX0017234,2025-05-10,A003,Procurement,V0418,Expense,128.5,Direct Debit,GBP,Approved,2025-05-10,INV00017234,,USR0028,0,1,0,0,0,0,0,Department Manager,0,1,1,Low,2025-05,0,No Exception
TX0017248,2025-12-21,A051,Procurement,V0204,Invoice,151.82,Cheque,GBP,Approved,2025-12-27,INV00017248,EMP00404,USR0156,0,0,0,0,0,1,0,Department Manager,0,1,1,Low,2025-12,0,Duplicate Invoice
TX0017258,2025-05-06,A077,Operations,V0022,Expense,912.3,Direct Debit,EUR,Rejected,2025-05-06,INV00045149,EMP00018,USR0095,0,0,0,0,0,1,0,Department Manager,0,1,1,Low,2025-05,0,Duplicate Invoice
TX0017278,2025-07-09,A004,Sales,V0385,Expense,-1121.56,Card,USD,Pending,2025-07-14,INV00017278,EMP00297,USR0062,0,0,0,1,0,0,0,Senior Manager,0,1,1,Low,2025-07,0,Invalid Amount
TX0017300,2026-02-12,A057,Operations,V0091,Invoice,3362.74,Direct Debit,GBP,Approved,2026-02-14,INV00098341,EMP00465,USR0153,0,0,0,0,0,1,0,Senior Manager,0,1,1,Low,2026-02,0,Duplicate Invoice
TX0017305,2025-05-26,A034,Procurement,,Journal Entry,460.59,Card,GBP,Approved,2025-05-29,INV00017305,EMP00394,USR0077,1,0,0,0,0,0,0,Department Manager,0,1,1,Low,2025-05,0,Missing Vendor
TX0017335,2025-04-17,A078,Sales,V0448,Payment,1665.86,Direct Debit,GBP,Pending,2025-04-23,INV00017335,,USR0027,0,1,0,0,0,0,0,Senior Manager,1,2,1,Medium,2025-04,0,Missing Approval
TX0017353,2025-11-28,A052,Procurement,V0430,Payment,316.23,Cheque,EUR,Pending,2025-12-04,INV00011856,EMP00095,USR0162,0,0,0,0,0,1,1,Department Manager,0,1,1,Low,2025-11,0,Duplicate Invoice
TX0017392,2026-03-31,A058,Procurement,V0069,Invoice,1372.73,Direct Debit,USD,Rejected,2025-08-04,INV00017392,EMP00472,USR0084,0,0,0,0,1,0,1,Senior Manager,0,1,1,Low,2026-03,0,Invalid Posting Date
TX0017433,2025-06-12,A070,Finance,V0010,Invoice,-615.57,Card,GBP,Approved,2025-06-16,INV00017433,EMP00013,USR0192,0,0,0,1,0,0,0,Department Manager,0,1,1,Low,2025-06,0,Invalid Amount
TX0017493,2026-03-30,A078,Marketing,V0437,Invoice,6155.38,Direct Debit,USD,Pending,2025-11-08,INV00017493,EMP00454,USR0026,0,0,0,0,1,0,1,Senior Manager,0,1,1,Low,2026-03,1,Invalid Posting Date
TX0017495,2025-06-13,A004,Marketing,V0132,Invoice,43.14,Bank Transfer,GBP,Approved,2025-06-15,INV00017495,EMP00395,USR0073,0,0,0,0,0,1,0,Department Manager,0,1,1,Low,2025-06,0,Duplicate Invoice
TX0017501,2026-03-29,A020,Finance,V0457,Expense,781.2,Card,EUR,Rejected,2026-02-01,INV00017501,EMP00079,USR0162,0,0,0,0,1,0,1,Department Manager,0,1,1,Low,2026-03,0,Invalid Posting Date
TX0017503,2026-01-30,A001,Finance,V0449,Invoice,1349.42,Card,GBP,Rejected,2026-02-04,INV00017503,EMP00058,USR0036,0,0,0,0,0,1,1,Senior Manager,0,1,1,Low,2026-01,0,Duplicate Invoice
TX0017531,2025-07-08,A051,Operations,V0392,Invoice,1691.63,Bank Transfer,GBP,Approved,2025-07-10,INV00017531,,USR0024,0,1,0,0,0,0,0,Senior Manager,1,2,1,Medium,2025-07,0,Missing Approval
TX0017552,2025-06-23,A041,Operations,,Invoice,689.21,Cheque,GBP,Approved,2025-06-28,INV00017552,EMP00154,USR0016,1,0,0,0,0,0,0,Department Manager,0,1,1,Low,2025-06,0,Missing Vendor
TX0017565,2025-08-04,A039,Finance,V0013,Payment,-92.89,Card,EUR,Approved,2025-08-04,INV00017565,EMP00298,USR0090,0,0,0,1,0,0,0,Department Manager,0,1,1,Low,2025-08,0,Invalid Amount
TX0017571,2025-06-13,A069,Sales,V0344,Credit Note,1634.92,Card,GBP,Approved,2025-06-19,INV00017571,EMP00175,USR0013,0,0,0,0,0,1,0,Senior Manager,0,1,1,Low,2025-06,0,Duplicate Invoice
TX0017573,2025-06-21,A073,Sales,V0057,Credit Note,5814.55,Cheque,EUR,Approved,2025-06-27,INV00063793,EMP00481,USR0127,0,0,0,0,0,1,0,Senior Manager,0,1,1,Low,2025-06,0,Duplicate Invoice
TX0017614,2025-05-29,A076,Sales,V0239,Expense,466.44,Card,EUR,Approved,2025-05-29,INV00017614,EMP00040,USR0004,0,0,0,0,0,1,1,Department Manager,0,1,1,Low,2025-05,0,Duplicate Invoice
TX0017633,2026-03-29,A065,Sales,V0486,Invoice,172.99,Direct Debit,USD,Rejected,2026-01-20,INV00017633,EMP00015,USR0143,0,0,0,0,1,0,1,Department Manager,0,1,1,Low,2026-03,0,Invalid Posting Date
TX0017643,2025-12-08,A063,HR,V0162,Journal Entry,18936.88,Bank Transfer,USD,Approved,2025-12-13,INV00017643,,USR0136,0,1,0,0,0,0,0,Finance Director,1,2,1,Medium,2025-12,1,Missing Approval
TX0017652,2026-03-28,A077,Procurement,V0483,Expense,333.09,Bank Transfer,GBP,Approved,2025-12-19,INV00017652,EMP00181,USR0090,0,0,0,0,1,0,1,Department Manager,0,1,1,Low,2026-03,0,Invalid Posting Date
TX0017673,2026-02-22,A065,Procurement,V0192,Invoice,780.13,Card,EUR,Pending,2026-02-24,INV00017673,EMP00461,USR0001,0,0,0,0,0,1,0,Department Manager,0,1,1,Low,2026-02,0,Duplicate Invoice
TX0017710,2025-06-02,A044,Procurement,V0277,Invoice,538.38,Bank Transfer,USD,Pending,2025-06-02,INV00007678,EMP00225,USR0173,0,0,0,0,0,1,0,Department Manager,0,1,1,Low,2025-06,0,Duplicate Invoice
TX0017753,2025-04-16,A013,Procurement,V0212,Expense,1012.89,Cheque,GBP,Approved,2025-04-16,INV00089152,EMP00198,USR0164,0,0,0,0,0,1,0,Senior Manager,0,1,1,Low,2025-04,0,Duplicate Invoice
TX0017790,2025-06-26,A074,HR,V0377,Invoice,-307.63,Direct Debit,GBP,Approved,2025-06-29,INV00017790,EMP00460,USR0050,0,0,0,1,0,0,0,Department Manager,0,1,1,Low,2025-06,0,Invalid Amount
TX0017819,2025-12-09,A008,IT,V0276,Invoice,64.35,Card,GBP,Approved,2025-12-13,INV00035991,EMP00476,USR0163,0,0,0,0,0,1,0,Department Manager,0,1,1,Low,2025-12,0,Duplicate Invoice
TX0017875,2025-09-20,A068,Finance,V0247,Invoice,3478.8,Bank Transfer,EUR,Rejected,2025-09-21,INV00017875,,USR0075,0,1,0,0,0,0,0,Senior Manager,1,2,1,Medium,2025-09,0,Missing Approval
TX0017903,2025-11-09,A037,Procurement,V0358,Invoice,1032.91,Direct Debit,EUR,Approved,2025-11-11,INV00067484,EMP00123,USR0055,0,0,0,0,0,1,0,Senior Manager,0,1,1,Low,2025-11,0,Duplicate Invoice
TX0017912,2025-09-17,A065,Procurement,V0354,Invoice,1016.12,Direct Debit,EUR,Pending,2025-09-18,INV00034081,EMP00441,USR0150,0,0,0,0,0,1,0,Senior Manager,0,1,1,Low,2025-09,0,Duplicate Invoice
TX0017920,2026-02-15,A002,Sales,V0291,Payment,1127.31,Cheque,USD,Pending,2026-02-20,INV00017920,EMP00413,USR0078,0,0,0,0,0,1,0,Senior Manager,0,1,1,Low,2026-02,0,Duplicate Invoice
TX0017934,2025-07-04,A061,Operations,V0291,Invoice,296.41,Direct Debit,GBP,Rejected,2025-07-08,INV00017934,EMP00325,USR0043,0,0,0,0,0,1,0,Department Manager,0,1,1,Low,2025-07,0,Duplicate Invoice
TX0017962,2025-09-06,A048,Marketing,V0408,Invoice,11658.43,Bank Transfer,EUR,Pending,2025-09-06,INV00017962,EMP00162,USR0131,0,0,0,0,0,1,0,Finance Director,0,1,1,Medium,2025-09,1,Duplicate Invoice
TX0017981,2025-07-06,,IT,V0425,Credit Note,912.84,Bank Transfer,USD,Approved,2025-07-12,INV00017981,EMP00446,USR0034,0,0,1,0,0,0,0,Department Manager,0,1,1,Low,2025-07,0,Missing Account
TX0018006,2025-06-08,A043,IT,V0162,Expense,2923.34,Card,GBP,Pending,2025-06-15,INV00018006,EMP00166,USR0008,0,0,0,0,0,1,0,Senior Manager,0,1,1,Low,2025-06,0,Duplicate Invoice
TX0018034,2026-01-02,A055,IT,,Invoice,151.91,Card,GBP,Approved,2026-01-06,INV00018034,EMP00158,USR0122,1,0,0,0,0,0,0,Department Manager,0,1,1,Low,2026-01,0,Missing Vendor
TX0018051,2025-09-14,A049,Operations,V0261,Expense,1756.42,Card,GBP,Pending,2025-09-20,INV00068792,EMP00215,USR0030,0,0,0,0,0,1,0,Senior Manager,0,1,1,Low,2025-09,0,Duplicate Invoice
TX0018055,2026-03-31,A061,HR,V0415,Invoice,7097.98,Cheque,EUR,Pending,2025-10-12,INV00018055,EMP00430,USR0014,0,0,0,0,1,0,1,Senior Manager,0,1,1,Low,2026-03,1,Invalid Posting Date
TX0018096,2025-12-08,A041,Sales,V0438,Invoice,4370.59,Bank Transfer,USD,Approved,2025-12-12,INV00031923,EMP00244,USR0051,0,0,0,0,0,1,0,Senior Manager,0,1,1,Low,2025-12,0,Duplicate Invoice
TX0018138,2025-10-21,A075,Sales,,Invoice,2501.28,Bank Transfer,USD,Approved,2025-10-26,INV00018138,EMP00135,USR0033,1,0,0,0,0,0,0,Senior Manager,0,1,1,Low,2025-10,0,Missing Vendor
TX0018146,2025-07-26,A068,IT,V0096,Journal Entry,3954.12,Cheque,GBP,Approved,2025-07-28,INV00018146,EMP00366,USR0161,0,0,0,0,0,1,0,Senior Manager,0,1,1,Low,2025-07,0,Duplicate Invoice
TX0018161,2025-04-15,A056,Procurement,,Invoice,44.1,Cheque,GBP,Approved,2025-04-16,INV00018161,EMP00266,USR0116,1,0,0,0,0,0,0,Department Manager,0,1,1,Low,2025-04,0,Missing Vendor
TX0018176,2025-07-04,A003,Sales,V0477,Credit Note,3937.48,Direct Debit,GBP,Approved,2025-07-07,INV00018176,,USR0174,0,1,0,0,0,0,0,Senior Manager,1,2,1,Medium,2025-07,0,Missing Approval
TX0018203,2025-05-22,A046,Operations,V0254,Invoice,2569.24,Direct Debit,EUR,Approved,2025-05-26,INV00079278,EMP00323,USR0183,0,0,0,0,0,1,0,Senior Manager,0,1,1,Low,2025-05,0,Duplicate Invoice
TX0018222,2025-08-29,A043,Finance,V0383,Expense,4652.81,Card,GBP,Pending,2025-09-02,INV00018222,,USR0020,0,1,0,0,0,0,1,Senior Manager,1,2,1,Medium,2025-08,0,Missing Approval
TX0018242,2025-05-19,A031,Marketing,V0177,Invoice,21378.24,Bank Transfer,USD,Pending,2025-05-25,INV00018242,EMP00132,USR0074,0,0,0,0,0,1,0,Finance Director,0,1,1,Medium,2025-05,1,Duplicate Invoice
TX0018250,2026-03-29,A067,Finance,,Credit Note,1253.15,Cheque,GBP,Approved,2025-05-02,INV00018250,EMP00405,USR0183,1,0,0,0,1,0,1,Senior Manager,0,2,1,Medium,2026-03,0,Missing Vendor
TX0018254,2025-07-06,A036,Sales,V0467,Invoice,1261.9,Card,GBP,Approved,2025-07-10,INV00018254,,USR0071,0,1,0,0,0,0,0,Senior Manager,1,2,1,Medium,2025-07,0,Missing Approval
TX0018266,2025-05-24,A039,Sales,V0033,Journal Entry,10369.93,Direct Debit,USD,Approved,2025-05-20,INV00018266,EMP00072,USR0092,0,0,0,0,1,0,0,Finance Director,0,1,1,Medium,2025-05,1,Invalid Posting Date
TX0018282,2025-05-22,A035,Operations,,Invoice,5882.97,Card,EUR,Approved,2025-05-25,INV00018282,EMP00101,USR0027,1,0,0,0,0,0,0,Senior Manager,0,1,1,Low,2025-05,1,Missing Vendor
TX0018293,2025-10-03,A004,Procurement,V0419,Invoice,8690.81,Direct Debit,GBP,Approved,2025-10-10,INV00018293,EMP00415,USR0108,0,0,0,0,0,1,0,Senior Manager,0,1,1,Low,2025-10,1,Duplicate Invoice
TX0018330,2025-07-06,A005,Operations,V0157,Invoice,1253.37,Bank Transfer,GBP,Pending,2025-07-08,INV00001431,EMP00401,USR0166,0,0,0,0,0,1,0,Senior Manager,0,1,1,Low,2025-07,0,Duplicate Invoice
TX0018332,2025-04-07,A014,HR,V0094,Invoice,1034.89,Card,EUR,Approved,2025-04-08,INV00018332,EMP00478,USR0156,0,0,0,0,0,1,0,Senior Manager,0,1,1,Low,2025-04,0,Duplicate Invoice
TX0018355,2026-03-30,A050,HR,V0140,Invoice,2072.13,Cheque,GBP,Pending,2026-01-26,INV00018355,EMP00458,USR0037,0,0,0,0,1,0,1,Senior Manager,0,1,1,Low,2026-03,0,Invalid Posting Date
TX0018360,2025-06-12,A034,Sales,V0085,Journal Entry,-10841.71,Cheque,EUR,Approved,2025-06-19,INV00018360,EMP00230,USR0136,0,0,0,1,0,0,0,Finance Director,0,1,1,Medium,2025-06,0,Invalid Amount
TX0018374,2025-07-07,A017,Operations,V0162,Invoice,4833.51,Bank Transfer,GBP,Approved,2025-07-09,INV00018374,,USR0069,0,1,0,0,0,1,0,Senior Manager,1,3,1,High,2025-07,0,Duplicate Invoice
TX0018410,2026-02-06,A026,Marketing,V0205,Payment,1456.99,Cheque,GBP,Rejected,2026-02-08,INV00018410,,USR0138,0,1,0,0,0,0,0,Senior Manager,1,2,1,Medium,2026-02,0,Missing Approval
TX0018429,2025-05-08,A022,Finance,,Payment,2758.77,Direct Debit,USD,Pending,2025-05-10,INV00018429,EMP00181,USR0102,1,0,0,0,0,0,0,Senior Manager,0,1,1,Low,2025-05,0,Missing Vendor
TX0018480,2026-03-30,A046,HR,V0471,Invoice,187.62,Direct Debit,GBP,Approved,2026-04-06,INV00067925,EMP00437,USR0130,0,0,0,0,0,1,1,Department Manager,0,1,1,Low,2026-03,0,Duplicate Invoice
TX0018481,2025-11-27,A031,Finance,V0403,Credit Note,-4789.82,Cheque,GBP,Approved,2025-11-28,INV00018481,EMP00033,USR0099,0,0,0,1,0,0,1,Senior Manager,0,1,1,Low,2025-11,0,Invalid Amount
TX0018486,2025-09-24,A043,Procurement,V0397,Invoice,13075.5,Direct Debit,GBP,Approved,2025-09-28,INV00018486,EMP00221,USR0059,0,0,0,0,0,1,0,Finance Director,0,1,1,Medium,2025-09,1,Duplicate Invoice
TX0018598,2025-12-12,A067,Sales,,Invoice,537.63,Direct Debit,GBP,Approved,2025-12-19,INV00018598,EMP00325,USR0116,1,0,0,0,0,0,0,Department Manager,0,1,1,Low,2025-12,0,Missing Vendor
TX0018635,2026-01-17,A034,IT,V0292,Invoice,1149.92,Direct Debit,USD,Approved,2026-01-22,INV00018635,EMP00373,USR0030,0,0,0,0,0,1,0,Senior Manager,0,1,1,Low,2026-01,0,Duplicate Invoice
TX0018654,2026-03-29,A006,Marketing,V0379,Journal Entry,884.12,Cheque,GBP,Approved,2025-07-03,INV00018654,EMP00284,USR0134,0,0,0,0,1,0,1,Department Manager,0,1,1,Low,2026-03,0,Invalid Posting Date
TX0018678,2026-03-21,A008,Procurement,V0151,Invoice,972.47,Cheque,GBP,Rejected,2026-03-27,INV00053071,EMP00357,USR0060,0,0,0,0,0,1,0,Department Manager,0,1,1,Low,2026-03,0,Duplicate Invoice
TX0018743,2025-06-08,A020,Operations,V0257,Credit Note,2060.05,Cheque,USD,Approved,2025-06-11,INV00018743,EMP00259,USR0130,0,0,0,0,0,1,0,Senior Manager,0,1,1,Low,2025-06,0,Duplicate Invoice
TX0018765,2025-04-17,A027,Operations,,Payment,704.05,Card,EUR,Pending,2025-04-17,INV00018765,EMP00287,USR0166,1,0,0,0,0,0,0,Department Manager,0,1,1,Low,2025-04,0,Missing Vendor
TX0018794,2025-08-30,A080,Sales,V0482,Invoice,359.32,Card,GBP,Approved,2025-09-01,INV00024627,EMP00398,USR0077,0,0,0,0,0,1,1,Department Manager,0,1,1,Low,2025-08,0,Duplicate Invoice
TX0018850,2026-03-29,A042,HR,V0429,Invoice,4300.5,Cheque,EUR,Pending,2026-03-30,INV00018850,,USR0097,0,1,0,0,0,0,1,Senior Manager,1,2,1,Medium,2026-03,0,Missing Approval
TX0018851,2026-03-29,A080,Finance,V0181,Payment,10018.59,Direct Debit,GBP,Pending,2025-05-27,INV00018851,EMP00076,USR0116,0,0,0,0,1,0,1,Finance Director,0,1,1,Medium,2026-03,1,Invalid Posting Date
TX0018916,2026-03-13,A009,Sales,V0074,Credit Note,644.0,Bank Transfer,USD,Approved,2026-03-10,INV00018916,EMP00499,USR0107,0,0,0,0,1,0,0,Department Manager,0,1,1,Low,2026-03,0,Invalid Posting Date
TX0018950,2025-06-27,A059,HR,V0019,Invoice,4150.95,Card,USD,Pending,2025-07-01,INV00018950,EMP00148,USR0158,0,0,0,0,0,1,1,Senior Manager,0,1,1,Low,2025-06,0,Duplicate Invoice
TX0018965,2026-03-29,A074,Operations,V0375,Invoice,374.5,Cheque,GBP,Rejected,2025-08-17,INV00018965,EMP00008,USR0162,0,0,0,0,1,0,1,Department Manager,0,1,1,Low,2026-03,0,Invalid Posting Date
TX0018984,2026-02-07,A004,Procurement,,Expense,3499.33,Cheque,GBP,Approved,2026-02-08,INV00018984,EMP00437,USR0103,1,0,0,0,0,0,0,Senior Manager,0,1,1,Low,2026-02,0,Missing Vendor
TX0019023,2026-01-23,A079,Operations,,Expense,1199.11,Bank Transfer,USD,Approved,2026-01-24,INV00019023,EMP00439,USR0138,1,0,0,0,0,0,0,Senior Manager,0,1,1,Low,2026-01,0,Missing Vendor
TX0019027,2025-05-11,A017,Sales,V0308,Expense,3303.44,Cheque,EUR,Approved,2025-05-12,INV00008286,EMP00196,USR0153,0,0,0,0,0,1,0,Senior Manager,0,1,1,Low,2025-05,0,Duplicate Invoice
TX0019107,2026-03-29,A066,Operations,V0001,Invoice,2571.38,Card,EUR,Pending,2026-01-31,INV00019107,EMP00018,USR0009,0,0,0,0,1,0,1,Senior Manager,0,1,1,Low,2026-03,0,Invalid Posting Date
TX0019111,2025-06-03,A014,Sales,V0363,Credit Note,2228.4,Direct Debit,USD,Pending,2025-06-09,INV00019111,,USR0051,0,1,0,0,0,0,0,Senior Manager,1,2,1,Medium,2025-06,0,Missing Approval
TX0019114,2026-03-24,A063,Finance,V0337,Invoice,171.23,Cheque,GBP,Approved,2026-03-31,INV00019114,EMP00087,USR0106,0,0,0,0,0,1,0,Department Manager,0,1,1,Low,2026-03,0,Duplicate Invoice
TX0019129,2025-04-19,,IT,V0352,Invoice,4127.25,Direct Debit,GBP,Rejected,2025-04-22,INV00019129,EMP00020,USR0189,0,0,1,0,0,0,0,Senior Manager,0,1,1,Low,2025-04,0,Missing Account
TX0019170,2026-02-18,A043,Sales,V0029,Invoice,3084.84,Cheque,EUR,Rejected,2026-02-19,INV00080918,EMP00476,USR0117,0,0,0,0,0,1,0,Senior Manager,0,1,1,Low,2026-02,0,Duplicate Invoice
TX0019184,2025-07-19,A039,Procurement,V0161,Expense,261.01,Cheque,EUR,Rejected,2025-07-25,INV00019184,,USR0166,0,1,0,0,0,0,0,Department Manager,0,1,1,Low,2025-07,0,No Exception
TX0019201,2026-03-28,A077,Procurement,V0302,Journal Entry,14870.24,Cheque,EUR,Rejected,2026-03-10,INV00019201,EMP00484,USR0116,0,0,0,0,1,0,1,Finance Director,0,1,1,Medium,2026-03,1,Invalid Posting Date
TX0019213,2025-04-18,A066,Sales,V0028,Invoice,1780.04,Cheque,GBP,Rejected,2025-04-19,INV00019213,EMP00228,USR0169,0,0,0,0,0,1,0,Senior Manager,0,1,1,Low,2025-04,0,Duplicate Invoice
TX0019235,2025-11-03,A056,HR,V0324,Journal Entry,1159.73,Direct Debit,GBP,Approved,2025-11-06,INV00021326,EMP00121,USR0049,0,0,0,0,0,1,0,Senior Manager,0,1,1,Low,2025-11,0,Duplicate Invoice
TX0019244,2026-01-05,A010,Procurement,,Journal Entry,3816.21,Cheque,GBP,Approved,2026-01-12,INV00019244,EMP00445,USR0096,1,0,0,0,0,0,0,Senior Manager,0,1,1,Low,2026-01,0,Missing Vendor
TX0019259,2025-06-17,A003,Procurement,,Invoice,308.04,Card,GBP,Approved,2025-06-24,INV00019259,EMP00005,USR0026,1,0,0,0,0,0,0,Department Manager,0,1,1,Low,2025-06,0,Missing Vendor
TX0019264,2025-12-11,A021,Finance,V0245,Payment,14135.77,Card,GBP,Approved,2025-12-12,INV00019264,EMP00470,USR0098,0,0,0,0,0,1,0,Finance Director,0,1,1,Medium,2025-12,1,Duplicate Invoice
TX0019279,2026-03-28,A035,HR,V0090,Expense,9035.91,Direct Debit,GBP,Pending,2025-10-28,INV00019279,EMP00023,USR0008,0,0,0,0,1,0,1,Senior Manager,0,1,1,Low,2026-03,1,Invalid Posting Date
TX0019389,2026-03-29,A060,Procurement,V0182,Payment,1400.24,Cheque,GBP,Approved,2025-10-03,INV00019389,EMP00102,USR0044,0,0,0,0,1,0,1,Senior Manager,0,1,1,Low,2026-03,0,Invalid Posting Date
TX0019390,2026-03-27,A050,Operations,V0048,Credit Note,660.97,Cheque,EUR,Pending,2026-01-11,INV00000576,EMP00480,USR0076,0,0,0,0,1,1,1,Department Manager,0,2,1,Medium,2026-03,0,Duplicate Invoice
TX0019434,2026-03-31,A062,Finance,V0231,Journal Entry,531.0,Bank Transfer,GBP,Approved,2026-01-20,INV00019434,EMP00438,USR0014,0,0,0,0,1,0,1,Department Manager,0,1,1,Low,2026-03,0,Invalid Posting Date
TX0019443,2026-03-29,A051,Sales,V0142,Invoice,2330.63,Cheque,GBP,Approved,2026-01-16,INV00019443,EMP00291,USR0123,0,0,0,0,1,0,1,Senior Manager,0,1,1,Low,2026-03,0,Invalid Posting Date
TX0019448,2025-10-01,A040,Sales,V0112,Invoice,97.92,Card,GBP,Rejected,2025-10-03,INV00019448,EMP00440,USR0116,0,0,0,0,0,1,0,Department Manager,0,1,1,Low,2025-10,0,Duplicate Invoice
TX0019488,2025-08-11,A021,Sales,V0105,Invoice,379.92,Bank Transfer,USD,Rejected,2025-08-11,INV00028675,EMP00179,USR0036,0,0,0,0,0,1,0,Department Manager,0,1,1,Low,2025-08,0,Duplicate Invoice
TX0019518,2026-03-30,A068,Marketing,V0305,Credit Note,2988.46,Card,GBP,Approved,2026-01-08,INV00019518,EMP00409,USR0154,0,0,0,0,1,0,1,Senior Manager,0,1,1,Low,2026-03,0,Invalid Posting Date
TX0019520,2025-04-07,A072,IT,V0496,Payment,-228.31,Direct Debit,EUR,Pending,2025-04-07,INV00019520,EMP00183,USR0191,0,0,0,1,0,0,0,Department Manager,0,1,1,Low,2025-04,0,Invalid Amount
TX0019531,2026-03-28,A032,Finance,V0246,Invoice,958.43,Direct Debit,GBP,Approved,2025-05-26,INV00019531,EMP00226,USR0191,0,0,0,0,1,0,1,Department Manager,0,1,1,Low,2026-03,0,Invalid Posting Date
TX0019539,2026-03-12,A078,IT,V0017,Invoice,2348.58,Card,EUR,Rejected,2026-03-18,INV00026304,EMP00413,USR0079,0,0,0,0,0,1,0,Senior Manager,0,1,1,Low,2026-03,0,Duplicate Invoice
TX0019550,2026-01-20,A004,Sales,V0227,Invoice,2397.19,Bank Transfer,EUR,Approved,2026-01-21,INV00019550,,USR0162,0,1,0,0,0,0,0,Senior Manager,1,2,1,Medium,2026-01,0,Missing Approval
TX0019578,2026-02-02,A031,HR,V0050,Payment,215.45,Card,EUR,Approved,2026-02-05,INV00019578,,USR0025,0,1,0,0,0,0,0,Department Manager,0,1,1,Low,2026-02,0,No Exception
TX0019582,2025-08-29,A066,Procurement,V0129,Invoice,-1258.42,Cheque,EUR,Approved,2025-09-05,INV00019582,EMP00216,USR0145,0,0,0,1,0,0,1,Senior Manager,0,1,1,Low,2025-08,0,Invalid Amount
TX0019604,2026-03-31,A064,HR,V0282,Payment,4534.16,Direct Debit,GBP,Approved,2025-12-08,INV00019604,EMP00315,USR0188,0,0,0,0,1,0,1,Senior Manager,0,1,1,Low,2026-03,0,Invalid Posting Date
TX0019605,2025-08-24,A047,Sales,V0203,Invoice,285.37,Direct Debit,GBP,Approved,2025-08-22,INV00019605,EMP00073,USR0148,0,0,0,0,1,0,0,Department Manager,0,1,1,Low,2025-08,0,Invalid Posting Date
TX0019607,2026-03-18,A048,IT,V0044,Payment,2939.3,Direct Debit,GBP,Approved,2026-03-18,INV00019607,,USR0045,0,1,0,0,0,0,0,Senior Manager,1,2,1,Medium,2026-03,0,Missing Approval
TX0019617,2026-01-27,A069,Sales,V0226,Expense,60.84,Cheque,EUR,Rejected,2026-01-26,INV00019617,EMP00237,USR0064,0,0,0,0,1,0,1,Department Manager,0,1,1,Low,2026-01,0,Invalid Posting Date
TX0019663,2026-03-29,A039,IT,V0275,Invoice,1950.17,Bank Transfer,GBP,Pending,2025-09-14,INV00019663,EMP00001,USR0180,0,0,0,0,1,1,1,Senior Manager,0,2,1,Medium,2026-03,0,Duplicate Invoice
TX0019709,2025-08-31,A062,HR,V0070,Invoice,3063.03,Card,GBP,Pending,2025-09-02,INV00021615,EMP00108,USR0088,0,0,0,0,0,1,1,Senior Manager,0,1,1,Low,2025-08,0,Duplicate Invoice
TX0019778,2026-03-29,A005,Operations,V0267,Payment,2956.01,Cheque,GBP,Approved,2025-11-01,INV00019778,EMP00118,USR0025,0,0,0,0,1,0,1,Senior Manager,0,1,1,Low,2026-03,0,Invalid Posting Date
TX0019779,2025-06-10,A049,Finance,V0351,Journal Entry,578.64,Cheque,EUR,Rejected,2025-06-14,INV00019779,EMP00172,USR0062,0,0,0,0,0,1,0,Department Manager,0,1,1,Low,2025-06,0,Duplicate Invoice
TX0019793,2025-05-11,A033,HR,V0297,Payment,2298.31,Bank Transfer,GBP,Approved,2025-05-12,INV00019793,EMP00125,USR0193,0,0,0,0,0,1,0,Senior Manager,0,1,1,Low,2025-05,0,Duplicate Invoice
TX0019800,2025-10-14,A045,Procurement,V0485,Payment,353.45,Card,USD,Rejected,2025-10-20,INV00019800,,USR0097,0,1,0,0,0,0,0,Department Manager,0,1,1,Low,2025-10,0,No Exception
TX0019811,2026-03-27,A022,Procurement,V0054,Invoice,2688.16,Cheque,USD,Approved,2026-02-12,INV00019811,EMP00130,USR0177,0,0,0,0,1,0,1,Senior Manager,0,1,1,Low,2026-03,0,Invalid Posting Date
TX0019819,2025-08-07,A078,Marketing,V0380,Invoice,1249.0,Bank Transfer,USD,Approved,2025-08-11,INV00019819,,USR0049,0,1,0,0,0,0,0,Senior Manager,1,2,1,Medium,2025-08,0,Missing Approval
TX0019835,2025-09-03,,Operations,V0357,Invoice,2137.41,Bank Transfer,GBP,Approved,2025-09-03,INV00019835,EMP00340,USR0084,0,0,1,0,0,0,0,Senior Manager,0,1,1,Low,2025-09,0,Missing Account
TX0019865,2026-03-29,A050,HR,V0056,Invoice,232.41,Direct Debit,GBP,Rejected,2026-02-18,INV00019865,EMP00470,USR0185,0,0,0,0,1,1,1,Department Manager,0,2,1,Medium,2026-03,0,Duplicate Invoice
TX0019875,2025-12-12,A047,Finance,V0335,Invoice,18876.01,Bank Transfer,GBP,Rejected,2025-12-19,INV00019875,,USR0020,0,1,0,0,0,0,0,Finance Director,1,2,1,Medium,2025-12,1,Missing Approval
TX0019876,2025-07-25,A001,Operations,,Expense,1092.31,Card,GBP,Rejected,2025-07-29,INV00019876,EMP00100,USR0164,1,0,0,0,0,0,0,Senior Manager,0,1,1,Low,2025-07,0,Missing Vendor
TX0019882,2025-05-23,A030,Finance,V0024,Expense,1285.97,Card,USD,Approved,2025-05-23,INV00036138,EMP00479,USR0046,0,0,0,0,0,1,0,Senior Manager,0,1,1,Low,2025-05,0,Duplicate Invoice
TX0019884,2025-09-06,A043,IT,,Invoice,2324.9,Direct Debit,GBP,Approved,2025-09-07,INV00019884,EMP00101,USR0017,1,0,0,0,0,0,0,Senior Manager,0,1,1,Low,2025-09,0,Missing Vendor
TX0019913,2026-03-28,A068,Sales,V0272,Invoice,782.17,Direct Debit,USD,Approved,2025-08-29,INV00019913,EMP00076,USR0019,0,0,0,0,1,0,1,Department Manager,0,1,1,Low,2026-03,0,Invalid Posting Date
TX0019947,2025-07-29,,Operations,V0033,Invoice,317.71,Card,GBP,Rejected,2025-08-01,INV00019947,EMP00470,USR0177,0,0,1,0,0,0,1,Department Manager,0,1,1,Low,2025-07,0,Missing Account
TX0019954,2025-04-12,A061,IT,,Journal Entry,1242.31,Cheque,GBP,Approved,2025-04-16,INV00019954,EMP00488,USR0079,1,0,0,0,0,0,0,Senior Manager,0,1,1,Low,2025-04,0,Missing Vendor
TX0019960,2026-03-28,A001,Procurement,V0109,Invoice,3124.12,Bank Transfer,GBP,Approved,2025-10-16,INV00019960,EMP00086,USR0128,0,0,0,0,1,0,1,Senior Manager,0,1,1,Low,2026-03,0,Invalid Posting Date
TX0019967,2025-10-31,A060,HR,V0389,Invoice,938.99,Bank Transfer,GBP,Approved,2025-11-03,INV00019967,EMP00402,USR0147,0,0,0,0,0,1,1,Department Manager,0,1,1,Low,2025-10,0,Duplicate Invoice
TX0019994,2026-03-11,A023,IT,V0222,Invoice,431.22,Cheque,GBP,Approved,2026-03-18,INV00082418,EMP00106,USR0050,0,0,0,0,0,1,0,Department Manager,0,1,1,Low,2026-03,0,Duplicate Invoice
TX0020001,2025-05-29,A059,Procurement,V0069,Credit Note,9648.28,Direct Debit,GBP,Approved,2025-05-30,INV00020001,EMP00402,USR0144,0,0,0,0,0,1,1,Senior Manager,0,1,1,Low,2025-05,1,Duplicate Invoice
TX0020060,2026-03-27,A029,IT,V0069,Credit Note,3837.98,Cheque,USD,Approved,2025-05-01,INV00020060,EMP00092,USR0063,0,0,0,0,1,0,1,Senior Manager,0,1,1,Low,2026-03,0,Invalid Posting Date
TX0020087,2025-08-13,A038,Operations,V0301,Journal Entry,953.96,Card,GBP,Approved,2025-08-15,INV00020087,EMP00219,USR0169,0,0,0,0,0,1,0,Department Manager,0,1,1,Low,2025-08,0,Duplicate Invoice
TX0020104,2026-03-29,A003,Sales,V0455,Payment,591.09,Card,GBP,Approved,2026-01-25,INV00020104,EMP00252,USR0164,0,0,0,0,1,0,1,Department Manager,0,1,1,Low,2026-03,0,Invalid Posting Date
TX0020135,2025-12-24,A011,Marketing,V0436,Invoice,-2296.94,Card,GBP,Pending,2025-12-27,INV00020135,EMP00165,USR0186,0,0,0,1,0,0,0,Senior Manager,0,1,1,Low,2025-12,0,Invalid Amount
TX0020137,2025-04-08,A042,Sales,V0148,Invoice,6247.93,Card,USD,Pending,2025-04-11,INV00020137,,USR0183,0,1,0,0,0,0,0,Senior Manager,1,2,1,Medium,2025-04,1,Missing Approval
TX0020150,2026-03-29,A052,Operations,V0011,Invoice,310.41,Cheque,EUR,Approved,2025-12-31,INV00020150,,USR0065,0,1,0,0,1,0,1,Department Manager,0,2,1,Medium,2026-03,0,Invalid Posting Date
TX0020193,2025-11-14,A058,Procurement,V0313,Payment,8258.01,Bank Transfer,EUR,Pending,2025-11-16,INV00051686,EMP00201,USR0106,0,0,0,0,0,1,0,Senior Manager,0,1,1,Low,2025-11,1,Duplicate Invoice
TX0020221,2026-01-02,A052,HR,V0070,Journal Entry,-318.22,Bank Transfer,EUR,Approved,2026-01-07,INV00020221,EMP00460,USR0057,0,0,0,1,0,0,0,Department Manager,0,1,1,Low,2026-01,0,Invalid Amount
TX0020232,2025-09-23,A067,Operations,V0027,Invoice,354.53,Bank Transfer,EUR,Pending,2025-09-23,INV00018950,EMP00161,USR0123,0,0,0,0,0,1,0,Department Manager,0,1,1,Low,2025-09,0,Duplicate Invoice
TX0020241,2025-11-22,A066,HR,V0137,Credit Note,-2044.95,Cheque,EUR,Pending,2025-11-23,INV00020241,EMP00344,USR0105,0,0,0,1,0,0,0,Senior Manager,0,1,1,Low,2025-11,0,Invalid Amount
TX0020250,2025-04-04,A007,HR,V0140,Journal Entry,6768.42,Bank Transfer,GBP,Pending,2025-04-08,INV00020250,,USR0171,0,1,0,0,0,0,0,Senior Manager,1,2,1,Medium,2025-04,1,Missing Approval
TX0020283,2025-08-18,A028,Procurement,V0442,Invoice,246.7,Card,GBP,Approved,2025-08-18,INV00020283,EMP00158,USR0014,0,0,0,0,0,1,0,Department Manager,0,1,1,Low,2025-08,0,Duplicate Invoice
TX0020287,2026-03-12,A048,HR,V0011,Journal Entry,2151.28,Direct Debit,USD,Rejected,2026-03-18,INV00020287,,USR0105,0,1,0,0,0,0,0,Senior Manager,1,2,1,Medium,2026-03,0,Missing Approval
TX0020293,2025-08-03,A068,HR,V0113,Invoice,1245.2,Card,GBP,Pending,2025-08-06,INV00020293,EMP00170,USR0093,0,0,0,0,0,1,0,Senior Manager,0,1,1,Low,2025-08,0,Duplicate Invoice
TX0020312,2026-03-30,A010,IT,V0056,Invoice,409.22,Cheque,GBP,Pending,2025-05-31,INV00020312,EMP00221,USR0143,0,0,0,0,1,0,1,Department Manager,0,1,1,Low,2026-03,0,Invalid Posting Date
TX0020325,2025-09-12,A079,Operations,V0388,Invoice,421.03,Cheque,EUR,Pending,2025-09-19,INV00020325,,USR0169,0,1,0,0,0,0,0,Department Manager,0,1,1,Low,2025-09,0,No Exception
TX0020331,2025-10-04,A017,Operations,V0190,Credit Note,1305.39,Bank Transfer,GBP,Approved,2025-10-09,INV00020331,EMP00183,USR0140,0,0,0,0,0,1,0,Senior Manager,0,1,1,Low,2025-10,0,Duplicate Invoice
TX0020335,2025-12-16,A060,Finance,V0290,Invoice,4323.33,Bank Transfer,GBP,Approved,2025-12-18,INV00020335,EMP00400,USR0011,0,0,0,0,0,1,0,Senior Manager,0,1,1,Low,2025-12,0,Duplicate Invoice
TX0020339,2025-12-18,A052,HR,V0369,Invoice,1413.49,Bank Transfer,GBP,Pending,2025-12-15,INV00020339,EMP00332,USR0131,0,0,0,0,1,0,0,Senior Manager,0,1,1,Low,2025-12,0,Invalid Posting Date
TX0020404,2026-03-30,A076,HR,V0119,Invoice,374.8,Card,GBP,Pending,2025-08-30,INV00020404,EMP00446,USR0119,0,0,0,0,1,0,1,Department Manager,0,1,1,Low,2026-03,0,Invalid Posting Date
TX0020407,2026-03-09,A040,Operations,V0389,Invoice,740.78,Bank Transfer,USD,Approved,2026-03-16,INV00034497,EMP00340,USR0131,0,0,0,0,0,1,0,Department Manager,0,1,1,Low,2026-03,0,Duplicate Invoice
TX0020410,2026-03-30,A015,Finance,V0321,Payment,1663.3,Direct Debit,GBP,Rejected,2026-03-01,INV00020410,EMP00420,USR0100,0,0,0,0,1,0,1,Senior Manager,0,1,1,Low,2026-03,0,Invalid Posting Date
TX0020425,2025-06-19,A066,Marketing,V0209,Journal Entry,643.18,Bank Transfer,GBP,Approved,2025-06-23,INV00020425,EMP00385,USR0027,0,0,0,0,0,1,0,Department Manager,0,1,1,Low,2025-06,0,Duplicate Invoice
TX0020428,2025-10-19,A072,Operations,V0199,Journal Entry,2097.22,Direct Debit,GBP,Approved,2025-10-20,INV00020428,EMP00243,USR0101,0,0,0,0,0,1,0,Senior Manager,0,1,1,Low,2025-10,0,Duplicate Invoice
TX0020442,2025-06-13,A004,Operations,V0172,Expense,2327.11,Direct Debit,EUR,Approved,2025-06-18,INV00066703,EMP00022,USR0159,0,0,0,0,0,1,0,Senior Manager,0,1,1,Low,2025-06,0,Duplicate Invoice
TX0020469,2025-07-11,A067,Finance,V0482,Invoice,2992.18,Direct Debit,GBP,Pending,2025-07-12,INV00079023,EMP00038,USR0139,0,0,0,0,0,1,0,Senior Manager,0,1,1,Low,2025-07,0,Duplicate Invoice
TX0020474,2025-05-25,A052,Marketing,V0376,Invoice,-6207.3,Cheque,EUR,Approved,2025-05-29,INV00020474,EMP00198,USR0002,0,0,0,1,0,0,0,Senior Manager,0,1,1,Low,2025-05,0,Invalid Amount
TX0020478,2025-04-10,A080,Sales,,Credit Note,1000.57,Bank Transfer,EUR,Approved,2025-04-11,INV00020478,EMP00396,USR0048,1,0,0,0,0,0,0,Senior Manager,0,1,1,Low,2025-04,0,Missing Vendor
TX0020499,2026-03-31,A050,Marketing,V0423,Expense,1868.33,Card,GBP,Approved,2026-03-12,INV00020499,EMP00478,USR0092,0,0,0,0,1,0,1,Senior Manager,0,1,1,Low,2026-03,0,Invalid Posting Date
TX0020506,2025-05-06,A003,Sales,V0481,Expense,884.85,Bank Transfer,GBP,Approved,2025-05-12,INV00094213,EMP00245,USR0013,0,0,0,0,0,1,0,Department Manager,0,1,1,Low,2025-05,0,Duplicate Invoice
TX0020524,2026-03-27,A057,IT,V0371,Invoice,2386.27,Card,EUR,Approved,2025-09-30,INV00020524,EMP00124,USR0073,0,0,0,0,1,0,1,Senior Manager,0,1,1,Low,2026-03,0,Invalid Posting Date
TX0020543,2026-02-01,A024,HR,V0175,Credit Note,4195.59,Cheque,GBP,Approved,2026-02-04,INV00016639,EMP00460,USR0046,0,0,0,0,0,1,0,Senior Manager,0,1,1,Low,2026-02,0,Duplicate Invoice
TX0020544,2026-03-29,A012,Operations,V0422,Journal Entry,5673.4,Direct Debit,GBP,Rejected,2025-05-08,INV00020544,EMP00360,USR0019,0,0,0,0,1,0,1,Senior Manager,0,1,1,Low,2026-03,0,Invalid Posting Date
TX0020613,2025-10-23,A045,Finance,V0044,Journal Entry,1278.92,Cheque,GBP,Pending,2025-10-28,INV00020613,EMP00205,USR0129,0,0,0,0,0,1,0,Senior Manager,0,1,1,Low,2025-10,0,Duplicate Invoice
TX0020643,2025-06-05,A067,Sales,V0226,Invoice,461.7,Direct Debit,USD,Approved,2025-06-04,INV00020643,EMP00212,USR0046,0,0,0,0,1,0,0,Department Manager,0,1,1,Low,2025-06,0,Invalid Posting Date
TX0020666,2026-03-29,A022,Sales,V0427,Expense,4671.53,Card,USD,Approved,2025-05-28,INV00020666,EMP00047,USR0051,0,0,0,0,1,0,1,Senior Manager,0,1,1,Low,2026-03,0,Invalid Posting Date
TX0020682,2025-07-16,A037,Procurement,V0196,Invoice,301.85,Bank Transfer,USD,Approved,2025-07-15,INV00020682,EMP00248,USR0068,0,0,0,0,1,0,0,Department Manager,0,1,1,Low,2025-07,0,Invalid Posting Date
TX0020683,2026-01-22,A037,Operations,V0340,Invoice,8661.57,Bank Transfer,GBP,Rejected,2026-01-26,INV00036695,EMP00498,USR0107,0,0,0,0,0,1,0,Senior Manager,0,1,1,Low,2026-01,1,Duplicate Invoice
TX0020718,2026-03-28,A016,Sales,V0240,Invoice,358.4,Bank Transfer,GBP,Approved,2025-08-17,INV00020718,EMP00286,USR0125,0,0,0,0,1,0,1,Department Manager,0,1,1,Low,2026-03,0,Invalid Posting Date
TX0020724,2025-10-11,A070,Operations,V0357,Credit Note,1778.67,Direct Debit,USD,Approved,2025-10-08,INV00020724,EMP00128,USR0102,0,0,0,0,1,0,0,Senior Manager,0,1,1,Low,2025-10,0,Invalid Posting Date
TX0020731,2025-07-25,A001,IT,V0262,Invoice,-238.77,Direct Debit,EUR,Approved,2025-07-27,INV00020731,EMP00103,USR0044,0,0,0,1,0,0,0,Department Manager,0,1,1,Low,2025-07,0,Invalid Amount
TX0020772,2026-03-30,A006,Finance,V0153,Journal Entry,455.73,Bank Transfer,EUR,Approved,2025-08-14,INV00078204,EMP00087,USR0140,0,0,0,0,1,1,1,Department Manager,0,2,1,Medium,2026-03,0,Duplicate Invoice
TX0020843,2026-01-12,A044,IT,V0324,Expense,21047.41,Card,USD,Pending,2026-01-16,INV00020843,,USR0141,0,1,0,0,0,0,0,Finance Director,1,2,1,Medium,2026-01,1,Missing Approval
TX0020846,2025-05-18,A033,Finance,V0490,Invoice,15505.09,Cheque,GBP,Approved,2025-05-19,INV00025040,EMP00042,USR0104,0,0,0,0,0,1,0,Finance Director,0,1,1,Medium,2025-05,1,Duplicate Invoice
TX0020851,2026-03-27,A058,Sales,V0249,Journal Entry,1379.25,Card,USD,Rejected,2025-04-07,INV00020851,EMP00475,USR0004,0,0,0,0,1,0,1,Senior Manager,0,1,1,Low,2026-03,0,Invalid Posting Date
TX0020868,2025-11-29,A003,Sales,V0190,Invoice,261.76,Direct Debit,GBP,Rejected,2025-11-28,INV00020868,EMP00081,USR0194,0,0,0,0,1,0,1,Department Manager,0,1,1,Low,2025-11,0,Invalid Posting Date
TX0020888,2026-03-27,A075,IT,V0211,Credit Note,849.54,Direct Debit,EUR,Pending,2025-04-23,INV00020888,EMP00443,USR0008,0,0,0,0,1,0,1,Department Manager,0,1,1,Low,2026-03,0,Invalid Posting Date
TX0020918,2025-04-15,A053,Marketing,,Expense,4273.2,Direct Debit,GBP,Rejected,2025-04-18,INV00020918,EMP00106,USR0066,1,0,0,0,0,0,0,Senior Manager,0,1,1,Low,2025-04,0,Missing Vendor
TX0020927,2025-07-28,A028,Operations,V0091,Expense,1304.46,Bank Transfer,EUR,Approved,2025-07-31,INV00020927,,USR0028,0,1,0,0,0,0,1,Senior Manager,1,2,1,Medium,2025-07,0,Missing Approval
TX0020930,2026-03-22,A005,IT,V0282,Expense,3328.91,Direct Debit,EUR,Pending,2026-03-23,INV00061578,EMP00357,USR0170,0,0,0,0,0,1,0,Senior Manager,0,1,1,Low,2026-03,0,Duplicate Invoice
TX0020942,2026-02-08,A027,Operations,V0305,Expense,1303.47,Bank Transfer,EUR,Approved,2026-02-08,INV00090890,EMP00022,USR0167,0,0,0,0,0,1,0,Senior Manager,0,1,1,Low,2026-02,0,Duplicate Invoice
TX0020950,2026-03-28,A022,Marketing,V0272,Invoice,217.34,Bank Transfer,GBP,Pending,2026-04-01,INV00020950,EMP00334,USR0097,0,0,0,0,0,1,1,Department Manager,0,1,1,Low,2026-03,0,Duplicate Invoice
TX0020963,2026-03-28,A053,Finance,V0217,Credit Note,139.07,Bank Transfer,EUR,Approved,2025-06-02,INV00020963,EMP00196,USR0003,0,0,0,0,1,0,1,Department Manager,0,1,1,Low,2026-03,0,Invalid Posting Date
TX0020983,2026-03-31,A006,Sales,V0046,Expense,423.09,Card,USD,Approved,2025-07-09,INV00020983,EMP00124,USR0124,0,0,0,0,1,0,1,Department Manager,0,1,1,Low,2026-03,0,Invalid Posting Date
TX0021009,2026-03-27,A040,Sales,V0179,Invoice,1072.43,Cheque,GBP,Rejected,2025-05-03,INV00021009,EMP00046,USR0128,0,0,0,0,1,0,1,Senior Manager,0,1,1,Low,2026-03,0,Invalid Posting Date
TX0021035,2025-07-28,A045,Marketing,V0172,Invoice,705.63,Card,EUR,Rejected,2025-08-02,INV00086689,EMP00272,USR0196,0,0,0,0,0,1,1,Department Manager,0,1,1,Low,2025-07,0,Duplicate Invoice
TX0021041,2025-11-23,A009,Procurement,V0028,Invoice,350.39,Card,GBP,Approved,2025-11-27,INV00064833,EMP00293,USR0014,0,0,0,0,0,1,0,Department Manager,0,1,1,Low,2025-11,0,Duplicate Invoice
TX0021154,2026-03-30,A021,Operations,V0063,Journal Entry,3175.65,Direct Debit,GBP,Approved,2026-03-14,INV00021154,EMP00336,USR0156,0,0,0,0,1,0,1,Senior Manager,0,1,1,Low,2026-03,0,Invalid Posting Date
TX0021174,2025-04-07,A017,IT,V0226,Invoice,1027.76,Card,EUR,Approved,2025-04-05,INV00021174,EMP00477,USR0102,0,0,0,0,1,0,0,Senior Manager,0,1,1,Low,2025-04,0,Invalid Posting Date
TX0021178,2025-10-12,A046,Operations,V0236,Invoice,1380.89,Cheque,USD,Approved,2025-10-12,INV00021178,EMP00425,USR0084,0,0,0,0,0,1,0,Senior Manager,0,1,1,Low,2025-10,0,Duplicate Invoice
TX0021196,2025-05-18,A053,Operations,V0161,Invoice,433.33,Bank Transfer,GBP,Rejected,2025-05-24,INV00021196,,USR0153,0,1,0,0,0,0,0,Department Manager,0,1,1,Low,2025-05,0,No Exception
TX0021213,2025-09-15,A032,Procurement,V0460,Invoice,1298.21,Card,EUR,Approved,2025-09-22,INV00021213,,USR0185,0,1,0,0,0,0,0,Senior Manager,1,2,1,Medium,2025-09,0,Missing Approval
TX0021218,2026-03-30,A005,Sales,V0194,Expense,758.12,Cheque,USD,Approved,2026-03-15,INV00021218,EMP00487,USR0086,0,0,0,0,1,0,1,Department Manager,0,1,1,Low,2026-03,0,Invalid Posting Date
TX0021229,2025-11-01,A079,IT,V0403,Payment,1767.36,Cheque,USD,Pending,2025-11-07,INV00021229,,USR0110,0,1,0,0,0,0,0,Senior Manager,1,2,1,Medium,2025-11,0,Missing Approval
TX0021231,2025-04-21,A076,HR,V0186,Invoice,-142.01,Direct Debit,EUR,Approved,2025-04-25,INV00021231,EMP00170,USR0081,0,0,0,1,0,0,0,Department Manager,0,1,1,Low,2025-04,0,Invalid Amount
TX0021250,2026-03-27,A018,Operations,V0272,Invoice,113841.79,Direct Debit,USD,Approved,2026-01-10,INV00021250,EMP00460,USR0106,0,0,0,0,1,0,1,Finance Director,0,1,1,High,2026-03,1,Invalid Posting Date
TX0021253,2025-11-06,A016,Finance,V0049,Journal Entry,4241.83,Direct Debit,EUR,Rejected,2025-11-09,INV00060719,EMP00298,USR0179,0,0,0,0,0,1,0,Senior Manager,0,1,1,Low,2025-11,0,Duplicate Invoice
TX0021288,2026-03-01,A041,Sales,V0339,Payment,715.56,Bank Transfer,GBP,Rejected,2026-03-04,INV00021288,EMP00117,USR0103,0,0,0,0,0,1,0,Department Manager,0,1,1,Low,2026-03,0,Duplicate Invoice
TX0021326,2026-02-03,A064,HR,V0395,Journal Entry,2451.63,Card,EUR,Rejected,2026-02-04,INV00021326,EMP00215,USR0002,0,0,0,0,0,1,0,Senior Manager,0,1,1,Low,2026-02,0,Duplicate Invoice
TX0021333,2025-07-21,A067,IT,V0098,Journal Entry,4926.57,Bank Transfer,GBP,Pending,2025-07-28,INV00021333,EMP00182,USR0170,0,0,0,0,0,1,0,Senior Manager,0,1,1,Low,2025-07,0,Duplicate Invoice
TX0021339,2026-03-28,A055,HR,V0385,Invoice,3671.89,Direct Debit,USD,Rejected,2025-06-20,INV00021339,EMP00090,USR0070,0,0,0,0,1,0,1,Senior Manager,0,1,1,Low,2026-03,0,Invalid Posting Date
TX0021364,2026-03-27,A078,Sales,V0146,Invoice,1364.66,Direct Debit,GBP,Approved,2025-12-20,INV00021364,EMP00042,USR0049,0,0,0,0,1,0,1,Senior Manager,0,1,1,Low,2026-03,0,Invalid Posting Date
TX0021387,2025-08-29,A074,IT,,Expense,545.51,Cheque,USD,Approved,2025-09-02,INV00021387,EMP00266,USR0022,1,0,0,0,0,0,1,Department Manager,0,1,1,Low,2025-08,0,Missing Vendor
TX0021393,2026-03-30,A031,Finance,V0462,Invoice,2302.22,Direct Debit,EUR,Approved,2025-06-22,INV00021393,EMP00061,USR0025,0,0,0,0,1,0,1,Senior Manager,0,1,1,Low,2026-03,0,Invalid Posting Date
TX0021412,2026-03-28,A062,IT,V0483,Invoice,834.49,Bank Transfer,GBP,Approved,2026-01-17,INV00021412,EMP00235,USR0083,0,0,0,0,1,0,1,Department Manager,0,1,1,Low,2026-03,0,Invalid Posting Date
TX0021416,2026-01-05,A009,Procurement,V0261,Payment,170.21,Card,USD,Rejected,2026-01-11,INV00021416,,USR0120,0,1,0,0,0,0,0,Department Manager,0,1,1,Low,2026-01,0,No Exception
TX0021435,2026-03-27,A038,HR,V0343,Invoice,3297.01,Bank Transfer,EUR,Approved,2025-11-15,INV00021435,EMP00462,USR0107,0,0,0,0,1,0,1,Senior Manager,0,1,1,Low,2026-03,0,Invalid Posting Date
TX0021487,2026-03-30,A015,Procurement,V0367,Invoice,3160.0,Bank Transfer,EUR,Approved,2025-12-14,INV00021487,EMP00303,USR0023,0,0,0,0,1,0,1,Senior Manager,0,1,1,Low,2026-03,0,Invalid Posting Date
TX0021501,2025-10-16,A068,IT,V0124,Payment,1446.38,Direct Debit,GBP,Approved,2025-10-16,INV00060298,EMP00295,USR0005,0,0,0,0,0,1,0,Senior Manager,0,1,1,Low,2025-10,0,Duplicate Invoice
TX0021526,2026-03-25,A069,IT,V0481,Credit Note,1508.4,Cheque,USD,Approved,2026-03-29,INV00021526,,USR0106,0,1,0,0,0,0,0,Senior Manager,1,2,1,Medium,2026-03,0,Missing Approval
TX0021573,2026-03-29,A003,Finance,V0434,Invoice,17199.38,Card,EUR,Approved,2025-10-27,INV00021573,EMP00086,USR0107,0,0,0,0,1,0,1,Finance Director,0,1,1,Medium,2026-03,1,Invalid Posting Date
TX0021615,2025-10-06,A055,Finance,V0202,Invoice,3977.88,Cheque,GBP,Pending,2025-10-13,INV00021615,EMP00070,USR0057,0,0,0,0,0,1,0,Senior Manager,0,1,1,Low,2025-10,0,Duplicate Invoice
TX0021625,2025-08-24,A028,Marketing,V0480,Expense,696.69,Bank Transfer,EUR,Approved,2025-08-30,INV00021625,,USR0074,0,1,0,0,0,0,0,Department Manager,0,1,1,Low,2025-08,0,No Exception
TX0021653,2025-05-20,A008,Marketing,,Invoice,3617.34,Card,GBP,Rejected,2025-05-26,INV00021653,EMP00378,USR0192,1,0,0,0,0,0,0,Senior Manager,0,1,1,Low,2025-05,0,Missing Vendor
TX0021711,2026-03-11,A003,Procurement,V0267,Payment,1534.39,Card,GBP,Approved,2026-03-17,INV00021711,,USR0049,0,1,0,0,0,0,0,Senior Manager,1,2,1,Medium,2026-03,0,Missing Approval
TX0021727,2025-06-01,A017,Finance,,Expense,1296.11,Cheque,USD,Rejected,2025-06-02,INV00021727,EMP00020,USR0111,1,0,0,0,0,0,0,Senior Manager,0,1,1,Low,2025-06,0,Missing Vendor
TX0021792,2026-03-02,A066,Operations,,Invoice,3355.37,Card,GBP,Approved,2026-03-07,INV00021792,EMP00200,USR0064,1,0,0,0,0,0,0,Senior Manager,0,1,1,Low,2026-03,0,Missing Vendor
TX0021809,2026-03-28,A024,Procurement,V0456,Expense,13639.17,Card,GBP,Pending,2025-10-19,INV00021809,EMP00232,USR0200,0,0,0,0,1,0,1,Finance Director,0,1,1,Medium,2026-03,1,Invalid Posting Date
TX0021815,2025-08-27,A011,Sales,V0183,Expense,1551.83,Direct Debit,EUR,Approved,2025-08-28,INV00021815,,USR0034,0,1,0,0,0,0,1,Senior Manager,1,2,1,Medium,2025-08,0,Missing Approval
TX0021854,2025-11-11,A018,Marketing,V0326,Credit Note,564.22,Direct Debit,GBP,Approved,2025-11-17,INV00021854,,USR0105,0,1,0,0,0,0,0,Department Manager,0,1,1,Low,2025-11,0,No Exception
TX0021895,2026-03-30,A002,Sales,V0381,Payment,678.43,Cheque,GBP,Pending,2026-03-30,INV00010572,EMP00428,USR0156,0,0,0,0,0,1,1,Department Manager,0,1,1,Low,2026-03,0,Duplicate Invoice
TX0021935,2025-11-24,A046,Procurement,V0038,Expense,1219.08,Card,GBP,Approved,2025-11-24,INV00021935,EMP00337,USR0186,0,0,0,0,0,1,0,Senior Manager,0,1,1,Low,2025-11,0,Duplicate Invoice
TX0021970,2026-03-27,A021,Operations,V0478,Invoice,170.27,Direct Debit,GBP,Approved,2025-11-30,INV00021970,EMP00058,USR0057,0,0,0,0,1,0,1,Department Manager,0,1,1,Low,2026-03,0,Invalid Posting Date
TX0021978,2026-02-17,A028,Operations,,Invoice,584.93,Bank Transfer,EUR,Rejected,2026-02-17,INV00021978,EMP00406,USR0176,1,0,0,0,0,0,0,Department Manager,0,1,1,Low,2026-02,0,Missing Vendor
TX0022003,2025-05-25,A020,Finance,,Invoice,345.42,Cheque,GBP,Approved,2025-06-01,INV00022003,EMP00325,USR0024,1,0,0,0,0,0,0,Department Manager,0,1,1,Low,2025-05,0,Missing Vendor
TX0022005,2026-03-30,A020,Finance,V0002,Invoice,2041.45,Bank Transfer,GBP,Rejected,2025-04-13,INV00022005,EMP00432,USR0170,0,0,0,0,1,0,1,Senior Manager,0,1,1,Low,2026-03,0,Invalid Posting Date
TX0022011,2025-10-28,A047,Procurement,,Invoice,6033.33,Bank Transfer,GBP,Approved,2025-11-03,INV00022011,EMP00039,USR0041,1,0,0,0,0,0,1,Senior Manager,0,1,1,Low,2025-10,1,Missing Vendor
TX0022050,2026-03-30,A053,HR,V0363,Invoice,6094.71,Card,USD,Pending,2026-03-10,INV00022050,EMP00002,USR0149,0,0,0,0,1,0,1,Senior Manager,0,1,1,Low,2026-03,1,Invalid Posting Date
TX0022052,2026-03-30,A057,Sales,V0097,Payment,17612.33,Card,GBP,Approved,2025-09-02,INV00022052,EMP00376,USR0111,0,0,0,0,1,0,1,Finance Director,0,1,1,Medium,2026-03,1,Invalid Posting Date
TX0022093,2026-02-02,A017,Procurement,V0128,Invoice,11732.02,Direct Debit,GBP,Approved,2026-02-06,INV00052491,EMP00207,USR0194,0,0,0,0,0,1,0,Finance Director,0,1,1,Medium,2026-02,1,Duplicate Invoice
TX0022101,2026-03-31,A006,Sales,V0093,Invoice,998.9,Cheque,USD,Approved,2025-08-01,INV00022101,EMP00294,USR0187,0,0,0,0,1,0,1,Department Manager,0,1,1,Low,2026-03,0,Invalid Posting Date
TX0022121,2026-03-31,A053,HR,V0484,Invoice,295.47,Cheque,EUR,Approved,2025-11-27,INV00022121,EMP00345,USR0044,0,0,0,0,1,0,1,Department Manager,0,1,1,Low,2026-03,0,Invalid Posting Date
TX0022123,2025-12-11,A025,Procurement,V0164,Payment,704.14,Card,USD,Rejected,2025-12-16,INV00087485,EMP00229,USR0078,0,0,0,0,0,1,0,Department Manager,0,1,1,Low,2025-12,0,Duplicate Invoice
TX0022152,2025-09-03,A059,Finance,V0173,Invoice,122.54,Direct Debit,GBP,Approved,2025-09-03,INV00090377,EMP00134,USR0039,0,0,0,0,0,1,0,Department Manager,0,1,1,Low,2025-09,0,Duplicate Invoice
TX0022154,2025-10-19,A048,Procurement,V0367,Payment,507.66,Card,USD,Pending,2025-10-19,INV00022154,EMP00423,USR0014,0,0,0,0,0,1,0,Department Manager,0,1,1,Low,2025-10,0,Duplicate Invoice
TX0022156,2026-01-17,A022,Finance,V0325,Invoice,147.56,Cheque,USD,Approved,2026-01-21,INV00022156,EMP00332,USR0074,0,0,0,0,0,1,0,Department Manager,0,1,1,Low,2026-01,0,Duplicate Invoice
TX0022187,2026-01-03,A049,Marketing,V0106,Payment,1745.01,Card,GBP,Rejected,2026-01-10,INV00022187,EMP00019,USR0159,0,0,0,0,0,1,0,Senior Manager,0,1,1,Low,2026-01,0,Duplicate Invoice
TX0022206,2025-09-30,,Finance,V0334,Expense,5392.11,Cheque,EUR,Rejected,2025-10-01,INV00022206,EMP00049,USR0011,0,0,1,0,0,0,1,Senior Manager,0,1,1,Low,2025-09,0,Missing Account
TX0022209,2026-03-29,A033,Finance,V0162,Invoice,765.95,Card,USD,Pending,2025-05-20,INV00022209,EMP00478,USR0175,0,0,0,0,1,0,1,Department Manager,0,1,1,Low,2026-03,0,Invalid Posting Date
TX0022239,2026-03-28,A061,IT,V0152,Journal Entry,2040.27,Direct Debit,USD,Rejected,2026-03-01,INV00022239,EMP00360,USR0048,0,0,0,0,1,0,1,Senior Manager,0,1,1,Low,2026-03,0,Invalid Posting Date
TX0022242,2026-03-29,A044,Procurement,V0154,Credit Note,553.61,Card,GBP,Pending,2026-01-24,INV00022242,,USR0189,0,1,0,0,1,0,1,Department Manager,0,2,1,Medium,2026-03,0,Invalid Posting Date
TX0022260,2025-11-13,A047,Operations,V0015,Payment,474.04,Cheque,GBP,Approved,2025-11-17,INV00060744,EMP00044,USR0055,0,0,0,0,0,1,0,Department Manager,0,1,1,Low,2025-11,0,Duplicate Invoice
TX0022285,2026-03-27,A058,Marketing,V0227,Credit Note,297.87,Direct Debit,EUR,Approved,2026-03-09,INV00022285,EMP00136,USR0108,0,0,0,0,1,0,1,Department Manager,0,1,1,Low,2026-03,0,Invalid Posting Date
TX0022302,2026-03-14,A004,Procurement,V0047,Payment,1775.51,Card,GBP,Approved,2026-03-17,INV00008867,EMP00196,USR0166,0,0,0,0,0,1,0,Senior Manager,0,1,1,Low,2026-03,0,Duplicate Invoice
TX0022402,2025-12-30,A057,Finance,V0404,Invoice,288.08,Card,USD,Approved,2026-01-03,INV00017571,EMP00046,USR0197,0,0,0,0,0,1,1,Department Manager,0,1,1,Low,2025-12,0,Duplicate Invoice
TX0022418,2026-03-30,A011,Marketing,V0168,Invoice,920.77,Cheque,GBP,Rejected,2025-04-22,INV00022418,EMP00190,USR0107,0,0,0,0,1,0,1,Department Manager,0,1,1,Low,2026-03,0,Invalid Posting Date
TX0022502,2026-03-28,A069,Sales,V0163,Expense,525.86,Card,GBP,Approved,2026-01-10,INV00022502,EMP00110,USR0012,0,0,0,0,1,0,1,Department Manager,0,1,1,Low,2026-03,0,Invalid Posting Date
TX0022507,2025-04-07,A078,HR,V0256,Invoice,1178.49,Bank Transfer,GBP,Rejected,2025-04-10,INV00022507,EMP00335,USR0018,0,0,0,0,0,1,0,Senior Manager,0,1,1,Low,2025-04,0,Duplicate Invoice
TX0022515,2026-02-05,A060,HR,V0012,Invoice,423.81,Bank Transfer,GBP,Approved,2026-02-12,INV00022515,EMP00069,USR0031,0,0,0,0,0,1,0,Department Manager,0,1,1,Low,2026-02,0,Duplicate Invoice
TX0022565,2026-03-29,A042,Operations,V0333,Invoice,259.98,Bank Transfer,GBP,Rejected,2025-10-13,INV00022565,EMP00048,USR0056,0,0,0,0,1,0,1,Department Manager,0,1,1,Low,2026-03,0,Invalid Posting Date
TX0022575,2025-07-20,A046,IT,V0176,Invoice,-427.69,Direct Debit,EUR,Pending,2025-07-26,INV00022575,EMP00425,USR0164,0,0,0,1,0,0,0,Department Manager,0,1,1,Low,2025-07,0,Invalid Amount
TX0022584,2025-11-20,A061,Procurement,V0208,Journal Entry,4891.26,Cheque,GBP,Rejected,2025-11-23,INV00022584,EMP00031,USR0080,0,0,0,0,0,1,0,Senior Manager,0,1,1,Low,2025-11,0,Duplicate Invoice
TX0022673,2025-10-26,A071,Operations,V0181,Invoice,1160.28,Bank Transfer,GBP,Rejected,2025-10-28,INV00022673,EMP00278,USR0155,0,0,0,0,0,1,0,Senior Manager,0,1,1,Low,2025-10,0,Duplicate Invoice
TX0022674,2026-03-25,A034,Operations,V0061,Payment,2573.59,Direct Debit,GBP,Approved,2026-04-01,INV00011896,,USR0032,0,1,0,0,0,1,0,Senior Manager,1,3,1,High,2026-03,0,Duplicate Invoice
TX0022693,2025-11-15,A032,Operations,,Journal Entry,4170.12,Cheque,GBP,Pending,2025-11-19,INV00022693,EMP00003,USR0197,1,0,0,0,0,0,0,Senior Manager,0,1,1,Low,2025-11,0,Missing Vendor
TX0022725,2025-12-18,A066,Operations,V0373,Invoice,2429.06,Cheque,EUR,Pending,2025-12-20,INV00036905,EMP00008,USR0134,0,0,0,0,0,1,0,Senior Manager,0,1,1,Low,2025-12,0,Duplicate Invoice
TX0022740,2026-03-23,A002,Procurement,V0423,Payment,1079.09,Direct Debit,EUR,Approved,2026-03-27,INV00022740,EMP00274,USR0133,0,0,0,0,0,1,0,Senior Manager,0,1,1,Low,2026-03,0,Duplicate Invoice
TX0022766,2026-01-02,A014,Finance,V0374,Expense,3041.95,Cheque,USD,Approved,2026-01-07,INV00085575,EMP00158,USR0050,0,0,0,0,0,1,0,Senior Manager,0,1,1,Low,2026-01,0,Duplicate Invoice
TX0022795,2025-12-09,A073,HR,V0194,Expense,1754.99,Bank Transfer,GBP,Approved,2025-12-07,INV00022795,EMP00294,USR0176,0,0,0,0,1,0,0,Senior Manager,0,1,1,Low,2025-12,0,Invalid Posting Date
TX0022825,2025-06-25,A046,Sales,V0414,Journal Entry,11941.25,Bank Transfer,GBP,Approved,2025-06-30,INV00022825,EMP00441,USR0171,0,0,0,0,0,1,0,Finance Director,0,1,1,Medium,2025-06,1,Duplicate Invoice
TX0022871,2026-03-31,A018,Marketing,V0160,Payment,575.67,Direct Debit,USD,Pending,2025-07-15,INV00022871,EMP00434,USR0126,0,0,0,0,1,0,1,Department Manager,0,1,1,Low,2026-03,0,Invalid Posting Date
TX0022895,2025-11-25,A035,Marketing,,Expense,1668.75,Card,GBP,Pending,2025-12-02,INV00022895,EMP00151,USR0192,1,0,0,0,0,0,0,Senior Manager,0,1,1,Low,2025-11,0,Missing Vendor
TX0022903,2026-03-29,A037,Marketing,V0304,Invoice,949.78,Direct Debit,GBP,Approved,2026-01-15,INV00022903,EMP00333,USR0175,0,0,0,0,1,0,1,Department Manager,0,1,1,Low,2026-03,0,Invalid Posting Date
TX0022926,2026-03-04,A036,Sales,,Invoice,7627.74,Direct Debit,GBP,Rejected,2026-03-07,INV00022926,EMP00334,USR0010,1,0,0,0,0,0,0,Senior Manager,0,1,1,Low,2026-03,1,Missing Vendor
TX0022962,2025-12-14,A063,Finance,V0401,Invoice,-2065.02,Direct Debit,USD,Approved,2025-12-17,INV00022962,EMP00489,USR0068,0,0,0,1,0,0,0,Senior Manager,0,1,1,Low,2025-12,0,Invalid Amount
TX0022993,2026-03-05,A018,Procurement,V0122,Journal Entry,414.01,Bank Transfer,GBP,Approved,2026-03-08,INV00022993,EMP00134,USR0179,0,0,0,0,0,1,0,Department Manager,0,1,1,Low,2026-03,0,Duplicate Invoice
TX0023034,2026-03-31,A047,Finance,V0377,Payment,1324.03,Direct Debit,GBP,Approved,2025-10-08,INV00023034,EMP00205,USR0175,0,0,0,0,1,0,1,Senior Manager,0,1,1,Low,2026-03,0,Invalid Posting Date
TX0023044,2025-08-29,A079,IT,V0165,Payment,262.66,Cheque,EUR,Approved,2025-08-26,INV00023044,EMP00249,USR0085,0,0,0,0,1,0,1,Department Manager,0,1,1,Low,2025-08,0,Invalid Posting Date
TX0023061,2026-01-19,A075,Marketing,V0290,Invoice,1669.73,Cheque,EUR,Approved,2026-01-16,INV00023061,EMP00239,USR0073,0,0,0,0,1,0,0,Senior Manager,0,1,1,Low,2026-01,0,Invalid Posting Date
TX0023076,2025-06-21,A004,Procurement,V0167,Expense,-2166.24,Direct Debit,GBP,Rejected,2025-06-23,INV00023076,EMP00125,USR0012,0,0,0,1,0,0,0,Senior Manager,0,1,1,Low,2025-06,0,Invalid Amount
TX0023090,2025-08-21,A058,Finance,V0217,Payment,-944.43,Card,EUR,Approved,2025-08-27,INV00023090,EMP00239,USR0067,0,0,0,1,0,0,0,Department Manager,0,1,1,Low,2025-08,0,Invalid Amount
TX0023111,2025-04-06,A013,Procurement,,Invoice,3551.71,Bank Transfer,GBP,Approved,2025-04-13,INV00023111,EMP00441,USR0149,1,0,0,0,0,0,0,Senior Manager,0,1,1,Low,2025-04,0,Missing Vendor
TX0023132,2025-05-12,A010,IT,V0074,Payment,1072.74,Bank Transfer,GBP,Approved,2025-05-12,INV00053979,EMP00488,USR0144,0,0,0,0,0,1,0,Senior Manager,0,1,1,Low,2025-05,0,Duplicate Invoice
TX0023137,2025-11-19,A006,Finance,V0354,Payment,917.4,Bank Transfer,GBP,Pending,2025-11-16,INV00023137,EMP00219,USR0080,0,0,0,0,1,0,0,Department Manager,0,1,1,Low,2025-11,0,Invalid Posting Date
TX0023146,2026-02-16,A029,Finance,V0027,Invoice,3538.46,Cheque,EUR,Approved,2026-02-21,INV00023146,EMP00360,USR0085,0,0,0,0,0,1,0,Senior Manager,0,1,1,Low,2026-02,0,Duplicate Invoice
TX0023220,2025-08-27,A029,IT,V0093,Payment,19604.26,Cheque,GBP,Rejected,2025-08-27,INV00020428,EMP00146,USR0063,0,0,0,0,0,1,1,Finance Director,0,1,1,Medium,2025-08,1,Duplicate Invoice
TX0023252,2026-02-06,A046,Sales,V0017,Credit Note,36967.2,Bank Transfer,GBP,Approved,2026-02-12,INV00001403,EMP00072,USR0142,0,0,0,0,0,1,0,Finance Director,0,1,1,Medium,2026-02,1,Duplicate Invoice
TX0023263,2025-07-13,A053,HR,V0251,Payment,1030.52,Direct Debit,GBP,Pending,2025-07-19,INV00014889,EMP00455,USR0127,0,0,0,0,0,1,0,Senior Manager,0,1,1,Low,2025-07,0,Duplicate Invoice
TX0023331,2025-12-21,A045,HR,V0411,Invoice,1341.64,Bank Transfer,GBP,Approved,2025-12-26,INV00023331,,USR0068,0,1,0,0,0,0,0,Senior Manager,1,2,1,Medium,2025-12,0,Missing Approval
TX0023391,2025-07-04,A052,Finance,V0311,Credit Note,7982.49,Card,GBP,Approved,2025-07-05,INV00023391,,USR0002,0,1,0,0,0,0,0,Senior Manager,1,2,1,Medium,2025-07,1,Missing Approval
TX0023395,2025-08-11,A036,Operations,V0289,Journal Entry,2803.82,Bank Transfer,EUR,Rejected,2025-08-11,INV00023395,EMP00109,USR0176,0,0,0,0,0,1,0,Senior Manager,0,1,1,Low,2025-08,0,Duplicate Invoice
TX0023403,2026-03-31,A046,Marketing,V0314,Invoice,82.31,Card,USD,Approved,2025-10-02,INV00023403,EMP00498,USR0190,0,0,0,0,1,0,1,Department Manager,0,1,1,Low,2026-03,0,Invalid Posting Date
TX0023415,2025-12-18,A071,Operations,V0186,Journal Entry,3416.48,Direct Debit,EUR,Rejected,2025-12-23,INV00023415,EMP00273,USR0175,0,0,0,0,0,1,0,Senior Manager,0,1,1,Low,2025-12,0,Duplicate Invoice
TX0023417,2025-04-21,,Finance,V0020,Payment,2383.53,Bank Transfer,GBP,Approved,2025-04-23,INV00023417,EMP00102,USR0071,0,0,1,0,0,0,0,Senior Manager,0,1,1,Low,2025-04,0,Missing Account
TX0023481,2026-03-29,A004,Marketing,V0141,Credit Note,83.5,Card,USD,Approved,2025-11-09,INV00023481,EMP00348,USR0155,0,0,0,0,1,0,1,Department Manager,0,1,1,Low,2026-03,0,Invalid Posting Date
TX0023488,2025-12-11,A041,IT,V0040,Payment,-659.81,Direct Debit,USD,Approved,2025-12-16,INV00023488,EMP00200,USR0188,0,0,0,1,0,0,0,Department Manager,0,1,1,Low,2025-12,0,Invalid Amount
TX0023523,2026-03-26,,IT,V0381,Invoice,109.91,Bank Transfer,USD,Pending,2026-03-26,INV00023523,EMP00070,USR0131,0,0,1,0,0,0,0,Department Manager,0,1,1,Low,2026-03,0,Missing Account
TX0023553,2026-03-15,A018,Operations,V0041,Expense,4269.17,Bank Transfer,GBP,Rejected,2026-03-15,INV00016886,EMP00455,USR0046,0,0,0,0,0,1,0,Senior Manager,0,1,1,Low,2026-03,0,Duplicate Invoice
TX0023569,2026-03-31,A019,HR,V0096,Expense,30.83,Direct Debit,EUR,Rejected,2025-04-27,INV00023569,EMP00012,USR0115,0,0,0,0,1,0,1,Department Manager,0,1,1,Low,2026-03,0,Invalid Posting Date
TX0023655,2026-03-28,A003,Operations,V0464,Invoice,1491.08,Bank Transfer,GBP,Approved,2025-08-16,INV00023655,EMP00432,USR0184,0,0,0,0,1,0,1,Senior Manager,0,1,1,Low,2026-03,0,Invalid Posting Date
TX0023689,2025-05-27,A079,Sales,V0211,Invoice,2695.45,Direct Debit,GBP,Approved,2025-06-03,INV00079844,EMP00409,USR0176,0,0,0,0,0,1,1,Senior Manager,0,1,1,Low,2025-05,0,Duplicate Invoice
TX0023693,2026-03-31,A016,IT,V0098,Payment,765.92,Direct Debit,EUR,Approved,2025-09-27,INV00023693,EMP00389,USR0060,0,0,0,0,1,0,1,Department Manager,0,1,1,Low,2026-03,0,Invalid Posting Date
TX0023710,2025-09-16,A062,Sales,V0169,Invoice,1490.84,Cheque,GBP,Approved,2025-09-23,INV00080829,EMP00084,USR0200,0,0,0,0,0,1,0,Senior Manager,0,1,1,Low,2025-09,0,Duplicate Invoice
TX0023763,2026-03-28,A049,Sales,V0103,Invoice,199.02,Bank Transfer,USD,Approved,2025-07-06,INV00023763,EMP00492,USR0103,0,0,0,0,1,0,1,Department Manager,0,1,1,Low,2026-03,0,Invalid Posting Date
TX0023785,2026-03-30,A071,IT,V0303,Payment,885.63,Bank Transfer,GBP,Rejected,2025-06-20,INV00023785,EMP00429,USR0023,0,0,0,0,1,0,1,Department Manager,0,1,1,Low,2026-03,0,Invalid Posting Date
TX0023788,2026-01-02,A056,Operations,V0288,Invoice,11989.52,Card,USD,Rejected,2026-01-03,INV00023788,EMP00363,USR0158,0,0,0,0,0,1,0,Finance Director,0,1,1,Medium,2026-01,1,Duplicate Invoice
TX0023824,2025-04-23,A011,Procurement,V0147,Credit Note,1171.29,Cheque,GBP,Approved,2025-04-28,INV00090651,EMP00042,USR0120,0,0,0,0,0,1,0,Senior Manager,0,1,1,Low,2025-04,0,Duplicate Invoice
TX0023836,2026-03-28,A068,Operations,V0129,Expense,817.03,Card,GBP,Approved,2025-08-07,INV00023836,EMP00013,USR0080,0,0,0,0,1,0,1,Department Manager,0,1,1,Low,2026-03,0,Invalid Posting Date
TX0023870,2025-08-17,A079,Finance,V0407,Payment,-734.45,Direct Debit,USD,Approved,2025-08-23,INV00023870,EMP00393,USR0195,0,0,0,1,0,0,0,Department Manager,0,1,1,Low,2025-08,0,Invalid Amount
TX0023944,2025-06-25,A023,IT,V0037,Invoice,134.99,Card,GBP,Approved,2025-06-21,INV00023944,EMP00088,USR0197,0,0,0,0,1,0,0,Department Manager,0,1,1,Low,2025-06,0,Invalid Posting Date
TX0023946,2025-05-11,A036,Sales,V0448,Credit Note,-1684.46,Direct Debit,GBP,Approved,2025-05-18,INV00023946,EMP00443,USR0039,0,0,0,1,0,0,0,Senior Manager,0,1,1,Low,2025-05,0,Invalid Amount
TX0023951,2025-07-26,A008,Operations,V0384,Invoice,-325.02,Direct Debit,GBP,Pending,2025-07-29,INV00023951,EMP00009,USR0037,0,0,0,1,0,0,0,Department Manager,0,1,1,Low,2025-07,0,Invalid Amount
TX0023958,2026-01-20,A028,Sales,V0172,Invoice,1265.0,Bank Transfer,GBP,Pending,2026-01-27,INV00023958,EMP00373,USR0053,0,0,0,0,0,1,0,Senior Manager,0,1,1,Low,2026-01,0,Duplicate Invoice
TX0023967,2025-07-16,A043,Procurement,V0428,Invoice,4257.46,Cheque,GBP,Approved,2025-07-13,INV00023967,EMP00498,USR0023,0,0,0,0,1,0,0,Senior Manager,0,1,1,Low,2025-07,0,Invalid Posting Date
TX0024006,2026-03-27,A057,Marketing,V0306,Journal Entry,291.11,Direct Debit,EUR,Rejected,2026-02-12,INV00024006,EMP00229,USR0118,0,0,0,0,1,0,1,Department Manager,0,1,1,Low,2026-03,0,Invalid Posting Date
TX0024014,2025-07-25,A073,IT,V0131,Invoice,5087.8,Direct Debit,GBP,Rejected,2025-07-27,INV00024014,EMP00491,USR0131,0,0,0,0,0,1,0,Senior Manager,0,1,1,Low,2025-07,0,Duplicate Invoice
TX0024016,2026-03-29,A071,Marketing,V0295,Invoice,1046.32,Card,GBP,Approved,2025-06-12,INV00024016,EMP00317,USR0009,0,0,0,0,1,0,1,Senior Manager,0,1,1,Low,2026-03,0,Invalid Posting Date
TX0024053,2025-05-17,A013,Finance,V0309,Invoice,-471.91,Cheque,GBP,Rejected,2025-05-18,INV00024053,EMP00322,USR0026,0,0,0,1,0,1,0,Department Manager,0,2,1,Medium,2025-05,0,Invalid Amount
TX0024070,2025-05-28,A042,Procurement,V0155,Credit Note,1991.78,Bank Transfer,GBP,Approved,2025-06-02,INV00024070,,USR0163,0,1,0,0,0,0,1,Senior Manager,1,2,1,Medium,2025-05,0,Missing Approval
TX0024078,2025-11-29,A063,Operations,V0359,Expense,782.65,Direct Debit,USD,Pending,2025-12-05,INV00024078,,USR0162,0,1,0,0,0,0,1,Department Manager,0,1,1,Low,2025-11,0,No Exception
TX0024092,2026-03-13,A012,IT,V0490,Payment,3366.21,Direct Debit,GBP,Approved,2026-03-14,INV00070997,EMP00048,USR0163,0,0,0,0,0,1,0,Senior Manager,0,1,1,Low,2026-03,0,Duplicate Invoice
TX0024101,2026-03-30,A080,Procurement,V0268,Journal Entry,299.41,Card,USD,Approved,2025-05-21,INV00024101,EMP00233,USR0182,0,0,0,0,1,0,1,Department Manager,0,1,1,Low,2026-03,0,Invalid Posting Date
TX0024127,2025-07-05,A050,Procurement,,Credit Note,15467.23,Direct Debit,GBP,Approved,2025-07-11,INV00024127,EMP00403,USR0198,1,0,0,0,0,0,0,Finance Director,0,1,1,Medium,2025-07,1,Missing Vendor
TX0024136,2025-06-26,A072,IT,,Invoice,243.14,Direct Debit,GBP,Approved,2025-06-28,INV00024136,EMP00124,USR0070,1,0,0,0,0,0,0,Department Manager,0,1,1,Low,2025-06,0,Missing Vendor
TX0024170,2025-09-17,A010,Marketing,V0034,Expense,265.39,Cheque,GBP,Approved,2025-09-19,INV00024170,,USR0193,0,1,0,0,0,0,0,Department Manager,0,1,1,Low,2025-09,0,No Exception
TX0024185,2025-10-18,A063,Marketing,V0020,Invoice,790.32,Direct Debit,GBP,Approved,2025-10-20,INV00024185,,USR0120,0,1,0,0,0,0,0,Department Manager,0,1,1,Low,2025-10,0,No Exception
TX0024192,2025-08-08,A003,Operations,,Expense,506.47,Card,USD,Pending,2025-08-09,INV00024192,EMP00103,USR0095,1,0,0,0,0,0,0,Department Manager,0,1,1,Low,2025-08,0,Missing Vendor
TX0024197,2025-07-07,A074,HR,V0222,Credit Note,614.94,Card,GBP,Approved,2025-07-12,INV00024197,,USR0196,0,1,0,0,0,0,0,Department Manager,0,1,1,Low,2025-07,0,No Exception
TX0024209,2025-12-06,A056,Procurement,V0383,Invoice,-2232.69,Direct Debit,EUR,Approved,2025-12-06,INV00024209,EMP00325,USR0050,0,0,0,1,0,0,0,Senior Manager,0,1,1,Low,2025-12,0,Invalid Amount
TX0024263,2025-12-30,A075,HR,,Invoice,222.45,Card,GBP,Approved,2025-12-31,INV00024263,EMP00015,USR0014,1,0,0,0,0,0,1,Department Manager,0,1,1,Low,2025-12,0,Missing Vendor
TX0024264,2026-03-24,A003,Finance,V0345,Expense,5259.94,Card,GBP,Approved,2026-03-26,INV00024264,EMP00160,USR0151,0,0,0,0,0,1,0,Senior Manager,0,1,1,Low,2026-03,0,Duplicate Invoice
TX0024265,2025-08-13,A073,IT,V0297,Expense,472.51,Direct Debit,USD,Rejected,2025-08-10,INV00024265,EMP00058,USR0085,0,0,0,0,1,0,0,Department Manager,0,1,1,Low,2025-08,0,Invalid Posting Date
TX0024302,2025-12-10,A022,IT,,Journal Entry,1810.08,Card,USD,Approved,2025-12-17,INV00024302,EMP00136,USR0018,1,0,0,0,0,0,0,Senior Manager,0,1,1,Low,2025-12,0,Missing Vendor
TX0024379,2026-02-04,A016,IT,V0188,Invoice,565.3,Card,GBP,Approved,2026-02-06,INV00024379,EMP00354,USR0078,0,0,0,0,0,1,0,Department Manager,0,1,1,Low,2026-02,0,Duplicate Invoice
TX0024404,2025-07-30,A044,Marketing,V0480,Payment,881.12,Cheque,USD,Approved,2025-08-02,INV00024404,,USR0037,0,1,0,0,0,0,1,Department Manager,0,1,1,Low,2025-07,0,No Exception
TX0024426,2026-03-16,A011,Marketing,V0137,Invoice,-7238.16,Direct Debit,GBP,Pending,2026-03-18,INV00024426,EMP00205,USR0055,0,0,0,1,0,0,0,Senior Manager,0,1,1,Low,2026-03,0,Invalid Amount
TX0024434,2026-02-01,A017,Operations,V0412,Expense,1345.39,Card,GBP,Approved,2026-01-31,INV00024434,EMP00308,USR0096,0,0,0,0,1,0,0,Senior Manager,0,1,1,Low,2026-02,0,Invalid Posting Date
TX0024444,2025-07-15,A006,IT,V0447,Expense,416.91,Direct Debit,EUR,Pending,2025-07-17,INV00092485,EMP00072,USR0101,0,0,0,0,0,1,0,Department Manager,0,1,1,Low,2025-07,0,Duplicate Invoice
TX0024489,2026-03-27,A069,Operations,V0021,Invoice,2487.31,Card,EUR,Approved,2025-09-29,INV00024489,EMP00296,USR0170,0,0,0,0,1,0,1,Senior Manager,0,1,1,Low,2026-03,0,Invalid Posting Date
TX0024499,2026-03-29,A046,Sales,V0465,Expense,195.22,Direct Debit,,Approved,2025-05-16,INV00024499,EMP00113,USR0194,0,0,0,0,1,0,1,Department Manager,0,1,1,Low,2026-03,0,Invalid Posting Date
TX0024511,2026-03-28,A035,Sales,V0404,Invoice,1078.7,Card,GBP,Rejected,2025-11-08,INV00024511,EMP00228,USR0149,0,0,0,0,1,0,1,Senior Manager,0,1,1,Low,2026-03,0,Invalid Posting Date
TX0024512,2026-03-29,A019,Operations,V0490,Invoice,2320.07,Card,GBP,Rejected,2025-11-20,INV00024512,EMP00323,USR0039,0,0,0,0,1,0,1,Senior Manager,0,1,1,Low,2026-03,0,Invalid Posting Date
TX0024525,2025-07-10,A080,Finance,V0068,Journal Entry,11228.85,Cheque,USD,Approved,2025-07-13,INV00024525,,USR0109,0,1,0,0,0,0,0,Finance Director,1,2,1,Medium,2025-07,1,Missing Approval
TX0024548,2025-08-12,A069,Marketing,V0456,Invoice,793.06,Card,GBP,Approved,2025-08-16,INV00024548,EMP00411,USR0169,0,0,0,0,0,1,0,Department Manager,0,1,1,Low,2025-08,0,Duplicate Invoice
TX0024552,2025-05-27,A069,Procurement,V0316,Invoice,673.82,Direct Debit,GBP,Pending,2025-05-26,INV00024552,EMP00381,USR0030,0,0,0,0,1,0,1,Department Manager,0,1,1,Low,2025-05,0,Invalid Posting Date
TX0024599,2025-09-13,A030,Sales,V0400,Invoice,1059.97,Card,USD,Approved,2025-09-11,INV00024599,EMP00008,USR0178,0,0,0,0,1,0,0,Senior Manager,0,1,1,Low,2025-09,0,Invalid Posting Date
TX0024609,2025-06-18,A006,Procurement,V0246,Invoice,1253.87,Direct Debit,USD,Pending,2025-06-18,INV00039692,EMP00196,USR0173,0,0,0,0,0,1,0,Senior Manager,0,1,1,Low,2025-06,0,Duplicate Invoice
TX0024627,2025-06-20,A004,Procurement,V0241,Expense,283.01,Cheque,GBP,Approved,2025-06-23,INV00024627,EMP00031,USR0028,0,0,0,0,0,1,0,Department Manager,0,1,1,Low,2025-06,0,Duplicate Invoice
TX0024684,2026-03-28,A022,Operations,V0167,Invoice,456.56,Direct Debit,GBP,Pending,2025-08-13,INV00024684,EMP00277,USR0184,0,0,0,0,1,0,1,Department Manager,0,1,1,Low,2026-03,0,Invalid Posting Date
TX0024831,2025-05-12,A061,IT,V0473,Invoice,197.68,Card,EUR,Approved,2025-05-12,INV00024831,EMP00072,USR0188,0,0,0,0,0,1,0,Department Manager,0,1,1,Low,2025-05,0,Duplicate Invoice
TX0024838,2025-12-19,A003,Operations,,Invoice,302.35,Bank Transfer,GBP,Pending,2025-12-25,INV00024838,EMP00465,USR0123,1,0,0,0,0,0,0,Department Manager,0,1,1,Low,2025-12,0,Missing Vendor
TX0024863,2026-03-31,A061,IT,V0418,Invoice,720.43,Card,EUR,Approved,2025-10-09,INV00024863,EMP00279,USR0119,0,0,0,0,1,0,1,Department Manager,0,1,1,Low,2026-03,0,Invalid Posting Date
TX0024884,2025-08-18,A043,Sales,V0400,Invoice,-434.94,Card,USD,Rejected,2025-08-24,INV00024884,EMP00059,USR0127,0,0,0,1,0,0,0,Department Manager,0,1,1,Low,2025-08,0,Invalid Amount
TX0024907,2026-03-31,A032,Marketing,V0403,Invoice,3752.55,Bank Transfer,GBP,Pending,2025-04-27,INV00024907,EMP00129,USR0076,0,0,0,0,1,0,1,Senior Manager,0,1,1,Low,2026-03,0,Invalid Posting Date
TX0024940,2025-09-15,A008,IT,V0024,Invoice,4533.75,Bank Transfer,GBP,Rejected,2025-09-22,INV00024940,,USR0122,0,1,0,0,0,0,0,Senior Manager,1,2,1,Medium,2025-09,0,Missing Approval
TX0024958,2026-02-16,A036,HR,V0213,Invoice,1392.52,Card,GBP,Rejected,2026-02-23,INV00024958,,USR0184,0,1,0,0,0,0,0,Senior Manager,1,2,1,Medium,2026-02,0,Missing Approval
TX0024973,2025-12-28,A047,Sales,V0457,Invoice,586.22,Card,GBP,Approved,2025-12-26,INV00095653,EMP00469,USR0094,0,0,0,0,1,1,1,Department Manager,0,2,1,Medium,2025-12,0,Duplicate Invoice
TX0025014,2025-08-11,A058,Sales,V0493,Invoice,1691.6,Direct Debit,GBP,Rejected,2025-08-18,INV00018635,EMP00306,USR0192,0,0,0,0,0,1,0,Senior Manager,0,1,1,Low,2025-08,0,Duplicate Invoice
TX0025040,2026-03-17,A077,Sales,V0487,Expense,1088.96,Card,GBP,Approved,2026-03-19,INV00025040,EMP00005,USR0133,0,0,0,0,0,1,0,Senior Manager,0,1,1,Low,2026-03,0,Duplicate Invoice
TX0025089,2026-02-18,A009,Finance,,Invoice,3446.43,Direct Debit,GBP,Pending,2026-02-20,INV00025089,EMP00072,USR0095,1,0,0,0,0,0,0,Senior Manager,0,1,1,Low,2026-02,0,Missing Vendor
TX0025095,2025-08-15,A045,Operations,V0396,Invoice,155.99,Bank Transfer,GBP,Approved,2025-08-11,INV00025095,EMP00016,USR0133,0,0,0,0,1,0,0,Department Manager,0,1,1,Low,2025-08,0,Invalid Posting Date
TX0025108,2025-11-08,A078,Sales,,Invoice,741.14,Bank Transfer,EUR,Pending,2025-11-14,INV00025108,EMP00242,USR0080,1,0,0,0,0,0,0,Department Manager,0,1,1,Low,2025-11,0,Missing Vendor
TX0025115,2025-10-07,A034,Operations,,Payment,3683.7,Card,GBP,Rejected,2025-10-12,INV00025115,EMP00327,USR0048,1,0,0,0,0,0,0,Senior Manager,0,1,1,Low,2025-10,0,Missing Vendor
TX0025139,2026-03-30,A062,Marketing,V0073,Invoice,187.92,Direct Debit,GBP,Approved,2025-04-19,INV00025139,EMP00100,USR0170,0,0,0,0,1,0,1,Department Manager,0,1,1,Low,2026-03,0,Invalid Posting Date
TX0025172,2025-04-11,,Procurement,V0388,Expense,987.41,Bank Transfer,USD,Approved,2025-04-12,INV00025172,EMP00052,USR0082,0,0,1,0,0,0,0,Department Manager,0,1,1,Low,2025-04,0,Missing Account
TX0025227,2026-02-15,A078,Sales,V0261,Payment,1496.44,Bank Transfer,USD,Pending,2026-02-18,INV00028178,EMP00053,USR0049,0,0,0,0,0,1,0,Senior Manager,0,1,1,Low,2026-02,0,Duplicate Invoice
TX0025270,2025-07-11,A057,HR,V0285,Invoice,4642.0,Direct Debit,GBP,Approved,2025-07-15,INV00025270,EMP00119,USR0140,0,0,0,0,0,1,0,Senior Manager,0,1,1,Low,2025-07,0,Duplicate Invoice
TX0025290,2025-10-12,A053,HR,V0299,Invoice,3357.3,Direct Debit,USD,Approved,2025-10-10,INV00025290,EMP00179,USR0016,0,0,0,0,1,0,0,Senior Manager,0,1,1,Low,2025-10,0,Invalid Posting Date
TX0025331,2026-02-23,A006,IT,V0434,Expense,348.29,Cheque,USD,Approved,2026-02-28,INV00025331,EMP00100,USR0029,0,0,0,0,0,1,0,Department Manager,0,1,1,Low,2026-02,0,Duplicate Invoice
TX0025335,2025-11-22,A073,Procurement,V0053,Invoice,1702.16,Direct Debit,EUR,Pending,2025-11-27,INV00025335,,USR0078,0,1,0,0,0,0,0,Senior Manager,1,2,1,Medium,2025-11,0,Missing Approval
TX0025340,2026-03-29,A017,Procurement,V0121,Invoice,4570.31,Bank Transfer,EUR,Approved,2025-08-26,INV00025340,EMP00087,USR0096,0,0,0,0,1,0,1,Senior Manager,0,1,1,Low,2026-03,0,Invalid Posting Date
TX0025362,2026-03-28,A060,Operations,V0204,Invoice,2219.06,Direct Debit,GBP,Approved,2026-01-22,INV00025362,EMP00103,USR0025,0,0,0,0,1,0,1,Senior Manager,0,1,1,Low,2026-03,0,Invalid Posting Date
TX0025375,2025-08-01,A043,Finance,V0208,Payment,1316.76,Card,USD,Pending,2025-08-07,INV00025375,,USR0065,0,1,0,0,0,0,0,Senior Manager,1,2,1,Medium,2025-08,0,Missing Approval
TX0025392,2026-03-28,A045,HR,V0252,Invoice,661.91,Bank Transfer,GBP,Approved,2025-12-25,INV00025392,EMP00168,USR0075,0,0,0,0,1,0,1,Department Manager,0,1,1,Low,2026-03,0,Invalid Posting Date
TX0025410,2025-09-17,A033,HR,V0026,Journal Entry,2226.08,Card,EUR,Approved,2025-09-21,INV00025410,,USR0085,0,1,0,0,0,0,0,Senior Manager,1,2,1,Medium,2025-09,0,Missing Approval
TX0025436,2025-12-25,A065,Operations,,Journal Entry,1116.12,Card,GBP,Approved,2025-12-26,INV00025436,EMP00121,USR0064,1,0,0,0,0,0,0,Senior Manager,0,1,1,Low,2025-12,0,Missing Vendor
TX0025453,2025-05-10,A027,Finance,V0373,Invoice,2247.84,Cheque,GBP,Pending,2025-05-17,INV00025453,EMP00054,USR0009,0,0,0,0,0,1,0,Senior Manager,0,1,1,Low,2025-05,0,Duplicate Invoice
TX0025478,2025-04-10,A002,Procurement,V0475,Invoice,1017.13,Bank Transfer,GBP,Approved,2025-04-13,INV00025478,,USR0120,0,1,0,0,0,0,0,Senior Manager,1,2,1,Medium,2025-04,0,Missing Approval
TX0025484,2026-03-31,A036,Operations,V0392,Invoice,3445.18,Cheque,GBP,Approved,2026-03-16,INV00025484,EMP00034,USR0108,0,0,0,0,1,0,1,Senior Manager,0,1,1,Low,2026-03,0,Invalid Posting Date
TX0025493,2026-03-30,A075,Procurement,V0036,Journal Entry,10748.51,Direct Debit,USD,Rejected,2025-11-30,INV00025493,EMP00358,USR0086,0,0,0,0,1,0,1,Finance Director,0,1,1,Medium,2026-03,1,Invalid Posting Date
TX0025521,2026-03-28,A068,Operations,V0150,Payment,139.48,Bank Transfer,GBP,Approved,2025-09-16,INV00025521,EMP00177,USR0084,0,0,0,0,1,0,1,Department Manager,0,1,1,Low,2026-03,0,Invalid Posting Date
TX0025530,2026-01-09,A032,Sales,,Payment,126.14,Card,GBP,Approved,2026-01-13,INV00025530,EMP00039,USR0104,1,0,0,0,0,0,0,Department Manager,0,1,1,Low,2026-01,0,Missing Vendor
TX0025549,2025-05-12,A074,Operations,V0010,Expense,-2517.91,Card,GBP,Rejected,2025-05-16,INV00025549,EMP00030,USR0021,0,0,0,1,0,0,0,Senior Manager,0,1,1,Low,2025-05,0,Invalid Amount
TX0025582,2026-03-27,A044,Procurement,V0048,Invoice,6555.66,Direct Debit,GBP,Approved,2026-03-02,INV00025582,EMP00156,USR0097,0,0,0,0,1,0,1,Senior Manager,0,1,1,Low,2026-03,1,Invalid Posting Date
TX0025637,2025-11-30,A073,IT,V0002,Journal Entry,1297.37,Card,USD,Rejected,2025-12-07,INV00025637,EMP00001,USR0135,0,0,0,0,0,1,1,Senior Manager,0,1,1,Low,2025-11,0,Duplicate Invoice
TX0025798,2025-09-12,A047,Operations,V0104,Expense,126.41,Cheque,GBP,Rejected,2025-09-12,INV00025798,,USR0199,0,1,0,0,0,0,0,Department Manager,0,1,1,Low,2025-09,0,No Exception
TX0025837,2026-03-30,A003,Operations,V0085,Invoice,907.53,Direct Debit,USD,Approved,2025-09-15,INV00025837,EMP00054,USR0012,0,0,0,0,1,0,1,Department Manager,0,1,1,Low,2026-03,0,Invalid Posting Date
TX0025842,2026-01-10,A038,IT,V0246,Payment,497.12,Direct Debit,GBP,Approved,2026-01-13,INV00025842,EMP00312,USR0019,0,0,0,0,0,1,0,Department Manager,0,1,1,Low,2026-01,0,Duplicate Invoice
TX0025852,2026-01-08,A020,Finance,V0065,Invoice,718.58,Cheque,GBP,Approved,2026-01-08,INV00025852,,USR0065,0,1,0,0,0,0,0,Department Manager,0,1,1,Low,2026-01,0,No Exception
TX0025903,2025-09-05,A061,IT,V0127,Payment,640.36,Card,GBP,Approved,2025-09-08,INV00025903,,USR0185,0,1,0,0,0,0,0,Department Manager,0,1,1,Low,2025-09,0,No Exception
TX0025910,2026-01-30,A041,Sales,,Invoice,3561.5,Bank Transfer,GBP,Pending,2026-02-02,INV00025910,EMP00323,USR0021,1,0,0,0,0,0,1,Senior Manager,0,1,1,Low,2026-01,0,Missing Vendor
TX0025912,2025-10-12,,Finance,V0200,Journal Entry,2585.53,Direct Debit,GBP,Pending,2025-10-16,INV00025912,EMP00278,USR0094,0,0,1,0,0,0,0,Senior Manager,0,1,1,Low,2025-10,0,Missing Account
TX0025983,2025-12-05,A017,IT,V0144,Invoice,1673.96,Card,GBP,Approved,2025-12-07,INV00010551,EMP00008,USR0068,0,0,0,0,0,1,0,Senior Manager,0,1,1,Low,2025-12,0,Duplicate Invoice
TX0026022,2026-03-31,A001,HR,V0152,Invoice,2109.65,Direct Debit,GBP,Approved,2025-06-02,INV00026022,EMP00044,USR0153,0,0,0,0,1,0,1,Senior Manager,0,1,1,Low,2026-03,0,Invalid Posting Date
TX0026031,2025-05-20,A072,Finance,V0385,Expense,1409.54,Bank Transfer,GBP,Approved,2025-05-22,INV00026031,,USR0004,0,1,0,0,0,0,0,Senior Manager,1,2,1,Medium,2025-05,0,Missing Approval
TX0026051,2025-09-07,,Procurement,V0312,Invoice,1277.31,Cheque,EUR,Rejected,2025-09-10,INV00026051,EMP00318,USR0089,0,0,1,0,0,0,0,Senior Manager,0,1,1,Low,2025-09,0,Missing Account
TX0026069,2025-06-05,A063,HR,,Credit Note,5362.37,Direct Debit,EUR,Rejected,2025-06-09,INV00026069,EMP00057,USR0007,1,0,0,0,0,0,0,Senior Manager,0,1,1,Low,2025-06,0,Missing Vendor
TX0026086,2025-10-19,A053,Operations,V0134,Credit Note,526.82,Direct Debit,GBP,Approved,2025-10-26,INV00026086,,USR0068,0,1,0,0,0,0,0,Department Manager,0,1,1,Low,2025-10,0,No Exception
TX0026155,2026-02-14,A058,Sales,V0096,Credit Note,759.82,Bank Transfer,GBP,Pending,2026-02-18,INV00026155,,USR0150,0,1,0,0,0,0,0,Department Manager,0,1,1,Low,2026-02,0,No Exception
TX0026160,2025-04-27,A059,Sales,,Invoice,969.84,Bank Transfer,EUR,Pending,2025-05-04,INV00026160,EMP00189,USR0018,1,0,0,0,0,0,1,Department Manager,0,1,1,Low,2025-04,0,Missing Vendor
TX0026181,2026-01-08,A002,Operations,V0395,Invoice,1503.61,Card,USD,Approved,2026-01-08,INV00078213,EMP00310,USR0108,0,0,0,0,0,1,0,Senior Manager,0,1,1,Low,2026-01,0,Duplicate Invoice
TX0026211,2025-06-17,A068,Operations,,Invoice,135.83,Card,EUR,Rejected,2025-06-23,INV00026211,EMP00470,USR0039,1,0,0,0,0,0,0,Department Manager,0,1,1,Low,2025-06,0,Missing Vendor
TX0026251,2025-07-01,A007,Operations,V0264,Invoice,1585.98,Card,GBP,Approved,2025-07-04,INV00026251,,USR0136,0,1,0,0,0,0,0,Senior Manager,1,2,1,Medium,2025-07,0,Missing Approval
TX0026268,2025-08-23,A037,Operations,V0153,Expense,888.37,Direct Debit,USD,Rejected,2025-08-20,INV00026268,EMP00011,USR0002,0,0,0,0,1,0,0,Department Manager,0,1,1,Low,2025-08,0,Invalid Posting Date
TX0026304,2026-01-10,A064,Procurement,V0493,Payment,698.21,Card,EUR,Approved,2026-01-11,INV00026304,EMP00163,USR0043,0,0,0,0,0,1,0,Department Manager,0,1,1,Low,2026-01,0,Duplicate Invoice
TX0026323,2025-09-13,,HR,V0426,Journal Entry,1361.32,Direct Debit,USD,Pending,2025-09-13,INV00026323,EMP00313,USR0036,0,0,1,0,0,0,0,Senior Manager,0,1,1,Low,2025-09,0,Missing Account
TX0026359,2026-03-31,A062,Finance,V0078,Payment,3135.75,Direct Debit,GBP,Approved,2025-12-31,INV00026359,EMP00113,USR0010,0,0,0,0,1,0,1,Senior Manager,0,1,1,Low,2026-03,0,Invalid Posting Date
TX0026385,2025-12-30,A018,HR,,Invoice,282.4,Direct Debit,GBP,Pending,2025-12-30,INV00026385,EMP00253,USR0174,1,0,0,0,0,0,1,Department Manager,0,1,1,Low,2025-12,0,Missing Vendor
TX0026439,2026-01-23,A080,Sales,V0043,Expense,408.95,Card,EUR,Pending,2026-01-27,INV00026439,EMP00271,USR0046,0,0,0,0,0,1,0,Department Manager,0,1,1,Low,2026-01,0,Duplicate Invoice
TX0026445,2025-10-25,A012,Operations,V0370,Expense,722.22,Bank Transfer,GBP,Rejected,2025-10-26,INV00026445,,USR0059,0,1,0,0,0,0,0,Department Manager,0,1,1,Low,2025-10,0,No Exception
TX0026493,2025-06-27,A077,Operations,V0379,Journal Entry,9654.16,Bank Transfer,GBP,Rejected,2025-06-29,INV00065084,EMP00266,USR0123,0,0,0,0,0,1,1,Senior Manager,0,1,1,Low,2025-06,1,Duplicate Invoice
TX0026577,2025-06-26,A028,Finance,V0359,Invoice,3746.31,Card,GBP,Approved,2025-06-23,INV00026577,EMP00266,USR0112,0,0,0,0,1,0,0,Senior Manager,0,1,1,Low,2025-06,0,Invalid Posting Date
TX0026587,2025-05-06,A077,Sales,V0125,Invoice,5734.96,Bank Transfer,GBP,Approved,2025-05-10,INV00026587,EMP00086,USR0091,0,0,0,0,0,1,0,Senior Manager,0,1,1,Low,2025-05,0,Duplicate Invoice
TX0026625,2026-03-30,A015,Marketing,V0169,Invoice,360.43,Direct Debit,EUR,Approved,2025-04-18,INV00026625,EMP00005,USR0050,0,0,0,0,1,0,1,Department Manager,0,1,1,Low,2026-03,0,Invalid Posting Date
TX0026646,2026-03-16,A005,Sales,V0193,Invoice,4848.22,Bank Transfer,EUR,Approved,2026-03-17,INV00074258,EMP00313,USR0165,0,0,0,0,0,1,0,Senior Manager,0,1,1,Low,2026-03,0,Duplicate Invoice
TX0026654,2026-03-22,A070,Sales,V0015,Payment,351.48,Card,USD,Approved,2026-03-22,INV00050243,EMP00351,USR0039,0,0,0,0,0,1,0,Department Manager,0,1,1,Low,2026-03,0,Duplicate Invoice
TX0026663,2026-03-28,A044,HR,V0324,Invoice,9534.62,Card,GBP,Pending,2025-11-23,INV00026663,EMP00487,USR0176,0,0,0,0,1,0,1,Senior Manager,0,1,1,Low,2026-03,1,Invalid Posting Date
TX0026681,2026-03-14,A065,Operations,V0255,Invoice,3181.42,Card,GBP,Approved,2026-03-11,INV00026681,EMP00287,USR0192,0,0,0,0,1,0,0,Senior Manager,0,1,1,Low,2026-03,0,Invalid Posting Date
TX0026715,2026-03-25,A037,Procurement,V0016,Invoice,3627.36,Direct Debit,USD,Approved,2026-04-01,INV00088174,EMP00259,USR0163,0,0,0,0,0,1,0,Senior Manager,0,1,1,Low,2026-03,0,Duplicate Invoice
TX0026722,2025-05-24,,IT,V0345,Invoice,776.34,Card,USD,Rejected,2025-05-25,INV00026722,EMP00147,USR0161,0,0,1,0,0,0,0,Department Manager,0,1,1,Low,2025-05,0,Missing Account
TX0026754,2025-11-11,A060,Operations,V0436,Invoice,513.01,Bank Transfer,GBP,Pending,2025-11-15,INV00026754,EMP00281,USR0112,0,0,0,0,0,1,0,Department Manager,0,1,1,Low,2025-11,0,Duplicate Invoice
TX0026762,2025-09-28,A001,IT,V0414,Invoice,345.74,Card,GBP,Approved,2025-10-01,INV00026762,,USR0139,0,1,0,0,0,0,1,Department Manager,0,1,1,Low,2025-09,0,No Exception
TX0026765,2025-08-23,A047,IT,V0046,Journal Entry,452.46,Bank Transfer,EUR,Approved,2025-08-25,INV00026765,,USR0103,0,1,0,0,0,0,0,Department Manager,0,1,1,Low,2025-08,0,No Exception
TX0026785,2026-03-31,A050,Sales,V0191,Invoice,8494.29,Bank Transfer,EUR,Pending,2025-07-10,INV00092221,EMP00137,USR0160,0,0,0,0,1,1,1,Senior Manager,0,2,1,Medium,2026-03,1,Duplicate Invoice
TX0026792,2026-03-31,A072,IT,V0406,Invoice,3819.02,Card,GBP,Pending,2025-05-05,INV00026792,EMP00049,USR0131,0,0,0,0,1,0,1,Senior Manager,0,1,1,Low,2026-03,0,Invalid Posting Date
TX0026793,2026-03-20,,Procurement,V0226,Payment,1715.61,Cheque,USD,Approved,2026-03-27,INV00026793,EMP00089,USR0160,0,0,1,0,0,0,0,Senior Manager,0,1,1,Low,2026-03,0,Missing Account
TX0026834,2026-03-31,A002,Operations,V0029,Expense,133.18,Direct Debit,GBP,Approved,2025-07-30,INV00026834,EMP00273,USR0013,0,0,0,0,1,0,1,Department Manager,0,1,1,Low,2026-03,0,Invalid Posting Date
TX0026870,2026-03-27,A077,Operations,V0324,Invoice,574.91,Cheque,EUR,Approved,2025-06-26,INV00026870,EMP00490,USR0112,0,0,0,0,1,0,1,Department Manager,0,1,1,Low,2026-03,0,Invalid Posting Date
TX0026874,2025-04-08,A050,Sales,V0077,Invoice,1649.1,Card,EUR,Approved,2025-04-15,INV00026874,EMP00318,USR0069,0,0,0,0,0,1,0,Senior Manager,0,1,1,Low,2025-04,0,Duplicate Invoice
TX0026888,2025-08-18,A060,Finance,V0169,Credit Note,-4811.24,Card,GBP,Pending,2025-08-25,INV00026888,EMP00191,USR0198,0,0,0,1,0,0,0,Senior Manager,0,1,1,Low,2025-08,0,Invalid Amount
TX0026914,2025-05-02,A067,Sales,V0445,Invoice,916.32,Card,GBP,Rejected,2025-05-03,INV00040164,EMP00199,USR0139,0,0,0,0,0,1,0,Department Manager,0,1,1,Low,2025-05,0,Duplicate Invoice
TX0026961,2026-03-27,A010,Operations,V0023,Invoice,106.36,Direct Debit,GBP,Pending,2025-09-16,INV00026961,EMP00456,USR0033,0,0,0,0,1,0,1,Department Manager,0,1,1,Low,2026-03,0,Invalid Posting Date
TX0026971,2025-08-29,A026,Procurement,V0364,Invoice,1202.83,Direct Debit,GBP,Approved,2025-08-30,INV00026971,EMP00182,USR0005,0,0,0,0,0,1,1,Senior Manager,0,1,1,Low,2025-08,0,Duplicate Invoice
TX0026974,2025-12-03,A029,Operations,V0137,Invoice,4913.49,Card,EUR,Approved,2025-12-04,INV00026974,EMP00306,USR0024,0,0,0,0,0,1,0,Senior Manager,0,1,1,Low,2025-12,0,Duplicate Invoice
TX0027023,2026-03-14,A002,Sales,V0132,Invoice,516.05,Cheque,GBP,Approved,2026-03-21,INV00027023,EMP00309,USR0168,0,0,0,0,0,1,0,Department Manager,0,1,1,Low,2026-03,0,Duplicate Invoice
TX0027024,2026-01-03,A072,Sales,V0351,Invoice,2300.79,Cheque,USD,Approved,2026-01-06,INV00027024,,USR0021,0,1,0,0,0,0,0,Senior Manager,1,2,1,Medium,2026-01,0,Missing Approval
TX0027039,2025-11-16,A072,Marketing,V0162,Invoice,410.31,Bank Transfer,GBP,Pending,2025-11-23,INV00027039,,USR0100,0,1,0,0,0,0,0,Department Manager,0,1,1,Low,2025-11,0,No Exception
TX0027041,2025-05-07,A005,Finance,V0020,Expense,147.6,Direct Debit,GBP,Rejected,2025-05-13,INV00027041,,USR0127,0,1,0,0,0,0,0,Department Manager,0,1,1,Low,2025-05,0,No Exception
TX0027065,2025-09-16,A001,Sales,V0246,Expense,-2237.8,Cheque,USD,Approved,2025-09-19,INV00027065,EMP00093,USR0031,0,0,0,1,0,0,0,Senior Manager,0,1,1,Low,2025-09,0,Invalid Amount
TX0027132,2026-03-29,A030,Sales,V0481,Journal Entry,1148.65,Card,USD,Rejected,2026-01-02,INV00027132,EMP00429,USR0070,0,0,0,0,1,0,1,Senior Manager,0,1,1,Low,2026-03,0,Invalid Posting Date
TX0027133,2025-10-30,A054,Procurement,V0423,Journal Entry,-2760.17,Direct Debit,USD,Pending,2025-11-04,INV00027133,EMP00099,USR0098,0,0,0,1,0,0,1,Senior Manager,0,1,1,Low,2025-10,0,Invalid Amount
TX0027151,2026-03-31,A067,Procurement,V0308,Payment,1918.91,Direct Debit,GBP,Pending,2026-03-02,INV00027151,EMP00086,USR0092,0,0,0,0,1,0,1,Senior Manager,0,1,1,Low,2026-03,0,Invalid Posting Date
TX0027172,2026-03-30,A025,Procurement,V0273,Payment,451.82,Card,GBP,Approved,2025-06-09,INV00027172,EMP00347,USR0028,0,0,0,0,1,0,1,Department Manager,0,1,1,Low,2026-03,0,Invalid Posting Date
TX0027197,2025-09-07,A072,IT,V0412,Invoice,7952.42,Cheque,EUR,Approved,2025-09-11,INV00077127,EMP00133,USR0109,0,0,0,0,0,1,0,Senior Manager,0,1,1,Low,2025-09,1,Duplicate Invoice
TX0027211,2025-10-12,A032,Finance,V0232,Expense,3540.6,Direct Debit,GBP,Approved,2025-10-17,INV00070227,EMP00011,USR0187,0,0,0,0,0,1,0,Senior Manager,0,1,1,Low,2025-10,0,Duplicate Invoice
TX0027230,2025-08-19,,Operations,V0297,Invoice,1378.63,Direct Debit,GBP,Approved,2025-08-24,INV00027230,EMP00340,USR0173,0,0,1,0,0,0,0,Senior Manager,0,1,1,Low,2025-08,0,Missing Account
TX0027231,2026-03-27,A015,IT,V0040,Invoice,13297.15,Cheque,USD,Rejected,2025-09-16,INV00027231,EMP00082,USR0187,0,0,0,0,1,0,1,Finance Director,0,1,1,Medium,2026-03,1,Invalid Posting Date
TX0027286,2025-12-30,A046,Sales,V0228,Invoice,3670.14,Cheque,GBP,Approved,2026-01-04,INV00027286,,USR0115,0,1,0,0,0,0,1,Senior Manager,1,2,1,Medium,2025-12,0,Missing Approval
TX0027329,2025-08-18,A005,HR,,Journal Entry,379.13,Card,GBP,Approved,2025-08-20,INV00027329,EMP00328,USR0071,1,0,0,0,0,0,0,Department Manager,0,1,1,Low,2025-08,0,Missing Vendor
TX0027337,2025-07-16,A080,Finance,V0393,Expense,1700.28,Direct Debit,EUR,Approved,2025-07-16,INV00027337,,USR0045,0,1,0,0,0,0,0,Senior Manager,1,2,1,Medium,2025-07,0,Missing Approval
TX0027373,2026-01-11,A030,Sales,V0441,Expense,-618.06,Card,GBP,Approved,2026-01-15,INV00027373,EMP00103,USR0160,0,0,0,1,0,0,0,Department Manager,0,1,1,Low,2026-01,0,Invalid Amount
TX0027382,2026-01-10,A036,Procurement,V0054,Invoice,2550.44,Direct Debit,GBP,Approved,2026-01-11,INV00027382,EMP00429,USR0112,0,0,0,0,0,1,0,Senior Manager,0,1,1,Low,2026-01,0,Duplicate Invoice
TX0027435,2026-02-03,A016,Procurement,V0401,Expense,1962.11,Card,EUR,Approved,2026-02-06,INV00097088,EMP00482,USR0175,0,0,0,0,0,1,0,Senior Manager,0,1,1,Low,2026-02,0,Duplicate Invoice
TX0027439,2025-06-27,A045,Marketing,V0456,Invoice,-256.77,Bank Transfer,GBP,Approved,2025-06-27,INV00027439,EMP00317,USR0030,0,0,0,1,0,0,1,Department Manager,0,1,1,Low,2025-06,0,Invalid Amount
TX0027451,2026-03-31,A034,Operations,V0412,Payment,809.25,Bank Transfer,EUR,Approved,2026-02-28,INV00027451,EMP00433,USR0083,0,0,0,0,1,0,1,Department Manager,0,1,1,Low,2026-03,0,Invalid Posting Date
TX0027507,2026-03-27,A067,Finance,V0358,Journal Entry,1325.42,Cheque,EUR,Approved,2026-01-27,INV00027507,EMP00245,USR0079,0,0,0,0,1,0,1,Senior Manager,0,1,1,Low,2026-03,0,Invalid Posting Date
TX0027508,2026-03-28,A016,Marketing,V0030,Payment,1379.56,Bank Transfer,GBP,Approved,2025-08-01,INV00027508,EMP00293,USR0173,0,0,0,0,1,0,1,Senior Manager,0,1,1,Low,2026-03,0,Invalid Posting Date
TX0027509,2026-02-05,A026,Operations,V0173,Credit Note,3985.8,Card,GBP,Pending,2026-02-01,INV00027509,EMP00367,USR0086,0,0,0,0,1,0,0,Senior Manager,0,1,1,Low,2026-02,0,Invalid Posting Date
TX0027519,2026-03-27,A058,Finance,V0086,Invoice,620.99,Cheque,GBP,Approved,2025-05-31,INV00027519,EMP00245,USR0049,0,0,0,0,1,0,1,Department Manager,0,1,1,Low,2026-03,0,Invalid Posting Date
TX0027527,2026-03-28,A065,HR,V0110,Credit Note,170584.14,Direct Debit,GBP,Pending,2025-09-18,INV00027527,EMP00226,USR0121,0,0,0,0,1,0,1,Finance Director,0,1,1,High,2026-03,1,Invalid Posting Date
TX0027538,2026-03-03,A049,Finance,V0246,Invoice,832.57,Direct Debit,USD,Approved,2026-03-09,INV00027538,EMP00326,USR0182,0,0,0,0,0,1,0,Department Manager,0,1,1,Low,2026-03,0,Duplicate Invoice
TX0027539,2026-02-27,A010,Sales,V0188,Invoice,5915.75,Card,GBP,Rejected,2026-03-02,INV00027539,,USR0192,0,1,0,0,0,0,1,Senior Manager,1,2,1,Medium,2026-02,1,Missing Approval
TX0027544,2026-01-28,A035,Finance,V0262,Invoice,482.36,Card,EUR,Approved,2026-02-03,INV00027544,EMP00060,USR0064,0,0,0,0,0,1,1,Department Manager,0,1,1,Low,2026-01,0,Duplicate Invoice
TX0027589,2026-03-28,A044,HR,V0062,Invoice,374.44,Bank Transfer,GBP,Pending,2025-08-16,INV00027589,EMP00096,USR0072,0,0,0,0,1,0,1,Department Manager,0,1,1,Low,2026-03,0,Invalid Posting Date
TX0027627,2026-01-29,A038,HR,V0463,Payment,237.0,Direct Debit,GBP,Pending,2026-02-04,INV00024548,EMP00110,USR0176,0,0,0,0,0,1,1,Department Manager,0,1,1,Low,2026-01,0,Duplicate Invoice
TX0027666,2025-10-13,A053,HR,V0028,Expense,2606.48,Card,GBP,Approved,2025-10-18,INV00027666,,USR0166,0,1,0,0,0,0,0,Senior Manager,1,2,1,Medium,2025-10,0,Missing Approval
TX0027702,2025-06-11,A032,Operations,V0487,Expense,1473.42,Card,USD,Rejected,2025-06-16,INV00027702,EMP00362,USR0092,0,0,0,0,0,1,0,Senior Manager,0,1,1,Low,2025-06,0,Duplicate Invoice
TX0027708,2025-10-16,A042,IT,V0309,Invoice,2581.39,Bank Transfer,GBP,Approved,2025-10-20,INV00027708,,USR0028,0,1,0,0,0,0,0,Senior Manager,1,2,1,Medium,2025-10,0,Missing Approval
TX0027719,2026-03-31,A080,Finance,V0492,Invoice,513.0,Bank Transfer,USD,Rejected,2026-01-14,INV00027719,EMP00080,USR0016,0,0,0,0,1,0,1,Department Manager,0,1,1,Low,2026-03,0,Invalid Posting Date
TX0027734,2025-11-20,A040,Operations,V0181,Expense,6299.0,Bank Transfer,USD,Rejected,2025-11-20,INV00027734,EMP00347,USR0079,0,0,0,0,0,1,0,Senior Manager,0,1,1,Low,2025-11,1,Duplicate Invoice
TX0027740,2025-06-26,A076,Procurement,V0431,Invoice,1008.11,Bank Transfer,GBP,Rejected,2025-07-02,INV00061393,EMP00351,USR0155,0,0,0,0,0,1,0,Senior Manager,0,1,1,Low,2025-06,0,Duplicate Invoice
TX0027747,2025-07-14,A044,Operations,V0452,Payment,7454.48,Card,GBP,Approved,2025-07-14,INV00027747,,USR0066,0,1,0,0,0,0,0,Senior Manager,1,2,1,Medium,2025-07,1,Missing Approval
TX0027749,2025-11-03,A079,Procurement,,Payment,356.55,Direct Debit,USD,Rejected,2025-11-05,INV00027749,EMP00385,USR0191,1,0,0,0,0,0,0,Department Manager,0,1,1,Low,2025-11,0,Missing Vendor
TX0027781,2025-05-29,A023,Finance,,Invoice,1326.39,Cheque,EUR,Pending,2025-06-02,INV00027781,EMP00148,USR0014,1,0,0,0,0,0,1,Senior Manager,0,1,1,Low,2025-05,0,Missing Vendor
TX0027782,2025-12-06,A009,Procurement,V0451,Credit Note,3362.71,Direct Debit,USD,Approved,2025-12-10,INV00011713,EMP00329,USR0125,0,0,0,0,0,1,0,Senior Manager,0,1,1,Low,2025-12,0,Duplicate Invoice
TX0027786,2025-07-31,A015,Sales,V0211,Invoice,3997.14,Bank Transfer,GBP,Approved,2025-08-03,INV00065982,EMP00346,USR0135,0,0,0,0,0,1,1,Senior Manager,0,1,1,Low,2025-07,0,Duplicate Invoice
TX0027805,2025-06-30,A011,Sales,V0470,Invoice,905.77,Cheque,EUR,Approved,2025-07-07,INV00069437,EMP00282,USR0101,0,0,0,0,0,1,1,Department Manager,0,1,1,Low,2025-06,0,Duplicate Invoice
TX0027806,2025-04-17,A027,HR,V0497,Payment,2574.43,Cheque,GBP,Approved,2025-04-23,INV00027806,EMP00049,USR0168,0,0,0,0,0,1,0,Senior Manager,0,1,1,Low,2025-04,0,Duplicate Invoice
TX0027843,2025-06-22,A062,Procurement,,Invoice,2902.99,Card,GBP,Approved,2025-06-25,INV00027843,,USR0069,1,1,0,0,0,0,0,Senior Manager,1,3,1,High,2025-06,0,Missing Approval
TX0027897,2025-04-24,A023,Procurement,V0411,Invoice,2303.37,Direct Debit,GBP,Approved,2025-04-26,INV00090730,EMP00238,USR0045,0,0,0,0,0,1,0,Senior Manager,0,1,1,Low,2025-04,0,Duplicate Invoice
TX0027919,2025-07-19,A055,Operations,V0404,Expense,1223.7,Bank Transfer,GBP,Rejected,2025-07-22,INV00027919,EMP00136,USR0062,0,0,0,0,0,1,0,Senior Manager,0,1,1,Low,2025-07,0,Duplicate Invoice
TX0027923,2025-08-17,A077,Sales,V0429,Credit Note,2027.71,Direct Debit,EUR,Approved,2025-08-22,INV00027923,,USR0057,0,1,0,0,0,0,0,Senior Manager,1,2,1,Medium,2025-08,0,Missing Approval
TX0027940,2026-02-01,A046,Finance,V0165,Payment,319.55,Bank Transfer,USD,Approved,2026-02-01,INV00026439,EMP00174,USR0079,0,0,0,0,0,1,0,Department Manager,0,1,1,Low,2026-02,0,Duplicate Invoice
TX0027941,2025-12-18,A021,IT,V0002,Invoice,376.48,Direct Debit,GBP,Rejected,2025-12-19,INV00027941,,USR0179,0,1,0,0,0,0,0,Department Manager,0,1,1,Low,2025-12,0,No Exception
TX0027986,2025-04-24,A029,Operations,V0130,Invoice,-302.86,Card,GBP,Rejected,2025-04-25,INV00027986,EMP00230,USR0196,0,0,0,1,0,0,0,Department Manager,0,1,1,Low,2025-04,0,Invalid Amount
TX0028011,2025-10-21,A073,Procurement,,Invoice,1336.39,Direct Debit,GBP,Approved,2025-10-25,INV00028011,EMP00209,USR0168,1,0,0,0,0,0,0,Senior Manager,0,1,1,Low,2025-10,0,Missing Vendor
TX0028049,2025-07-08,A036,Procurement,V0408,Invoice,82.33,Cheque,GBP,Approved,2025-07-06,INV00028049,EMP00254,USR0098,0,0,0,0,1,0,0,Department Manager,0,1,1,Low,2025-07,0,Invalid Posting Date
TX0028058,2026-02-28,A005,IT,V0472,Journal Entry,247.93,Direct Debit,GBP,Approved,2026-03-05,INV00035074,EMP00449,USR0072,0,0,0,0,0,1,1,Department Manager,0,1,1,Low,2026-02,0,Duplicate Invoice
TX0028093,2025-09-09,A066,Procurement,V0012,Payment,397.25,Cheque,EUR,Rejected,2025-09-15,INV00085907,EMP00433,USR0075,0,0,0,0,0,1,0,Department Manager,0,1,1,Low,2025-09,0,Duplicate Invoice
TX0028094,2025-07-26,A045,Operations,V0464,Expense,1143.26,Cheque,GBP,Rejected,2025-08-02,INV00043204,EMP00019,USR0180,0,0,0,0,0,1,0,Senior Manager,0,1,1,Low,2025-07,0,Duplicate Invoice
TX0028107,2025-07-12,A048,Marketing,V0483,Invoice,21147.22,Bank Transfer,GBP,Approved,2025-07-17,INV00066734,EMP00348,USR0024,0,0,0,0,0,1,0,Finance Director,0,1,1,Medium,2025-07,1,Duplicate Invoice
TX0028111,2025-06-03,A046,Marketing,V0394,Invoice,92.92,Direct Debit,GBP,Approved,2025-06-05,INV00028111,EMP00024,USR0037,0,0,0,0,0,1,0,Department Manager,0,1,1,Low,2025-06,0,Duplicate Invoice
TX0028132,2026-03-31,A072,IT,V0233,Invoice,857.74,Card,USD,Pending,2025-06-26,INV00028132,EMP00178,USR0047,0,0,0,0,1,0,1,Department Manager,0,1,1,Low,2026-03,0,Invalid Posting Date
TX0028156,2025-08-29,A008,Procurement,,Journal Entry,578.61,Bank Transfer,GBP,Pending,2025-09-05,INV00028156,EMP00241,USR0028,1,0,0,0,0,0,1,Department Manager,0,1,1,Low,2025-08,0,Missing Vendor
TX0028168,2025-08-31,A063,Procurement,V0161,Invoice,562.73,Cheque,USD,Approved,2025-09-02,INV00085699,EMP00430,USR0145,0,0,0,0,0,1,1,Department Manager,0,1,1,Low,2025-08,0,Duplicate Invoice
TX0028178,2025-05-19,A014,IT,V0175,Invoice,2956.03,Bank Transfer,GBP,Approved,2025-05-26,INV00028178,EMP00218,USR0184,0,0,0,0,0,1,0,Senior Manager,0,1,1,Low,2025-05,0,Duplicate Invoice
TX0028187,2025-11-30,A069,Sales,V0150,Invoice,858.07,Direct Debit,USD,Approved,2025-12-04,INV00028187,,USR0024,0,1,0,0,0,0,1,Department Manager,0,1,1,Low,2025-11,0,No Exception
TX0028198,2026-01-29,A068,Procurement,V0192,Journal Entry,2046.62,Bank Transfer,GBP,Approved,2026-02-05,INV00051726,EMP00305,USR0103,0,0,0,0,0,1,1,Senior Manager,0,1,1,Low,2026-01,0,Duplicate Invoice
TX0028200,2025-05-25,A047,Finance,V0244,Credit Note,1393.67,Card,USD,Approved,2025-05-23,INV00028200,EMP00156,USR0138,0,0,0,0,1,0,0,Senior Manager,0,1,1,Low,2025-05,0,Invalid Posting Date
TX0028204,2025-05-21,A061,Sales,,Invoice,1058.64,Card,GBP,Rejected,2025-05-27,INV00028204,EMP00272,USR0163,1,0,0,0,0,0,0,Senior Manager,0,1,1,Low,2025-05,0,Missing Vendor
TX0028205,2025-04-27,A026,Operations,V0488,Invoice,6651.31,Direct Debit,GBP,Approved,2025-04-25,INV00028205,EMP00303,USR0018,0,0,0,0,1,0,1,Senior Manager,0,1,1,Low,2025-04,1,Invalid Posting Date
TX0028206,2026-03-30,A042,Operations,V0448,Invoice,1801.53,Card,EUR,Approved,2025-09-18,INV00028206,EMP00118,USR0007,0,0,0,0,1,0,1,Senior Manager,0,1,1,Low,2026-03,0,Invalid Posting Date
TX0028207,2026-01-06,A006,Finance,,Credit Note,857.77,Card,GBP,Approved,2026-01-06,INV00028207,EMP00266,USR0087,1,0,0,0,0,0,0,Department Manager,0,1,1,Low,2026-01,0,Missing Vendor
TX0028213,2026-03-29,A045,Procurement,V0196,Expense,890.45,Cheque,GBP,Pending,2026-01-28,INV00028213,EMP00306,USR0110,0,0,0,0,1,0,1,Department Manager,0,1,1,Low,2026-03,0,Invalid Posting Date
TX0028240,2026-03-11,A035,IT,V0113,Expense,495.82,Card,GBP,Pending,2026-03-13,INV00028240,,USR0009,0,1,0,0,0,0,0,Department Manager,0,1,1,Low,2026-03,0,No Exception
TX0028259,2025-08-13,A006,IT,V0374,Payment,1067.51,Direct Debit,USD,Approved,2025-08-20,INV00028259,,USR0108,0,1,0,0,0,0,0,Senior Manager,1,2,1,Medium,2025-08,0,Missing Approval
TX0028263,2025-07-29,A036,Finance,V0428,Credit Note,2102.07,Direct Debit,EUR,Rejected,2025-07-25,INV00028263,EMP00314,USR0170,0,0,0,0,1,0,1,Senior Manager,0,1,1,Low,2025-07,0,Invalid Posting Date
TX0028264,2025-12-15,A014,Marketing,V0132,Expense,1198.05,Cheque,GBP,Approved,2025-12-19,INV00034273,EMP00026,USR0093,0,0,0,0,0,1,0,Senior Manager,0,1,1,Low,2025-12,0,Duplicate Invoice
TX0028269,2025-07-01,A059,IT,V0007,Expense,-2391.67,Direct Debit,USD,Approved,2025-07-08,INV00028269,EMP00444,USR0094,0,0,0,1,0,0,0,Senior Manager,0,1,1,Low,2025-07,0,Invalid Amount
TX0028273,2026-02-09,,Sales,V0158,Invoice,1060.91,Direct Debit,GBP,Pending,2026-02-15,INV00028273,EMP00309,USR0105,0,0,1,0,0,0,0,Senior Manager,0,1,1,Low,2026-02,0,Missing Account
TX0028274,2026-03-27,A060,HR,V0197,Invoice,663.9,Direct Debit,USD,Approved,2025-12-01,INV00028274,EMP00429,USR0154,0,0,0,0,1,0,1,Department Manager,0,1,1,Low,2026-03,0,Invalid Posting Date
TX0028287,2026-03-03,A063,Sales,V0076,Invoice,7812.14,Card,GBP,Rejected,2026-03-04,INV00028287,EMP00262,USR0036,0,0,0,0,0,1,0,Senior Manager,0,1,1,Low,2026-03,1,Duplicate Invoice
TX0028297,2026-03-28,A019,Finance,V0303,Invoice,2500.29,Card,GBP,Rejected,2025-12-04,INV00028297,EMP00134,USR0052,0,0,0,0,1,0,1,Senior Manager,0,1,1,Low,2026-03,0,Invalid Posting Date
TX0028313,2026-03-27,A003,Procurement,V0473,Invoice,1006.32,Direct Debit,USD,Approved,2025-07-17,INV00028313,EMP00246,USR0051,0,0,0,0,1,0,1,Senior Manager,0,1,1,Low,2026-03,0,Invalid Posting Date
TX0028337,2025-07-08,A023,IT,V0252,Expense,3943.56,Bank Transfer,GBP,Approved,2025-07-08,INV00028337,,USR0010,0,1,0,0,0,0,0,Senior Manager,1,2,1,Medium,2025-07,0,Missing Approval
TX0028338,2025-04-13,A045,Sales,V0360,Invoice,2451.39,Direct Debit,EUR,Approved,2025-04-09,INV00036906,EMP00044,USR0042,0,0,0,0,1,1,0,Senior Manager,0,2,1,Medium,2025-04,0,Duplicate Invoice
TX0028367,2025-06-25,A001,Marketing,V0117,Invoice,1157.83,Card,GBP,Rejected,2025-06-30,INV00059465,EMP00163,USR0126,0,0,0,0,0,1,0,Senior Manager,0,1,1,Low,2025-06,0,Duplicate Invoice
TX0028380,2025-06-28,A004,Operations,V0350,Invoice,880.28,Bank Transfer,GBP,Approved,2025-07-04,INV00028380,,USR0126,0,1,0,0,0,0,1,Department Manager,0,1,1,Low,2025-06,0,No Exception
TX0028382,2025-08-17,A030,HR,V0307,Invoice,188.12,Direct Debit,USD,Rejected,2025-08-21,INV00025270,EMP00191,USR0109,0,0,0,0,0,1,0,Department Manager,0,1,1,Low,2025-08,0,Duplicate Invoice
TX0028442,2025-07-26,A064,Sales,V0194,Expense,6265.37,Card,EUR,Approved,2025-07-28,INV00028442,,USR0136,0,1,0,0,0,0,0,Senior Manager,1,2,1,Medium,2025-07,1,Missing Approval
TX0028453,2026-02-08,A022,Sales,V0301,Expense,3496.1,Card,GBP,Pending,2026-02-13,INV00064035,EMP00406,USR0120,0,0,0,0,0,1,0,Senior Manager,0,1,1,Low,2026-02,0,Duplicate Invoice
TX0028469,2026-03-28,A055,Finance,V0008,Credit Note,4552.0,Direct Debit,USD,Rejected,2025-05-22,INV00028469,EMP00194,USR0058,0,0,0,0,1,0,1,Senior Manager,0,1,1,Low,2026-03,0,Invalid Posting Date
TX0028534,2025-10-11,A043,Sales,V0447,Credit Note,324.02,Cheque,GBP,Rejected,2025-10-11,INV00028534,EMP00080,USR0069,0,0,0,0,0,1,0,Department Manager,0,1,1,Low,2025-10,0,Duplicate Invoice
TX0028536,2026-03-30,A076,Marketing,V0079,Payment,115.5,Bank Transfer,EUR,Rejected,2025-09-13,INV00028536,EMP00455,USR0079,0,0,0,0,1,0,1,Department Manager,0,1,1,Low,2026-03,0,Invalid Posting Date
TX0028553,2025-06-23,A068,Marketing,V0042,Payment,1751.7,Direct Debit,USD,Pending,2025-06-24,INV00041488,EMP00236,USR0061,0,0,0,0,0,1,0,Senior Manager,0,1,1,Low,2025-06,0,Duplicate Invoice
TX0028566,2026-03-04,A037,HR,V0054,Payment,9918.82,Cheque,EUR,Pending,2026-03-06,INV00028566,EMP00176,USR0164,0,0,0,0,0,1,0,Senior Manager,0,1,1,Low,2026-03,1,Duplicate Invoice
TX0028602,2025-04-10,A007,Sales,V0352,Payment,712.78,Cheque,GBP,Approved,2025-04-13,INV00028602,,USR0024,0,1,0,0,0,0,0,Department Manager,0,1,1,Low,2025-04,0,No Exception
TX0028653,2025-04-26,A024,Sales,V0012,Invoice,2175.47,Direct Debit,GBP,Approved,2025-04-30,INV00053043,EMP00392,USR0010,0,0,0,0,0,1,0,Senior Manager,0,1,1,Low,2025-04,0,Duplicate Invoice
TX0028672,2026-03-29,A029,Sales,V0103,Invoice,141.98,Cheque,GBP,Approved,2026-02-24,INV00028672,EMP00382,USR0057,0,0,0,0,1,0,1,Department Manager,0,1,1,Low,2026-03,0,Invalid Posting Date
TX0028675,2025-09-30,A044,Finance,V0134,Invoice,576.22,Direct Debit,USD,Approved,2025-10-04,INV00028675,EMP00496,USR0077,0,0,0,0,0,1,1,Department Manager,0,1,1,Low,2025-09,0,Duplicate Invoice
TX0028725,2026-03-27,A068,Procurement,V0455,Invoice,2370.28,Direct Debit,GBP,Approved,2025-09-13,INV00028725,EMP00286,USR0063,0,0,0,0,1,0,1,Senior Manager,0,1,1,Low,2026-03,0,Invalid Posting Date
TX0028732,2025-08-08,A048,Sales,V0459,Invoice,614.49,Cheque,GBP,Pending,2025-08-05,INV00028732,EMP00491,USR0173,0,0,0,0,1,0,0,Department Manager,0,1,1,Low,2025-08,0,Invalid Posting Date
TX0028748,2025-08-01,A068,Finance,V0044,Invoice,974.58,Cheque,USD,Approved,2025-08-06,INV00028748,,USR0156,0,1,0,0,0,0,0,Department Manager,0,1,1,Low,2025-08,0,No Exception
TX0028763,2026-03-27,A043,Operations,V0057,Expense,242.36,Card,GBP,Approved,2025-09-12,INV00028763,EMP00153,USR0057,0,0,0,0,1,0,1,Department Manager,0,1,1,Low,2026-03,0,Invalid Posting Date
TX0028767,2026-03-28,A061,Sales,V0160,Expense,-820.33,Bank Transfer,GBP,Rejected,2026-04-03,INV00028767,EMP00411,USR0051,0,0,0,1,0,0,1,Department Manager,0,1,1,Low,2026-03,0,Invalid Amount
TX0028768,2025-09-19,A028,Finance,V0483,Invoice,1160.67,Direct Debit,GBP,Approved,2025-09-22,INV00018486,EMP00004,USR0140,0,0,0,0,0,1,0,Senior Manager,0,1,1,Low,2025-09,0,Duplicate Invoice
TX0028789,2025-04-22,A075,Procurement,,Expense,9310.05,Bank Transfer,EUR,Approved,2025-04-26,INV00028789,EMP00255,USR0154,1,0,0,0,0,0,0,Senior Manager,0,1,1,Low,2025-04,1,Missing Vendor
TX0028825,2025-11-14,,HR,V0422,Invoice,7808.53,Cheque,GBP,Approved,2025-11-15,INV00028825,EMP00427,USR0034,0,0,1,0,0,0,0,Senior Manager,0,1,1,Low,2025-11,1,Missing Account
TX0028842,2025-08-01,A021,Finance,V0026,Invoice,900.0,Cheque,GBP,Pending,2025-08-05,INV00070552,EMP00392,USR0084,0,0,0,0,0,1,0,Department Manager,0,1,1,Low,2025-08,0,Duplicate Invoice
TX0028845,2026-02-19,A064,IT,V0177,Journal Entry,5596.57,Bank Transfer,EUR,Approved,2026-02-21,INV00028845,,USR0068,0,1,0,0,0,0,0,Senior Manager,1,2,1,Medium,2026-02,0,Missing Approval
TX0028905,2025-07-01,A015,Sales,V0131,Invoice,2312.77,Cheque,GBP,Approved,2025-07-07,INV00079369,EMP00207,USR0080,0,0,0,0,0,1,0,Senior Manager,0,1,1,Low,2025-07,0,Duplicate Invoice
TX0028922,2025-04-19,A070,Finance,V0312,Journal Entry,97.26,Cheque,EUR,Approved,2025-04-21,INV00028922,EMP00180,USR0119,0,0,0,0,0,1,0,Department Manager,0,1,1,Low,2025-04,0,Duplicate Invoice
TX0028926,2026-03-27,A048,Operations,V0345,Invoice,2112.63,Card,GBP,Approved,2025-07-10,INV00028926,EMP00483,USR0024,0,0,0,0,1,0,1,Senior Manager,0,1,1,Low,2026-03,0,Invalid Posting Date
TX0028934,2025-09-30,A042,Sales,V0050,Invoice,2909.83,Cheque,USD,Approved,2025-10-05,INV00028934,,USR0169,0,1,0,0,0,0,1,Senior Manager,1,2,1,Medium,2025-09,0,Missing Approval
TX0028993,2025-08-09,A038,Procurement,V0134,Payment,1223.74,Cheque,GBP,Approved,2025-08-16,INV00028993,,USR0112,0,1,0,0,0,0,0,Senior Manager,1,2,1,Medium,2025-08,0,Missing Approval
TX0029005,2025-08-12,A019,Operations,V0386,Invoice,4613.8,Cheque,GBP,Approved,2025-08-16,INV00029005,,USR0078,0,1,0,0,0,0,0,Senior Manager,1,2,1,Medium,2025-08,0,Missing Approval
TX0029020,2025-11-21,A012,Operations,,Credit Note,968.56,Direct Debit,EUR,Approved,2025-11-21,INV00029020,EMP00053,USR0119,1,0,0,0,0,0,0,Department Manager,0,1,1,Low,2025-11,0,Missing Vendor
TX0029038,2026-01-23,A058,IT,V0057,Payment,1163.0,Card,EUR,Rejected,2026-01-27,INV00029038,,USR0178,0,1,0,0,0,0,0,Senior Manager,1,2,1,Medium,2026-01,0,Missing Approval
TX0029057,2025-05-10,A070,HR,V0111,Expense,1980.27,Card,GBP,Pending,2025-05-10,INV00029057,EMP00379,USR0112,0,0,0,0,0,1,0,Senior Manager,0,1,1,Low,2025-05,0,Duplicate Invoice
TX0029081,2026-03-31,A027,Marketing,V0494,Expense,676.51,Bank Transfer,GBP,Approved,2025-12-26,INV00029081,EMP00161,USR0054,0,0,0,0,1,0,1,Department Manager,0,1,1,Low,2026-03,0,Invalid Posting Date
TX0029113,2025-09-26,A067,Operations,V0161,Payment,86277.82,Card,GBP,Approved,2025-09-26,INV00029113,,USR0111,0,1,0,0,0,0,0,Finance Director,1,2,1,High,2025-09,1,Missing Approval
TX0029131,2025-06-09,A017,HR,V0381,Invoice,505.06,Bank Transfer,GBP,Approved,2025-06-11,INV00029131,EMP00417,USR0186,0,0,0,0,0,1,0,Department Manager,0,1,1,Low,2025-06,0,Duplicate Invoice
TX0029159,2025-06-19,A039,Finance,V0330,Expense,350.99,Direct Debit,GBP,Rejected,2025-06-21,INV00029159,,USR0143,0,1,0,0,0,0,0,Department Manager,0,1,1,Low,2025-06,0,No Exception
TX0029185,2025-04-26,A027,HR,V0083,Expense,672.92,Cheque,USD,Approved,2025-05-02,INV00022993,EMP00209,USR0081,0,0,0,0,0,1,0,Department Manager,0,1,1,Low,2025-04,0,Duplicate Invoice
TX0029225,2026-03-30,A010,Finance,V0268,Invoice,970.01,Card,EUR,Rejected,2025-06-19,INV00029225,EMP00348,USR0076,0,0,0,0,1,0,1,Department Manager,0,1,1,Low,2026-03,0,Invalid Posting Date
TX0029232,2025-10-26,A003,Marketing,V0112,Journal Entry,2956.55,Direct Debit,GBP,Approved,2025-10-26,INV00029232,EMP00156,USR0151,0,0,0,0,0,1,0,Senior Manager,0,1,1,Low,2025-10,0,Duplicate Invoice
TX0029234,2025-10-25,A064,Sales,,Journal Entry,1221.4,Card,EUR,Approved,2025-11-01,INV00029234,EMP00441,USR0029,1,0,0,0,0,0,0,Senior Manager,0,1,1,Low,2025-10,0,Missing Vendor
TX0029249,2026-03-15,A040,HR,V0159,Credit Note,959.23,Direct Debit,GBP,Approved,2026-03-20,INV00029249,,USR0155,0,1,0,0,0,0,0,Department Manager,0,1,1,Low,2026-03,0,No Exception
TX0029279,2025-08-18,A004,Procurement,V0223,Invoice,974.78,Cheque,GBP,Approved,2025-08-22,INV00022154,EMP00054,USR0112,0,0,0,0,0,1,0,Department Manager,0,1,1,Low,2025-08,0,Duplicate Invoice
TX0029283,2026-03-30,A044,IT,V0215,Expense,484.1,Bank Transfer,GBP,Approved,2025-04-09,INV00029283,EMP00354,USR0106,0,0,0,0,1,0,1,Department Manager,0,1,1,Low,2026-03,0,Invalid Posting Date
TX0029337,2026-03-08,A070,Finance,V0220,Journal Entry,291.55,Card,GBP,Pending,2026-03-15,INV00079995,EMP00111,USR0114,0,0,0,0,0,1,0,Department Manager,0,1,1,Low,2026-03,0,Duplicate Invoice
TX0029342,2026-03-28,A052,Operations,V0281,Expense,1044.72,Cheque,EUR,Pending,2025-08-30,INV00029342,EMP00247,USR0198,0,0,0,0,1,0,1,Senior Manager,0,1,1,Low,2026-03,0,Invalid Posting Date
TX0029367,2026-03-30,A019,IT,V0484,Journal Entry,546.65,Direct Debit,GBP,Pending,2025-05-21,INV00029367,EMP00379,USR0197,0,0,0,0,1,0,1,Department Manager,0,1,1,Low,2026-03,0,Invalid Posting Date
TX0029381,2026-01-10,A013,Sales,V0156,Expense,121.55,Direct Debit,GBP,Rejected,2026-01-16,INV00016302,EMP00143,USR0015,0,0,0,0,0,1,0,Department Manager,0,1,1,Low,2026-01,0,Duplicate Invoice
TX0029456,2025-12-16,A068,HR,V0190,Journal Entry,73.58,Card,GBP,Approved,2025-12-21,INV00029456,,USR0177,0,1,0,0,0,0,0,Department Manager,0,1,1,Low,2025-12,0,No Exception
TX0029462,2025-11-14,A036,Marketing,,Expense,1465.07,Bank Transfer,GBP,Approved,2025-11-18,INV00029462,EMP00357,USR0075,1,0,0,0,0,0,0,Senior Manager,0,1,1,Low,2025-11,0,Missing Vendor
TX0029506,2025-11-29,A021,Finance,V0269,Invoice,1774.56,Cheque,GBP,Rejected,2025-12-04,INV00029506,EMP00425,USR0045,0,0,0,0,0,1,1,Senior Manager,0,1,1,Low,2025-11,0,Duplicate Invoice
TX0029518,2026-03-31,A043,Procurement,V0243,Journal Entry,2947.96,Card,EUR,Pending,2025-06-19,INV00029518,EMP00394,USR0105,0,0,0,0,1,1,1,Senior Manager,0,2,1,Medium,2026-03,0,Duplicate Invoice
TX0029519,2025-10-19,A048,Operations,V0196,Invoice,954.9,Card,GBP,Rejected,2025-10-24,INV00093781,EMP00458,USR0178,0,0,0,0,0,1,0,Department Manager,0,1,1,Low,2025-10,0,Duplicate Invoice
TX0029547,2026-03-30,A006,HR,V0083,Invoice,11912.69,Bank Transfer,EUR,Approved,2025-08-30,INV00029547,EMP00314,USR0109,0,0,0,0,1,0,1,Finance Director,0,1,1,Medium,2026-03,1,Invalid Posting Date
TX0029558,2025-06-02,A065,Marketing,V0139,Payment,1730.11,Cheque,EUR,Approved,2025-06-09,INV00029558,,USR0168,0,1,0,0,0,0,0,Senior Manager,1,2,1,Medium,2025-06,0,Missing Approval
TX0029604,2026-03-28,A017,Marketing,V0367,Expense,667.65,Card,GBP,Pending,2025-11-19,INV00029604,EMP00129,USR0188,0,0,0,0,1,0,1,Department Manager,0,1,1,Low,2026-03,0,Invalid Posting Date
TX0029620,2025-08-21,A004,IT,V0130,Invoice,8144.88,Cheque,USD,Pending,2025-08-22,INV00033055,EMP00070,USR0151,0,0,0,0,0,1,0,Senior Manager,0,1,1,Low,2025-08,1,Duplicate Invoice
TX0029668,2026-03-28,A052,Procurement,V0189,Invoice,1725.38,Direct Debit,GBP,Pending,2025-04-30,INV00029668,EMP00002,USR0067,0,0,0,0,1,0,1,Senior Manager,0,1,1,Low,2026-03,0,Invalid Posting Date
TX0029674,2026-03-30,A066,IT,V0019,Payment,3975.3,Card,USD,Pending,2025-06-16,INV00029674,EMP00317,USR0015,0,0,0,0,1,0,1,Senior Manager,0,1,1,Low,2026-03,0,Invalid Posting Date
TX0029720,2025-10-30,A066,Finance,V0384,Invoice,3380.45,Card,USD,Approved,2025-11-02,INV00029720,EMP00060,USR0166,0,0,0,0,0,1,1,Senior Manager,0,1,1,Low,2025-10,0,Duplicate Invoice
TX0029756,2026-03-30,A070,Marketing,V0091,Invoice,1059.59,Cheque,GBP,Rejected,2025-04-20,INV00029756,EMP00097,USR0020,0,0,0,0,1,0,1,Senior Manager,0,1,1,Low,2026-03,0,Invalid Posting Date
TX0029776,2025-11-20,A068,IT,V0114,Invoice,581.27,Card,USD,Approved,2025-11-22,INV00029776,EMP00188,USR0119,0,0,0,0,0,1,0,Department Manager,0,1,1,Low,2025-11,0,Duplicate Invoice
TX0029783,2026-01-01,A041,Finance,V0102,Payment,550.84,Card,GBP,Approved,2026-01-04,INV00029783,,USR0140,0,1,0,0,0,0,0,Department Manager,0,1,1,Low,2026-01,0,No Exception
TX0029795,2026-03-30,A049,Operations,V0223,Credit Note,300.55,Bank Transfer,EUR,Approved,2025-05-05,INV00029795,EMP00262,USR0198,0,0,0,0,1,0,1,Department Manager,0,1,1,Low,2026-03,0,Invalid Posting Date
TX0029824,2026-03-16,A039,Operations,V0103,Invoice,3774.46,Bank Transfer,GBP,Approved,2026-03-17,INV00029824,EMP00082,USR0173,0,0,0,0,0,1,0,Senior Manager,0,1,1,Low,2026-03,0,Duplicate Invoice
TX0029834,2026-01-14,A004,Procurement,V0041,Expense,-3837.81,Direct Debit,USD,Approved,2026-01-15,INV00029834,EMP00306,USR0081,0,0,0,1,0,0,0,Senior Manager,0,1,1,Low,2026-01,0,Invalid Amount
TX0029849,2025-08-20,A063,Procurement,V0060,Invoice,470.86,Bank Transfer,EUR,Approved,2025-08-22,INV00034606,EMP00098,USR0151,0,0,0,0,0,1,0,Department Manager,0,1,1,Low,2025-08,0,Duplicate Invoice
TX0029853,2025-08-13,A039,Sales,V0207,Invoice,4686.18,Cheque,GBP,Rejected,2025-08-18,INV00029853,,USR0003,0,1,0,0,0,0,0,Senior Manager,1,2,1,Medium,2025-08,0,Missing Approval
TX0029858,2026-03-05,A080,Procurement,V0315,Invoice,4937.72,Card,GBP,Approved,2026-03-06,INV00029858,EMP00378,USR0180,0,0,0,0,0,1,0,Senior Manager,0,1,1,Low,2026-03,0,Duplicate Invoice
TX0029870,2026-01-23,A032,Sales,V0129,Invoice,145.83,Cheque,GBP,Approved,2026-01-25,INV00029870,EMP00317,USR0051,0,0,0,0,0,1,0,Department Manager,0,1,1,Low,2026-01,0,Duplicate Invoice
TX0029878,2025-10-23,A053,IT,,Invoice,1304.35,Cheque,GBP,Approved,2025-10-27,INV00029878,EMP00303,USR0119,1,0,0,0,0,0,0,Senior Manager,0,1,1,Low,2025-10,0,Missing Vendor
TX0029908,2025-04-19,A019,Finance,V0410,Payment,1159.48,Card,GBP,Approved,2025-04-26,INV00029908,,USR0074,0,1,0,0,0,0,0,Senior Manager,1,2,1,Medium,2025-04,0,Missing Approval
TX0029942,2026-03-29,A009,Marketing,V0448,Journal Entry,1444.22,Cheque,USD,Approved,2025-06-06,INV00029942,EMP00243,USR0143,0,0,0,0,1,0,1,Senior Manager,0,1,1,Low,2026-03,0,Invalid Posting Date
TX0029965,2025-09-15,A010,Finance,V0014,Payment,933.79,Direct Debit,EUR,Approved,2025-09-22,INV00067503,EMP00399,USR0021,0,0,0,0,0,1,0,Department Manager,0,1,1,Low,2025-09,0,Duplicate Invoice
TX0029970,2025-12-04,A008,Operations,V0300,Invoice,336.38,Card,USD,Pending,2025-12-08,INV00072560,EMP00078,USR0125,0,0,0,0,0,1,0,Department Manager,0,1,1,Low,2025-12,0,Duplicate Invoice
TX0030047,2026-02-17,A044,Procurement,V0433,Invoice,669.98,Cheque,EUR,Approved,2026-02-14,INV00030047,EMP00065,USR0082,0,0,0,0,1,0,0,Department Manager,0,1,1,Low,2026-02,0,Invalid Posting Date
TX0030055,2025-05-12,A010,Marketing,V0222,Payment,295.33,Bank Transfer,EUR,Approved,2025-05-15,INV00088895,EMP00090,USR0074,0,0,0,0,0,1,0,Department Manager,0,1,1,Low,2025-05,0,Duplicate Invoice
TX0030073,2025-09-02,A021,Marketing,V0075,Payment,-4995.13,Cheque,GBP,Approved,2025-09-02,INV00030073,EMP00495,USR0144,0,0,0,1,0,0,0,Senior Manager,0,1,1,Low,2025-09,0,Invalid Amount
TX0030085,2025-06-22,A035,Finance,,Invoice,1468.71,Bank Transfer,GBP,Pending,2025-06-29,INV00030085,EMP00324,USR0092,1,0,0,0,0,0,0,Senior Manager,0,1,1,Low,2025-06,0,Missing Vendor
TX0030100,2025-07-02,A010,Marketing,V0265,Invoice,1679.64,Card,GBP,Rejected,2025-07-06,INV00030100,,USR0127,0,1,0,0,0,0,0,Senior Manager,1,2,1,Medium,2025-07,0,Missing Approval
TX0030135,2025-12-27,A059,HR,V0361,Credit Note,1636.22,Direct Debit,EUR,Pending,2026-01-03,INV00030135,,USR0093,0,1,0,0,0,0,1,Senior Manager,1,2,1,Medium,2025-12,0,Missing Approval
TX0030161,2025-05-01,A001,Sales,V0071,Expense,1214.46,Direct Debit,GBP,Rejected,2025-05-04,INV00030161,,USR0167,0,1,0,0,0,0,0,Senior Manager,1,2,1,Medium,2025-05,0,Missing Approval
TX0030170,2025-05-15,A067,Procurement,V0153,Invoice,384.64,Card,USD,Approved,2025-05-19,INV00033223,EMP00364,USR0138,0,0,0,0,0,1,0,Department Manager,0,1,1,Low,2025-05,0,Duplicate Invoice
TX0030246,2026-03-27,A058,Marketing,V0038,Expense,840.89,Direct Debit,GBP,Approved,2026-02-21,INV00030246,EMP00339,USR0188,0,0,0,0,1,0,1,Department Manager,0,1,1,Low,2026-03,0,Invalid Posting Date
TX0030281,2025-08-03,A042,Procurement,V0153,Invoice,2844.72,Cheque,GBP,Approved,2025-08-10,INV00008526,EMP00223,USR0090,0,0,0,0,0,1,0,Senior Manager,0,1,1,Low,2025-08,0,Duplicate Invoice
TX0030292,2026-01-02,A034,HR,V0298,Invoice,1625.09,Cheque,GBP,Approved,2026-01-05,INV00030292,,USR0159,0,1,0,0,0,0,0,Senior Manager,1,2,1,Medium,2026-01,0,Missing Approval
TX0030337,2025-06-07,A015,IT,V0464,Invoice,40.27,Bank Transfer,GBP,Rejected,2025-06-14,INV00069576,EMP00450,USR0033,0,0,0,0,0,1,0,Department Manager,0,1,1,Low,2025-06,0,Duplicate Invoice
TX0030359,2025-11-15,A007,Sales,V0068,Expense,-359.91,Bank Transfer,GBP,Approved,2025-11-16,INV00030359,EMP00213,USR0080,0,0,0,1,0,0,0,Department Manager,0,1,1,Low,2025-11,0,Invalid Amount
TX0030388,2026-03-26,A066,Procurement,V0106,Invoice,1770.07,Cheque,GBP,Pending,2026-03-30,INV00030388,,USR0150,0,1,0,0,0,0,0,Senior Manager,1,2,1,Medium,2026-03,0,Missing Approval
TX0030394,2026-02-03,A080,Sales,V0103,Invoice,840.38,Direct Debit,GBP,Rejected,2026-02-09,INV00030394,,USR0057,0,1,0,0,0,0,0,Department Manager,0,1,1,Low,2026-02,0,No Exception
TX0030410,2025-11-18,A015,Sales,V0060,Expense,3195.9,Card,GBP,Approved,2025-11-24,INV00030410,EMP00006,USR0071,0,0,0,0,0,1,0,Senior Manager,0,1,1,Low,2025-11,0,Duplicate Invoice
TX0030419,2025-12-11,A075,IT,V0442,Invoice,8179.09,Card,GBP,Rejected,2025-12-11,INV00030419,EMP00253,USR0190,0,0,0,0,0,1,0,Senior Manager,0,1,1,Low,2025-12,1,Duplicate Invoice
TX0030465,2025-05-15,A003,Sales,V0203,Invoice,491.86,Cheque,GBP,Pending,2025-05-17,INV00098071,EMP00487,USR0051,0,0,0,0,0,1,0,Department Manager,0,1,1,Low,2025-05,0,Duplicate Invoice
TX0030470,2025-11-15,A043,Operations,V0150,Invoice,1217.67,Card,GBP,Approved,2025-11-18,INV00030470,,USR0192,0,1,0,0,0,0,0,Senior Manager,1,2,1,Medium,2025-11,0,Missing Approval
TX0030543,2025-06-14,,Sales,V0215,Invoice,605.19,Cheque,EUR,Approved,2025-06-16,INV00030543,EMP00145,USR0124,0,0,1,0,0,0,0,Department Manager,0,1,1,Low,2025-06,0,Missing Account
TX0030553,2025-11-05,A002,IT,V0461,Expense,3100.44,Bank Transfer,GBP,Pending,2025-11-11,INV00022507,EMP00448,USR0085,0,0,0,0,0,1,0,Senior Manager,0,1,1,Low,2025-11,0,Duplicate Invoice
TX0030573,2025-10-18,A021,Operations,V0361,Payment,2257.44,Cheque,GBP,Rejected,2025-10-24,INV00030573,EMP00168,USR0001,0,0,0,0,0,1,0,Senior Manager,0,1,1,Low,2025-10,0,Duplicate Invoice
TX0030620,2025-06-24,A038,Procurement,V0497,Invoice,426.18,Cheque,GBP,Approved,2025-06-25,INV00030620,,USR0064,0,1,0,0,0,0,0,Department Manager,0,1,1,Low,2025-06,0,No Exception
TX0030630,2026-03-27,A035,Procurement,V0197,Payment,2179.28,Direct Debit,GBP,Approved,2025-04-26,INV00030630,EMP00176,USR0001,0,0,0,0,1,0,1,Senior Manager,0,1,1,Low,2026-03,0,Invalid Posting Date
TX0030639,2026-03-29,A026,IT,V0269,Invoice,184.89,Bank Transfer,GBP,Pending,2025-05-18,INV00030639,EMP00441,USR0090,0,0,0,0,1,0,1,Department Manager,0,1,1,Low,2026-03,0,Invalid Posting Date
TX0030658,2025-11-04,A072,IT,V0362,Invoice,1530.53,Direct Debit,GBP,Pending,2025-11-05,INV00030658,,USR0019,0,1,0,0,0,0,0,Senior Manager,1,2,1,Medium,2025-11,0,Missing Approval
TX0030675,2026-03-05,A041,Operations,V0082,Invoice,893.42,Bank Transfer,GBP,Pending,2026-03-05,INV00015809,EMP00101,USR0030,0,0,0,0,0,1,0,Department Manager,0,1,1,Low,2026-03,0,Duplicate Invoice
TX0030713,2025-07-27,A070,Finance,V0274,Expense,587.1,Card,GBP,Approved,2025-07-28,INV00030713,EMP00368,USR0149,0,0,0,0,0,1,1,Department Manager,0,1,1,Low,2025-07,0,Duplicate Invoice
TX0030754,2025-04-12,A029,Sales,V0129,Payment,1482.62,Card,GBP,Rejected,2025-04-14,INV00026587,EMP00152,USR0075,0,0,0,0,0,1,0,Senior Manager,0,1,1,Low,2025-04,0,Duplicate Invoice
TX0030786,2025-05-17,A061,Procurement,V0036,Invoice,225.55,Cheque,GBP,Approved,2025-05-20,INV00003394,EMP00247,USR0161,0,0,0,0,0,1,0,Department Manager,0,1,1,Low,2025-05,0,Duplicate Invoice
TX0030816,2026-01-16,A046,Procurement,V0174,Invoice,-3509.38,Direct Debit,USD,Approved,2026-01-21,INV00030816,EMP00149,USR0052,0,0,0,1,0,0,0,Senior Manager,0,1,1,Low,2026-01,0,Invalid Amount
TX0030824,2026-03-29,A068,Procurement,V0309,Payment,1085.53,Cheque,GBP,Approved,2025-11-12,INV00030824,EMP00237,USR0023,0,0,0,0,1,0,1,Senior Manager,0,1,1,Low,2026-03,0,Invalid Posting Date
TX0030852,2026-02-06,A048,HR,V0434,Invoice,-643.13,Card,GBP,Approved,2026-02-10,INV00030852,EMP00022,USR0084,0,0,0,1,0,0,0,Department Manager,0,1,1,Low,2026-02,0,Invalid Amount
TX0030884,2026-01-06,A079,Marketing,V0067,Journal Entry,2652.01,Cheque,GBP,Approved,2026-01-06,INV00030884,EMP00330,USR0154,0,0,0,0,0,1,0,Senior Manager,0,1,1,Low,2026-01,0,Duplicate Invoice
TX0030903,2025-08-09,A007,Sales,V0305,Invoice,577.42,Bank Transfer,USD,Approved,2025-08-12,INV00030903,EMP00292,USR0091,0,0,0,0,0,1,0,Department Manager,0,1,1,Low,2025-08,0,Duplicate Invoice
TX0030906,2026-03-30,A077,Operations,V0059,Journal Entry,1201.37,Cheque,GBP,Pending,2025-05-26,INV00030906,EMP00127,USR0074,0,0,0,0,1,0,1,Senior Manager,0,1,1,Low,2026-03,0,Invalid Posting Date
TX0030953,2025-10-13,A040,Finance,V0356,Invoice,2111.57,Cheque,GBP,Pending,2025-10-17,INV00030953,EMP00049,USR0136,0,0,0,0,0,1,0,Senior Manager,0,1,1,Low,2025-10,0,Duplicate Invoice
TX0030960,2025-11-30,A026,Procurement,V0020,Invoice,5161.91,Card,GBP,Approved,2025-12-02,INV00030960,EMP00302,USR0113,0,0,0,0,0,1,1,Senior Manager,0,1,1,Low,2025-11,0,Duplicate Invoice
TX0030964,2026-02-28,A064,Marketing,V0201,Invoice,1390.49,Bank Transfer,GBP,Rejected,2026-03-02,INV00030964,EMP00002,USR0076,0,0,0,0,0,1,1,Senior Manager,0,1,1,Low,2026-02,0,Duplicate Invoice
TX0030983,2026-03-31,A064,Sales,V0346,Journal Entry,611.57,Card,GBP,Approved,2025-07-24,INV00030983,EMP00025,USR0151,0,0,0,0,1,0,1,Department Manager,0,1,1,Low,2026-03,0,Invalid Posting Date
TX0030999,2025-10-02,A040,IT,V0121,Invoice,328.5,Direct Debit,EUR,Approved,2025-10-02,INV00030999,EMP00222,USR0006,0,0,0,0,0,1,0,Department Manager,0,1,1,Low,2025-10,0,Duplicate Invoice
TX0031022,2025-08-19,A024,Procurement,V0495,Journal Entry,479.12,Bank Transfer,GBP,Pending,2025-08-23,INV00031022,EMP00421,USR0151,0,0,0,0,0,1,0,Department Manager,0,1,1,Low,2025-08,0,Duplicate Invoice
TX0031048,2025-12-31,A022,Sales,V0434,Expense,855.17,Card,EUR,Approved,2026-01-04,INV00078272,EMP00325,USR0016,0,0,0,0,0,1,1,Department Manager,0,1,1,Low,2025-12,0,Duplicate Invoice
TX0031066,2025-05-17,A070,Procurement,,Expense,527.02,Bank Transfer,GBP,Pending,2025-05-22,INV00031066,EMP00431,USR0180,1,0,0,0,0,0,0,Department Manager,0,1,1,Low,2025-05,0,Missing Vendor
TX0031109,2026-03-27,A046,IT,V0247,Credit Note,604.87,Cheque,EUR,Approved,2025-07-02,INV00031109,EMP00038,USR0170,0,0,0,0,1,0,1,Department Manager,0,1,1,Low,2026-03,0,Invalid Posting Date
TX0031121,2025-07-03,A029,Sales,V0139,Invoice,1222.61,Card,GBP,Approved,2025-07-03,INV00031121,EMP00208,USR0143,0,0,0,0,0,1,0,Senior Manager,0,1,1,Low,2025-07,0,Duplicate Invoice
TX0031124,2025-08-10,A034,IT,,Invoice,6570.84,Cheque,GBP,Pending,2025-08-17,INV00031124,EMP00343,USR0192,1,0,0,0,0,0,0,Senior Manager,0,1,1,Low,2025-08,1,Missing Vendor
TX0031135,2025-05-14,A003,Marketing,V0236,Invoice,-729.68,Bank Transfer,GBP,Rejected,2025-05-14,INV00031135,EMP00225,USR0087,0,0,0,1,0,0,0,Department Manager,0,1,1,Low,2025-05,0,Invalid Amount
TX0031144,2025-12-13,,Operations,V0457,Invoice,147.43,Card,GBP,Approved,2025-12-14,INV00031144,EMP00359,USR0024,0,0,1,0,0,0,0,Department Manager,0,1,1,Low,2025-12,0,Missing Account
TX0031162,2025-12-24,A059,Operations,V0313,Payment,210.16,Direct Debit,GBP,Rejected,2025-12-31,INV00021178,EMP00488,USR0194,0,0,0,0,0,1,0,Department Manager,0,1,1,Low,2025-12,0,Duplicate Invoice
TX0031184,2025-11-01,A003,Marketing,V0423,Payment,2089.68,Direct Debit,GBP,Rejected,2025-11-02,INV00031184,EMP00023,USR0069,0,0,0,0,0,1,0,Senior Manager,0,1,1,Low,2025-11,0,Duplicate Invoice
TX0031185,2026-03-28,A030,HR,V0455,Expense,2844.4,Cheque,GBP,Approved,2025-07-21,INV00031185,EMP00410,USR0090,0,0,0,0,1,0,1,Senior Manager,0,1,1,Low,2026-03,0,Invalid Posting Date
TX0031197,2026-01-08,A063,IT,V0452,Payment,2028.13,Card,GBP,Rejected,2026-01-15,INV00031197,EMP00452,USR0006,0,0,0,0,0,1,0,Senior Manager,0,1,1,Low,2026-01,0,Duplicate Invoice
TX0031225,2026-03-30,A029,Operations,V0491,Credit Note,2682.2,Direct Debit,GBP,Approved,2025-07-21,INV00031225,EMP00046,USR0145,0,0,0,0,1,0,1,Senior Manager,0,1,1,Low,2026-03,0,Invalid Posting Date
TX0031288,2025-07-06,A049,Marketing,V0470,Payment,2072.43,Direct Debit,USD,Rejected,2025-07-07,INV00011864,EMP00357,USR0118,0,0,0,0,0,1,0,Senior Manager,0,1,1,Low,2025-07,0,Duplicate Invoice
TX0031289,2025-07-28,A068,Finance,,Invoice,581.61,Card,GBP,Approved,2025-07-30,INV00031289,EMP00372,USR0175,1,0,0,0,0,0,1,Department Manager,0,1,1,Low,2025-07,0,Missing Vendor
TX0031335,2026-03-22,,Operations,V0152,Expense,3142.42,Direct Debit,GBP,Approved,2026-03-23,INV00031335,EMP00426,USR0109,0,0,1,0,0,0,0,Senior Manager,0,1,1,Low,2026-03,0,Missing Account
TX0031345,2025-10-25,A048,Finance,V0069,Expense,1235.66,Direct Debit,EUR,Approved,2025-10-27,INV00031345,EMP00492,USR0135,0,0,0,0,0,1,0,Senior Manager,0,1,1,Low,2025-10,0,Duplicate Invoice
TX0031364,2025-07-14,A055,Procurement,V0480,Payment,-611.03,Direct Debit,GBP,Approved,2025-07-16,INV00031364,EMP00260,USR0188,0,0,0,1,0,0,0,Department Manager,0,1,1,Low,2025-07,0,Invalid Amount
TX0031383,2025-05-14,A060,Operations,,Expense,4708.38,Direct Debit,EUR,Pending,2025-05-20,INV00031383,EMP00260,USR0127,1,0,0,0,0,0,0,Senior Manager,0,1,1,Low,2025-05,0,Missing Vendor
TX0031395,2025-06-28,A016,Marketing,V0447,Invoice,3802.63,Bank Transfer,USD,Approved,2025-07-04,INV00031395,,USR0106,0,1,0,0,0,0,1,Senior Manager,1,2,1,Medium,2025-06,0,Missing Approval
TX0031419,2025-05-21,A070,Operations,V0475,Journal Entry,281.06,Card,GBP,Approved,2025-05-27,INV00031419,EMP00149,USR0149,0,0,0,0,0,1,0,Department Manager,0,1,1,Low,2025-05,0,Duplicate Invoice
TX0031432,2026-03-17,A058,Operations,V0371,Invoice,1589.7,Bank Transfer,GBP,Approved,2026-03-23,INV00031432,EMP00147,USR0053,0,0,0,0,0,1,0,Senior Manager,0,1,1,Low,2026-03,0,Duplicate Invoice
TX0031443,2025-04-10,A008,IT,V0037,Expense,139.14,Bank Transfer,GBP,Rejected,2025-04-15,INV00051744,EMP00250,USR0037,0,0,0,0,0,1,0,Department Manager,0,1,1,Low,2025-04,0,Duplicate Invoice
TX0031451,2026-03-31,A035,Marketing,V0198,Expense,1300.88,Bank Transfer,GBP,Rejected,2025-06-25,INV00031451,EMP00064,USR0099,0,0,0,0,1,0,1,Senior Manager,0,1,1,Low,2026-03,0,Invalid Posting Date
TX0031513,2026-03-27,A016,Procurement,V0423,Payment,7289.73,Card,USD,Approved,2025-09-16,INV00031513,EMP00117,USR0053,0,0,0,0,1,0,1,Senior Manager,0,1,1,Low,2026-03,1,Invalid Posting Date
TX0031571,2025-04-21,A039,Operations,V0163,Invoice,698.02,Cheque,EUR,Approved,2025-04-21,INV00031571,,USR0161,0,1,0,0,0,0,0,Department Manager,0,1,1,Low,2025-04,0,No Exception
TX0031578,2026-03-31,A052,Operations,V0493,Invoice,378.97,Bank Transfer,GBP,Approved,2025-05-11,INV00031578,EMP00291,USR0180,0,0,0,0,1,0,1,Department Manager,0,1,1,Low,2026-03,0,Invalid Posting Date
TX0031592,2025-09-05,A016,Procurement,V0088,Payment,9994.47,Direct Debit,GBP,Approved,2025-09-08,INV00031592,EMP00199,USR0156,0,0,0,0,0,1,0,Senior Manager,0,1,1,Low,2025-09,1,Duplicate Invoice
TX0031603,2026-01-26,,Marketing,V0358,Payment,2255.01,Bank Transfer,GBP,Approved,2026-01-29,INV00031603,EMP00301,USR0149,0,0,1,0,0,0,0,Senior Manager,0,1,1,Low,2026-01,0,Missing Account
TX0031609,2025-09-04,A078,Sales,V0483,Payment,2268.04,Card,GBP,Rejected,2025-09-08,INV00031609,,USR0035,0,1,0,0,0,0,0,Senior Manager,1,2,1,Medium,2025-09,0,Missing Approval
TX0031626,2026-03-30,A067,Marketing,V0483,Credit Note,489.08,Card,GBP,Approved,2025-04-26,INV00031626,EMP00277,USR0042,0,0,0,0,1,0,1,Department Manager,0,1,1,Low,2026-03,0,Invalid Posting Date
TX0031627,2026-03-30,A029,Finance,V0114,Invoice,788.4,Direct Debit,EUR,Approved,2026-01-07,INV00031627,EMP00404,USR0155,0,0,0,0,1,0,1,Department Manager,0,1,1,Low,2026-03,0,Invalid Posting Date
TX0031632,2026-01-01,A041,HR,V0453,Invoice,2570.44,Card,GBP,Approved,2026-01-05,INV00031632,EMP00317,USR0041,0,0,0,0,0,1,0,Senior Manager,0,1,1,Low,2026-01,0,Duplicate Invoice
TX0031675,2026-03-28,A039,HR,V0406,Credit Note,398.8,Cheque,GBP,Rejected,2025-06-07,INV00031675,EMP00383,USR0196,0,0,0,0,1,0,1,Department Manager,0,1,1,Low,2026-03,0,Invalid Posting Date
TX0031688,2025-06-02,A037,IT,V0070,Expense,2661.91,Card,GBP,Approved,2025-06-03,INV00031688,,USR0052,0,1,0,0,0,0,0,Senior Manager,1,2,1,Medium,2025-06,0,Missing Approval
TX0031699,2026-03-31,A003,Finance,V0149,Payment,243.01,Card,GBP,Pending,2026-04-02,INV00061462,EMP00372,USR0046,0,0,0,0,0,1,1,Department Manager,0,1,1,Low,2026-03,0,Duplicate Invoice
TX0031749,2025-10-20,A014,Finance,,Journal Entry,153.14,Bank Transfer,USD,Rejected,2025-10-21,INV00031749,EMP00076,USR0139,1,0,0,0,0,0,0,Department Manager,0,1,1,Low,2025-10,0,Missing Vendor
TX0031764,2026-03-29,A080,Sales,V0498,Invoice,3732.05,Direct Debit,GBP,Pending,2025-07-20,INV00031764,EMP00391,USR0086,0,0,0,0,1,0,1,Senior Manager,0,1,1,Low,2026-03,0,Invalid Posting Date
TX0031771,2025-10-08,A038,IT,V0193,Expense,417.62,Direct Debit,GBP,Approved,2025-10-07,INV00031771,EMP00433,USR0138,0,0,0,0,1,0,0,Department Manager,0,1,1,Low,2025-10,0,Invalid Posting Date
TX0031774,2025-11-11,A055,IT,,Invoice,4083.21,Bank Transfer,GBP,Approved,2025-11-11,INV00031774,EMP00163,USR0151,1,0,0,0,0,0,0,Senior Manager,0,1,1,Low,2025-11,0,Missing Vendor
TX0031777,2025-05-06,A077,Marketing,V0040,Expense,578.1,Cheque,GBP,Approved,2025-05-12,INV00031777,EMP00359,USR0148,0,0,0,0,0,1,0,Department Manager,0,1,1,Low,2025-05,0,Duplicate Invoice
TX0031797,2025-08-30,A071,Marketing,V0217,Invoice,3002.93,Direct Debit,GBP,Approved,2025-08-30,INV00086802,EMP00077,USR0043,0,0,0,0,0,1,1,Senior Manager,0,1,1,Low,2025-08,0,Duplicate Invoice
TX0031813,2025-06-24,A004,Sales,V0352,Invoice,735.28,Cheque,GBP,Pending,2025-06-25,INV00031813,,USR0133,0,1,0,0,0,0,0,Department Manager,0,1,1,Low,2025-06,0,No Exception
TX0031839,2025-05-12,A018,Sales,V0203,Invoice,336.47,Cheque,GBP,Approved,2025-05-12,INV00031839,EMP00407,USR0128,0,0,0,0,0,1,0,Department Manager,0,1,1,Low,2025-05,0,Duplicate Invoice
TX0031867,2026-03-30,A074,Marketing,V0148,Payment,6327.97,Cheque,USD,Pending,2026-02-23,INV00031867,EMP00463,USR0087,0,0,0,0,1,0,1,Senior Manager,0,1,1,Low,2026-03,1,Invalid Posting Date
TX0031879,2026-03-28,A067,Marketing,V0426,Invoice,680.58,Card,EUR,Pending,2026-01-01,INV00031879,EMP00150,USR0082,0,0,0,0,1,0,1,Department Manager,0,1,1,Low,2026-03,0,Invalid Posting Date
TX0031887,2026-03-21,A069,Operations,V0279,Payment,5998.38,Cheque,USD,Approved,2026-03-25,INV00031887,,USR0085,0,1,0,0,0,0,0,Senior Manager,1,2,1,Medium,2026-03,1,Missing Approval
TX0031897,2026-03-17,A031,Finance,V0079,Credit Note,360.33,Bank Transfer,USD,Rejected,2026-03-13,INV00031897,EMP00015,USR0130,0,0,0,0,1,0,0,Department Manager,0,1,1,Low,2026-03,0,Invalid Posting Date
TX0031923,2026-02-22,A004,IT,V0189,Payment,1581.26,Card,GBP,Approved,2026-02-22,INV00031923,EMP00246,USR0033,0,0,0,0,0,1,0,Senior Manager,0,1,1,Low,2026-02,0,Duplicate Invoice
TX0031927,2025-11-07,A015,Sales,V0103,Invoice,741.67,Bank Transfer,USD,Approved,2025-11-08,INV00031927,,USR0095,0,1,0,0,0,0,0,Department Manager,0,1,1,Low,2025-11,0,No Exception
TX0031981,2026-03-28,A054,Sales,V0256,Credit Note,1834.43,Direct Debit,USD,Approved,2025-10-27,INV00031981,EMP00398,USR0013,0,0,0,0,1,0,1,Senior Manager,0,1,1,Low,2026-03,0,Invalid Posting Date
TX0032034,2026-03-31,A021,Finance,V0198,Invoice,308.27,Cheque,USD,Approved,2025-07-22,INV00032034,EMP00320,USR0160,0,0,0,0,1,0,1,Department Manager,0,1,1,Low,2026-03,0,Invalid Posting Date
TX0032091,2025-12-09,,Sales,V0446,Payment,762.61,Cheque,GBP,Approved,2025-12-12,INV00032091,EMP00262,USR0162,0,0,1,0,0,0,0,Department Manager,0,1,1,Low,2025-12,0,Missing Account
TX0032097,2026-03-31,A050,Finance,V0492,Journal Entry,836.74,Bank Transfer,GBP,Pending,2026-01-27,INV00032097,EMP00123,USR0149,0,0,0,0,1,0,1,Department Manager,0,1,1,Low,2026-03,0,Invalid Posting Date
TX0032105,2026-03-30,A061,IT,V0494,Credit Note,235.03,Bank Transfer,GBP,Rejected,2026-02-17,INV00032105,EMP00238,USR0034,0,0,0,0,1,0,1,Department Manager,0,1,1,Low,2026-03,0,Invalid Posting Date
TX0032126,2025-11-07,A003,Finance,V0109,Credit Note,144.91,Cheque,GBP,Approved,2025-11-09,INV00035497,EMP00032,USR0001,0,0,0,0,0,1,0,Department Manager,0,1,1,Low,2025-11,0,Duplicate Invoice
TX0032127,2026-03-21,A042,Sales,,Journal Entry,859.24,Card,GBP,Approved,2026-03-26,INV00032127,EMP00399,USR0010,1,0,0,0,0,0,0,Department Manager,0,1,1,Low,2026-03,0,Missing Vendor
TX0032141,2026-03-23,A059,Procurement,V0199,Invoice,3759.65,Bank Transfer,GBP,Approved,2026-03-25,INV00023958,EMP00417,USR0048,0,0,0,0,0,1,0,Senior Manager,0,1,1,Low,2026-03,0,Duplicate Invoice
TX0032142,2026-02-10,A013,Sales,V0021,Credit Note,4409.57,Bank Transfer,GBP,Pending,2026-02-12,INV00032142,EMP00058,USR0032,0,0,0,0,0,1,0,Senior Manager,0,1,1,Low,2026-02,0,Duplicate Invoice
TX0032163,2026-03-27,A024,Sales,V0129,Invoice,652.28,Direct Debit,GBP,Pending,2025-12-02,INV00032163,EMP00320,USR0085,0,0,0,0,1,0,1,Department Manager,0,1,1,Low,2026-03,0,Invalid Posting Date
TX0032166,2026-03-31,A053,Procurement,V0124,Journal Entry,224.19,Cheque,USD,Rejected,2025-05-28,INV00032166,EMP00386,USR0127,0,0,0,0,1,0,1,Department Manager,0,1,1,Low,2026-03,0,Invalid Posting Date
TX0032201,2026-03-29,A043,Operations,V0053,Invoice,1211.63,Bank Transfer,GBP,Rejected,2026-04-04,INV00032201,EMP00264,USR0065,0,0,0,0,0,1,1,Senior Manager,0,1,1,Low,2026-03,0,Duplicate Invoice
TX0032252,2026-01-23,A064,Operations,V0484,Expense,658.38,Cheque,GBP,Approved,2026-01-28,INV00032252,,USR0111,0,1,0,0,0,0,0,Department Manager,0,1,1,Low,2026-01,0,No Exception
TX0032255,2025-07-23,A033,Operations,V0076,Credit Note,816.27,Bank Transfer,GBP,Approved,2025-07-29,INV00062865,EMP00275,USR0094,0,0,0,0,0,1,0,Department Manager,0,1,1,Low,2025-07,0,Duplicate Invoice
TX0032261,2025-10-09,A049,Sales,V0082,Invoice,1726.35,Bank Transfer,GBP,Pending,2025-10-11,INV00032261,EMP00015,USR0125,0,0,0,0,0,1,0,Senior Manager,0,1,1,Low,2025-10,0,Duplicate Invoice
TX0032305,2026-03-30,A056,Sales,V0160,Payment,597.84,Card,GBP,Approved,2026-03-14,INV00032305,EMP00228,USR0193,0,0,0,0,1,0,1,Department Manager,0,1,1,Low,2026-03,0,Invalid Posting Date
TX0032382,2025-09-04,A047,Procurement,V0450,Invoice,1712.81,Bank Transfer,EUR,Approved,2025-09-05,INV00001573,EMP00187,USR0016,0,0,0,0,0,1,0,Senior Manager,0,1,1,Low,2025-09,0,Duplicate Invoice
TX0032404,2025-09-14,A015,Finance,V0477,Invoice,4970.7,Cheque,GBP,Approved,2025-09-16,INV00011041,EMP00394,USR0142,0,0,0,0,0,1,0,Senior Manager,0,1,1,Low,2025-09,0,Duplicate Invoice
TX0032432,2025-11-02,,Operations,V0014,Invoice,695.36,Card,USD,Approved,2025-11-03,INV00032432,EMP00424,USR0192,0,0,1,0,0,0,0,Department Manager,0,1,1,Low,2025-11,0,Missing Account
TX0032433,2025-11-02,A028,Marketing,V0260,Expense,759.96,Bank Transfer,USD,Rejected,2025-11-03,INV00094405,EMP00230,USR0128,0,0,0,0,0,1,0,Department Manager,0,1,1,Low,2025-11,0,Duplicate Invoice
TX0032440,2025-09-01,A020,Procurement,V0486,Invoice,325.78,Card,GBP,Pending,2025-08-29,INV00032440,EMP00340,USR0190,0,0,0,0,1,0,0,Department Manager,0,1,1,Low,2025-09,0,Invalid Posting Date
TX0032589,2026-03-31,A038,HR,V0114,Invoice,717.01,Direct Debit,USD,Approved,2026-01-17,INV00032589,EMP00069,USR0099,0,0,0,0,1,0,1,Department Manager,0,1,1,Low,2026-03,0,Invalid Posting Date
TX0032593,2025-12-30,A025,Marketing,V0307,Credit Note,3685.03,Cheque,EUR,Approved,2026-01-03,INV00032593,EMP00323,USR0002,0,0,0,0,0,1,1,Senior Manager,0,1,1,Low,2025-12,0,Duplicate Invoice
TX0032597,2025-04-13,A013,HR,V0479,Invoice,7809.26,Card,USD,Pending,2025-04-15,INV00052459,EMP00321,USR0087,0,0,0,0,0,1,0,Senior Manager,0,1,1,Low,2025-04,1,Duplicate Invoice
TX0032602,2026-01-29,A036,Marketing,V0364,Expense,590.53,Card,GBP,Approved,2026-01-30,INV00032602,,USR0034,0,1,0,0,0,0,1,Department Manager,0,1,1,Low,2026-01,0,No Exception
TX0032635,2026-03-28,A039,IT,V0048,Invoice,1326.85,Cheque,GBP,Pending,2025-09-24,INV00032635,EMP00135,USR0164,0,0,0,0,1,0,1,Senior Manager,0,1,1,Low,2026-03,0,Invalid Posting Date
TX0032643,2026-03-30,A002,Operations,V0398,Invoice,329.64,Direct Debit,GBP,Approved,2026-01-15,INV00032643,EMP00391,USR0068,0,0,0,0,1,0,1,Department Manager,0,1,1,Low,2026-03,0,Invalid Posting Date
TX0032644,2025-05-12,A022,IT,V0116,Expense,640.69,Cheque,EUR,Approved,2025-05-14,INV00032644,,USR0029,0,1,0,0,0,0,0,Department Manager,0,1,1,Low,2025-05,0,No Exception
TX0032650,2026-01-19,A014,HR,V0225,Journal Entry,676.94,Cheque,USD,Approved,2026-01-22,INV00032650,,USR0075,0,1,0,0,0,0,0,Department Manager,0,1,1,Low,2026-01,0,No Exception
TX0032745,2025-12-22,A024,Finance,V0414,Expense,7816.08,Bank Transfer,USD,Pending,2025-12-25,INV00074956,EMP00434,USR0194,0,0,0,0,0,1,0,Senior Manager,0,1,1,Low,2025-12,1,Duplicate Invoice
TX0032764,2025-06-15,A025,Marketing,V0387,Credit Note,1791.38,Direct Debit,GBP,Approved,2025-06-22,INV00063588,EMP00223,USR0031,0,0,0,0,0,1,0,Senior Manager,0,1,1,Low,2025-06,0,Duplicate Invoice
TX0032771,2025-08-19,A022,Marketing,V0210,Payment,2025.15,Direct Debit,GBP,Approved,2025-08-23,INV00050381,EMP00062,USR0044,0,0,0,0,0,1,0,Senior Manager,0,1,1,Low,2025-08,0,Duplicate Invoice
TX0032783,2025-09-02,A042,Operations,V0115,Invoice,-2564.55,Direct Debit,GBP,Approved,2025-09-09,INV00032783,EMP00137,USR0170,0,0,0,1,0,0,0,Senior Manager,0,1,1,Low,2025-09,0,Invalid Amount
TX0032819,2025-12-07,A055,Sales,V0214,Invoice,168.62,Card,GBP,Pending,2025-12-14,INV00029518,EMP00432,USR0188,0,0,0,0,0,1,0,Department Manager,0,1,1,Low,2025-12,0,Duplicate Invoice
TX0032866,2026-03-29,A045,Procurement,V0019,Invoice,1287.16,Cheque,EUR,Approved,2025-11-10,INV00032866,EMP00384,USR0112,0,0,0,0,1,1,1,Senior Manager,0,2,1,Medium,2026-03,0,Duplicate Invoice
TX0032920,2026-03-28,A028,IT,V0125,Expense,1308.27,Card,USD,Approved,2025-04-14,INV00032920,EMP00248,USR0126,0,0,0,0,1,0,1,Senior Manager,0,1,1,Low,2026-03,0,Invalid Posting Date
TX0032965,2025-09-06,A002,Procurement,V0366,Journal Entry,272.2,Cheque,GBP,Approved,2025-09-02,INV00032965,EMP00255,USR0123,0,0,0,0,1,0,0,Department Manager,0,1,1,Low,2025-09,0,Invalid Posting Date
TX0033043,2025-11-29,A030,HR,V0256,Invoice,3319.72,Cheque,USD,Approved,2025-12-04,INV00040991,EMP00026,USR0126,0,0,0,0,0,1,1,Senior Manager,0,1,1,Low,2025-11,0,Duplicate Invoice
TX0033055,2025-12-29,A054,Finance,V0398,Expense,908.47,Bank Transfer,GBP,Rejected,2025-12-29,INV00033055,EMP00491,USR0037,0,0,0,0,0,1,1,Department Manager,0,1,1,Low,2025-12,0,Duplicate Invoice
TX0033068,2025-04-26,A041,HR,V0216,Expense,174.13,Card,GBP,Approved,2025-04-23,INV00033068,EMP00065,USR0076,0,0,0,0,1,0,0,Department Manager,0,1,1,Low,2025-04,0,Invalid Posting Date
TX0033076,2026-01-14,A045,Finance,V0404,Invoice,7825.92,Card,USD,Rejected,2026-01-19,INV00033076,EMP00250,USR0138,0,0,0,0,0,1,0,Senior Manager,0,1,1,Low,2026-01,1,Duplicate Invoice
TX0033084,2025-11-09,A064,Finance,V0331,Invoice,1764.53,Direct Debit,EUR,Approved,2025-11-14,INV00033084,,USR0085,0,1,0,0,0,0,0,Senior Manager,1,2,1,Medium,2025-11,0,Missing Approval
TX0033093,2026-03-31,A027,HR,V0220,Payment,476.17,Cheque,GBP,Approved,2025-12-04,INV00033093,EMP00255,USR0176,0,0,0,0,1,0,1,Department Manager,0,1,1,Low,2026-03,0,Invalid Posting Date
TX0033146,2026-03-28,A058,Operations,V0322,Journal Entry,2287.45,Direct Debit,EUR,Approved,2025-04-18,INV00051988,EMP00196,USR0166,0,0,0,0,1,1,1,Senior Manager,0,2,1,Medium,2026-03,0,Duplicate Invoice
TX0033167,2025-11-04,A001,Finance,V0215,Expense,541.25,Bank Transfer,GBP,Approved,2025-11-09,INV00027023,EMP00392,USR0062,0,0,0,0,0,1,0,Department Manager,0,1,1,Low,2025-11,0,Duplicate Invoice
TX0033169,2026-02-08,A063,Marketing,,Invoice,442.58,Direct Debit,USD,Approved,2026-02-08,INV00033169,EMP00069,USR0130,1,0,0,0,0,0,0,Department Manager,0,1,1,Low,2026-02,0,Missing Vendor
TX0033183,2026-03-30,,Operations,V0057,Credit Note,1000.89,Bank Transfer,EUR,Approved,2026-03-05,INV00033183,EMP00391,USR0166,0,0,1,0,1,0,1,Senior Manager,0,2,1,Medium,2026-03,0,Missing Account
TX0033202,2025-10-17,A067,Procurement,V0347,Invoice,201.17,Bank Transfer,GBP,Rejected,2025-10-16,INV00033202,EMP00260,USR0103,0,0,0,0,1,0,0,Department Manager,0,1,1,Low,2025-10,0,Invalid Posting Date
TX0033223,2025-12-01,A049,IT,V0094,Expense,6664.04,Cheque,GBP,Pending,2025-12-01,INV00033223,EMP00300,USR0149,0,0,0,0,0,1,0,Senior Manager,0,1,1,Low,2025-12,1,Duplicate Invoice
TX0033323,2025-09-17,,Sales,V0317,Invoice,2853.99,Bank Transfer,GBP,Approved,2025-09-19,INV00033323,EMP00493,USR0032,0,0,1,0,0,0,0,Senior Manager,0,1,1,Low,2025-09,0,Missing Account
TX0033334,2025-07-15,A015,Operations,V0264,Expense,731.18,Direct Debit,GBP,Pending,2025-07-22,INV00033334,EMP00293,USR0187,0,0,0,0,0,1,0,Department Manager,0,1,1,Low,2025-07,0,Duplicate Invoice
TX0033370,2026-02-27,A073,HR,V0451,Payment,961.39,Card,GBP,Pending,2026-03-04,INV00033370,,USR0033,0,1,0,0,0,0,1,Department Manager,0,1,1,Low,2026-02,0,No Exception
TX0033384,2026-03-29,A045,Finance,V0086,Invoice,2146.45,Bank Transfer,EUR,Pending,2025-10-26,INV00033384,EMP00273,USR0083,0,0,0,0,1,0,1,Senior Manager,0,1,1,Low,2026-03,0,Invalid Posting Date
TX0033389,2026-03-29,A047,Marketing,V0252,Invoice,1077.03,Card,USD,Pending,2026-03-13,INV00033389,EMP00181,USR0079,0,0,0,0,1,0,1,Senior Manager,0,1,1,Low,2026-03,0,Invalid Posting Date
TX0033396,2026-03-31,A043,Procurement,V0448,Invoice,1842.54,Cheque,GBP,Rejected,2025-05-30,INV00033396,EMP00431,USR0096,0,0,0,0,1,0,1,Senior Manager,0,1,1,Low,2026-03,0,Invalid Posting Date
TX0033443,2025-04-28,A004,IT,V0468,Expense,55.87,Cheque,USD,Approved,2025-04-24,INV00033443,EMP00453,USR0001,0,0,0,0,1,0,1,Department Manager,0,1,1,Low,2025-04,0,Invalid Posting Date
TX0033444,2026-02-17,A076,Procurement,V0004,Payment,-577.9,Bank Transfer,EUR,Approved,2026-02-21,INV00033444,EMP00357,USR0054,0,0,0,1,0,0,0,Department Manager,0,1,1,Low,2026-02,0,Invalid Amount
TX0033456,2026-03-31,A012,IT,V0233,Invoice,188.35,Card,GBP,Pending,2025-10-15,INV00033456,EMP00407,USR0122,0,0,0,0,1,0,1,Department Manager,0,1,1,Low,2026-03,0,Invalid Posting Date
TX0033460,2025-08-24,A013,IT,V0321,Journal Entry,335.84,Cheque,GBP,Approved,2025-08-26,INV00033460,EMP00264,USR0022,0,0,0,0,0,1,0,Department Manager,0,1,1,Low,2025-08,0,Duplicate Invoice
TX0033513,2026-03-29,A068,Sales,V0410,Invoice,1044.54,Cheque,GBP,Pending,2025-09-17,INV00033513,EMP00136,USR0127,0,0,0,0,1,0,1,Senior Manager,0,1,1,Low,2026-03,0,Invalid Posting Date
TX0033551,2026-03-30,A020,Sales,V0366,Invoice,279.44,Direct Debit,EUR,Approved,2025-05-08,INV00033551,EMP00490,USR0151,0,0,0,0,1,0,1,Department Manager,0,1,1,Low,2026-03,0,Invalid Posting Date
TX0033561,2025-05-07,A028,Procurement,V0257,Credit Note,2004.44,Direct Debit,GBP,Approved,2025-05-08,INV00046678,EMP00327,USR0109,0,0,0,0,0,1,0,Senior Manager,0,1,1,Low,2025-05,0,Duplicate Invoice
TX0033563,2025-07-05,A012,Finance,V0172,Invoice,866.78,Direct Debit,EUR,Rejected,2025-07-05,INV00033563,EMP00041,USR0072,0,0,0,0,0,1,0,Department Manager,0,1,1,Low,2025-07,0,Duplicate Invoice
TX0033568,2025-12-07,A049,Sales,V0328,Payment,-147.66,Bank Transfer,GBP,Approved,2025-12-13,INV00033568,EMP00019,USR0163,0,0,0,1,0,0,0,Department Manager,0,1,1,Low,2025-12,0,Invalid Amount
TX0033587,2025-07-06,A017,IT,V0472,Expense,691.27,Direct Debit,GBP,Approved,2025-07-07,INV00039526,EMP00458,USR0101,0,0,0,0,0,1,0,Department Manager,0,1,1,Low,2025-07,0,Duplicate Invoice
TX0033599,2026-03-06,,IT,V0412,Journal Entry,2448.33,Card,EUR,Approved,2026-03-10,INV00033599,EMP00137,USR0068,0,0,1,0,0,0,0,Senior Manager,0,1,1,Low,2026-03,0,Missing Account
TX0033609,2025-09-16,A058,IT,V0428,Invoice,3483.97,Cheque,GBP,Approved,2025-09-23,INV00033609,EMP00442,USR0015,0,0,0,0,0,1,0,Senior Manager,0,1,1,Low,2025-09,0,Duplicate Invoice
TX0033617,2026-03-15,A080,Finance,V0029,Credit Note,1452.55,Cheque,EUR,Rejected,2026-03-21,INV00033334,EMP00143,USR0169,0,0,0,0,0,1,0,Senior Manager,0,1,1,Low,2026-03,0,Duplicate Invoice
TX0033625,2026-03-31,A052,Finance,V0329,Payment,1729.91,Direct Debit,GBP,Rejected,2026-03-11,INV00033625,EMP00390,USR0118,0,0,0,0,1,0,1,Senior Manager,0,1,1,Low,2026-03,0,Invalid Posting Date
TX0033632,2026-03-28,A022,Marketing,V0369,Invoice,779.12,Cheque,GBP,Approved,2025-06-23,INV00033632,EMP00033,USR0058,0,0,0,0,1,0,1,Department Manager,0,1,1,Low,2026-03,0,Invalid Posting Date
TX0033637,2026-03-08,A049,IT,V0208,Invoice,1802.61,Direct Debit,EUR,Approved,2026-03-09,INV00068842,EMP00039,USR0124,0,0,0,0,0,1,0,Senior Manager,0,1,1,Low,2026-03,0,Duplicate Invoice
TX0033671,2026-01-13,A023,IT,V0045,Invoice,20975.66,Direct Debit,USD,Approved,2026-01-18,INV00033671,,USR0080,0,1,0,0,0,0,0,Finance Director,1,2,1,Medium,2026-01,1,Missing Approval
TX0033685,2025-04-08,A008,HR,V0252,Journal Entry,6247.18,Cheque,USD,Approved,2025-04-15,INV00033685,EMP00319,USR0016,0,0,0,0,0,1,0,Senior Manager,0,1,1,Low,2025-04,1,Duplicate Invoice
TX0033689,2025-07-14,,HR,V0299,Invoice,457.23,Cheque,GBP,Pending,2025-07-14,INV00033689,EMP00204,USR0198,0,0,1,0,0,0,0,Department Manager,0,1,1,Low,2025-07,0,Missing Account
TX0033771,2025-04-05,A039,Operations,V0067,Invoice,1716.26,Bank Transfer,GBP,Approved,2025-04-10,INV00053528,EMP00030,USR0054,0,0,0,0,0,1,0,Senior Manager,0,1,1,Low,2025-04,0,Duplicate Invoice
TX0033802,2025-08-09,A023,Sales,V0442,Journal Entry,8984.97,Direct Debit,EUR,Approved,2025-08-14,INV00033802,EMP00437,USR0013,0,0,0,0,0,1,0,Senior Manager,0,1,1,Low,2025-08,1,Duplicate Invoice
TX0033867,2026-03-29,A074,Operations,V0247,Invoice,4295.26,Cheque,GBP,Approved,2026-02-23,INV00033867,EMP00445,USR0079,0,0,0,0,1,0,1,Senior Manager,0,1,1,Low,2026-03,0,Invalid Posting Date
TX0033880,2026-01-20,A047,Finance,V0115,Invoice,2170.93,Direct Debit,EUR,Approved,2026-01-24,INV00033880,EMP00348,USR0119,0,0,0,0,0,1,0,Senior Manager,0,1,1,Low,2026-01,0,Duplicate Invoice
TX0033902,2025-07-14,A060,HR,V0277,Invoice,109.64,Direct Debit,GBP,Approved,2025-07-20,INV00033902,,USR0009,0,1,0,0,0,0,0,Department Manager,0,1,1,Low,2025-07,0,No Exception
TX0033914,2026-03-30,A015,IT,V0199,Expense,2574.57,Bank Transfer,EUR,Pending,2026-01-06,INV00033914,EMP00091,USR0036,0,0,0,0,1,0,1,Senior Manager,0,1,1,Low,2026-03,0,Invalid Posting Date
TX0033932,2025-06-29,A056,Procurement,V0178,Invoice,337.98,Card,EUR,Approved,2025-06-30,INV00033932,EMP00220,USR0098,0,0,0,0,0,1,1,Department Manager,0,1,1,Low,2025-06,0,Duplicate Invoice
TX0033942,2026-02-13,A059,Marketing,,Credit Note,5012.91,Bank Transfer,GBP,Pending,2026-02-13,INV00033942,EMP00101,USR0195,1,0,0,0,0,0,0,Senior Manager,0,1,1,Low,2026-02,0,Missing Vendor
TX0033953,2025-04-19,A061,Finance,V0064,Invoice,1281.09,Card,EUR,Approved,2025-04-16,INV00033953,EMP00403,USR0187,0,0,0,0,1,0,0,Senior Manager,0,1,1,Low,2025-04,0,Invalid Posting Date
TX0033979,2026-03-18,A072,IT,,Payment,3558.3,Cheque,EUR,Approved,2026-03-24,INV00033979,EMP00299,USR0170,1,0,0,0,0,0,0,Senior Manager,0,1,1,Low,2026-03,0,Missing Vendor
TX0033998,2025-12-16,A012,Procurement,V0251,Invoice,2884.27,Direct Debit,GBP,Approved,2025-12-15,INV00033998,EMP00203,USR0182,0,0,0,0,1,0,0,Senior Manager,0,1,1,Low,2025-12,0,Invalid Posting Date
TX0034023,2026-03-31,A052,Sales,V0482,Expense,1963.48,Direct Debit,GBP,Rejected,2025-06-11,INV00034023,EMP00145,USR0171,0,0,0,0,1,0,1,Senior Manager,0,1,1,Low,2026-03,0,Invalid Posting Date
TX0034038,2025-10-05,A037,HR,V0233,Journal Entry,194.39,Direct Debit,GBP,Pending,2025-10-06,INV00091658,EMP00278,USR0184,0,0,0,0,0,1,0,Department Manager,0,1,1,Low,2025-10,0,Duplicate Invoice
TX0034067,2025-12-21,A054,Sales,V0487,Payment,887.65,Bank Transfer,USD,Approved,2025-12-24,INV00034067,,USR0119,0,1,0,0,0,0,0,Department Manager,0,1,1,Low,2025-12,0,No Exception
TX0034078,2025-08-08,A037,Sales,V0483,Payment,2357.59,Cheque,GBP,Approved,2025-08-08,INV00042631,EMP00321,USR0152,0,0,0,0,0,1,0,Senior Manager,0,1,1,Low,2025-08,0,Duplicate Invoice
TX0034081,2026-02-25,A042,Sales,V0198,Payment,2003.72,Cheque,GBP,Pending,2026-02-27,INV00034081,EMP00025,USR0170,0,0,0,0,0,1,0,Senior Manager,0,1,1,Low,2026-02,0,Duplicate Invoice
TX0034120,2025-05-24,A001,HR,V0429,Invoice,3601.63,Cheque,USD,Approved,2025-05-21,INV00034120,EMP00428,USR0076,0,0,0,0,1,0,0,Senior Manager,0,1,1,Low,2025-05,0,Invalid Posting Date
TX0034143,2025-10-11,A077,Sales,V0312,Payment,-1888.1,Direct Debit,USD,Pending,2025-10-17,INV00034143,EMP00328,USR0088,0,0,0,1,0,0,0,Senior Manager,0,1,1,Low,2025-10,0,Invalid Amount
TX0034152,2025-05-06,A051,Operations,V0088,Journal Entry,1416.36,Cheque,GBP,Pending,2025-05-03,INV00034152,EMP00400,USR0084,0,0,0,0,1,0,0,Senior Manager,0,1,1,Low,2025-05,0,Invalid Posting Date
TX0034171,2026-01-25,A054,Finance,V0491,Payment,1062.79,Bank Transfer,GBP,Approved,2026-01-25,INV00034171,EMP00095,USR0080,0,0,0,0,0,1,0,Senior Manager,0,1,1,Low,2026-01,0,Duplicate Invoice
TX0034178,2026-03-28,A044,Operations,V0244,Payment,1047.12,Direct Debit,EUR,Rejected,2026-02-23,INV00034178,EMP00270,USR0081,0,0,0,0,1,0,1,Senior Manager,0,1,1,Low,2026-03,0,Invalid Posting Date
TX0034183,2025-05-30,A046,Finance,V0156,Credit Note,329.92,Card,USD,Approved,2025-06-06,INV00034183,,USR0112,0,1,0,0,0,0,1,Department Manager,0,1,1,Low,2025-05,0,No Exception
TX0034203,2026-01-11,A061,Sales,V0310,Invoice,3606.79,Card,GBP,Approved,2026-01-15,INV00034203,,USR0103,0,1,0,0,0,0,0,Senior Manager,1,2,1,Medium,2026-01,0,Missing Approval
TX0034259,2025-07-22,A057,Finance,V0048,Payment,6783.48,Bank Transfer,GBP,Approved,2025-07-27,INV00027382,EMP00373,USR0157,0,0,0,0,0,1,0,Senior Manager,0,1,1,Low,2025-07,1,Duplicate Invoice
TX0034273,2025-11-10,A007,Procurement,V0084,Invoice,453.03,Direct Debit,GBP,Approved,2025-11-11,INV00034273,EMP00161,USR0096,0,0,0,0,0,1,0,Department Manager,0,1,1,Low,2025-11,0,Duplicate Invoice
TX0034275,2025-05-22,A036,Operations,V0475,Expense,-1326.16,Direct Debit,GBP,Rejected,2025-05-29,INV00034275,EMP00080,USR0025,0,0,0,1,0,0,0,Senior Manager,0,1,1,Low,2025-05,0,Invalid Amount
TX0034287,2026-01-22,A049,Procurement,V0233,Invoice,6071.49,Card,GBP,Approved,2026-01-29,INV00034287,,USR0177,0,1,0,0,0,1,0,Senior Manager,1,3,1,High,2026-01,1,Duplicate Invoice
TX0034296,2026-03-31,A008,Procurement,V0216,Payment,1182.02,Bank Transfer,EUR,Pending,2025-10-04,INV00034296,EMP00420,USR0042,0,0,0,0,1,0,1,Senior Manager,0,1,1,Low,2026-03,0,Invalid Posting Date
TX0034305,2026-02-15,A012,Sales,V0137,Invoice,3554.44,Card,GBP,Approved,2026-02-22,INV00034305,EMP00495,USR0167,0,0,0,0,0,1,0,Senior Manager,0,1,1,Low,2026-02,0,Duplicate Invoice
TX0034324,2026-03-30,A017,Operations,V0208,Payment,4954.08,Cheque,GBP,Approved,2026-02-11,INV00034324,EMP00242,USR0034,0,0,0,0,1,0,1,Senior Manager,0,1,1,Low,2026-03,0,Invalid Posting Date
TX0034346,2025-10-28,A003,Operations,V0136,Invoice,1348.41,Direct Debit,USD,Approved,2025-11-02,INV00055939,EMP00402,USR0059,0,0,0,0,0,1,1,Senior Manager,0,1,1,Low,2025-10,0,Duplicate Invoice
TX0034364,2025-12-24,A012,Finance,V0453,Payment,1574.49,Cheque,GBP,Approved,2025-12-25,INV00034364,EMP00349,USR0136,0,0,0,0,0,1,0,Senior Manager,0,1,1,Low,2025-12,0,Duplicate Invoice
TX0034373,2025-10-15,A065,Procurement,V0321,Invoice,-1806.43,Card,EUR,Approved,2025-10-21,INV00034373,EMP00315,USR0086,0,0,0,1,0,0,0,Senior Manager,0,1,1,Low,2025-10,0,Invalid Amount
TX0034412,2025-10-10,A074,Marketing,V0221,Invoice,757.6,Bank Transfer,GBP,Approved,2025-10-16,INV00098518,EMP00141,USR0073,0,0,0,0,0,1,0,Department Manager,0,1,1,Low,2025-10,0,Duplicate Invoice
TX0034452,2025-09-17,A055,Operations,V0100,Payment,1322.86,Direct Debit,USD,Approved,2025-09-24,INV00034452,EMP00045,USR0010,0,0,0,0,0,1,0,Senior Manager,0,1,1,Low,2025-09,0,Duplicate Invoice
TX0034463,2026-03-30,A069,IT,V0232,Expense,5635.59,Cheque,EUR,Approved,2025-06-14,INV00034463,EMP00239,USR0048,0,0,0,0,1,0,1,Senior Manager,0,1,1,Low,2026-03,0,Invalid Posting Date
TX0034469,2025-08-22,A060,Operations,V0364,Payment,251.41,Bank Transfer,GBP,Approved,2025-08-19,INV00034469,EMP00427,USR0199,0,0,0,0,1,0,0,Department Manager,0,1,1,Low,2025-08,0,Invalid Posting Date
TX0034497,2025-11-30,A033,IT,V0058,Journal Entry,2558.97,Cheque,USD,Approved,2025-12-02,INV00034497,EMP00143,USR0052,0,0,0,0,0,1,1,Senior Manager,0,1,1,Low,2025-11,0,Duplicate Invoice
TX0034558,2025-09-20,,Operations,V0204,Invoice,395.55,Bank Transfer,GBP,Pending,2025-09-21,INV00034558,EMP00062,USR0031,0,0,1,0,0,0,0,Department Manager,0,1,1,Low,2025-09,0,Missing Account
TX0034571,2025-09-07,A053,Finance,V0481,Expense,984.96,Direct Debit,USD,Approved,2025-09-09,INV00034571,EMP00331,USR0175,0,0,0,0,0,1,0,Department Manager,0,1,1,Low,2025-09,0,Duplicate Invoice
TX0034574,2026-01-13,A037,IT,V0280,Invoice,2814.37,Card,USD,Approved,2026-01-14,INV00043850,EMP00390,USR0120,0,0,0,0,0,1,0,Senior Manager,0,1,1,Low,2026-01,0,Duplicate Invoice
TX0034591,2025-10-23,A030,Sales,V0155,Invoice,2537.66,Card,EUR,Approved,2025-10-26,INV00034591,EMP00349,USR0029,0,0,0,0,0,1,0,Senior Manager,0,1,1,Low,2025-10,0,Duplicate Invoice
TX0034606,2026-01-04,A002,Sales,V0492,Invoice,1502.7,Direct Debit,GBP,Rejected,2026-01-05,INV00034606,EMP00203,USR0169,0,0,0,0,0,1,0,Senior Manager,0,1,1,Low,2026-01,0,Duplicate Invoice
TX0034624,2025-06-29,A037,Marketing,,Journal Entry,836.24,Direct Debit,USD,Rejected,2025-07-01,INV00034624,EMP00324,USR0049,1,0,0,0,0,0,1,Department Manager,0,1,1,Low,2025-06,0,Missing Vendor
TX0034635,2025-07-23,A013,Sales,V0209,Expense,32.05,Bank Transfer,GBP,Pending,2025-07-23,INV00034635,,USR0168,0,1,0,0,0,0,0,Department Manager,0,1,1,Low,2025-07,0,No Exception
TX0034654,2026-01-30,A061,Operations,V0486,Invoice,774.36,Direct Debit,GBP,Pending,2026-01-31,INV00034654,EMP00075,USR0115,0,0,0,0,0,1,1,Department Manager,0,1,1,Low,2026-01,0,Duplicate Invoice
TX0034667,2025-08-05,A015,Sales,V0382,Invoice,-835.7,Bank Transfer,GBP,Rejected,2025-08-12,INV00034667,EMP00321,USR0064,0,0,0,1,0,0,0,Department Manager,0,1,1,Low,2025-08,0,Invalid Amount
TX0034724,2025-08-01,A078,Finance,V0276,Expense,426.68,Card,GBP,Approved,2025-08-04,INV00007130,EMP00090,USR0046,0,0,0,0,0,1,0,Department Manager,0,1,1,Low,2025-08,0,Duplicate Invoice
TX0034746,2026-03-31,A047,Operations,V0341,Invoice,3287.19,Card,EUR,Pending,2026-01-25,INV00034746,EMP00485,USR0183,0,0,0,0,1,0,1,Senior Manager,0,1,1,Low,2026-03,0,Invalid Posting Date
TX0034760,2026-02-23,A016,Sales,V0324,Credit Note,410.97,Cheque,GBP,Approved,2026-02-23,INV00064884,EMP00463,USR0120,0,0,0,0,0,1,0,Department Manager,0,1,1,Low,2026-02,0,Duplicate Invoice
TX0034763,2026-03-27,A072,Sales,V0077,Expense,1337.17,Bank Transfer,EUR,Pending,2025-12-01,INV00034763,EMP00337,USR0105,0,0,0,0,1,0,1,Senior Manager,0,1,1,Low,2026-03,0,Invalid Posting Date
TX0034808,2025-12-26,A009,Sales,V0144,Expense,1177.72,Card,EUR,Approved,2025-12-30,INV00034808,EMP00097,USR0075,0,0,0,0,0,1,0,Senior Manager,0,1,1,Low,2025-12,0,Duplicate Invoice
TX0034820,2025-09-23,A033,HR,V0019,Journal Entry,1385.3,Card,EUR,Rejected,2025-09-19,INV00034820,EMP00386,USR0084,0,0,0,0,1,0,0,Senior Manager,0,1,1,Low,2025-09,0,Invalid Posting Date
TX0034840,2025-09-21,A052,Operations,V0477,Expense,545.33,Cheque,GBP,Approved,2025-09-18,INV00034840,EMP00215,USR0030,0,0,0,0,1,0,0,Department Manager,0,1,1,Low,2025-09,0,Invalid Posting Date
TX0034850,2026-03-27,A020,IT,V0394,Credit Note,2190.01,Card,USD,Rejected,2025-05-14,INV00034850,EMP00330,USR0189,0,0,0,0,1,0,1,Senior Manager,0,1,1,Low,2026-03,0,Invalid Posting Date
TX0034868,2025-06-17,A022,Finance,V0474,Expense,-702.04,Cheque,GBP,Rejected,2025-06-24,INV00034868,EMP00412,USR0143,0,0,0,1,0,0,0,Department Manager,0,1,1,Low,2025-06,0,Invalid Amount
TX0034888,2025-06-03,A050,Finance,V0469,Payment,-3307.39,Bank Transfer,GBP,Approved,2025-06-09,INV00034888,EMP00451,USR0102,0,0,0,1,0,0,0,Senior Manager,0,1,1,Low,2025-06,0,Invalid Amount
TX0034891,2025-04-22,A062,Procurement,V0332,Payment,700.24,Bank Transfer,EUR,Approved,2025-04-18,INV00034891,EMP00246,USR0026,0,0,0,0,1,0,0,Department Manager,0,1,1,Low,2025-04,0,Invalid Posting Date
TX0034999,2026-03-30,A008,HR,V0330,Expense,453.19,Bank Transfer,EUR,Pending,2025-09-17,INV00034999,EMP00238,USR0005,0,0,0,0,1,0,1,Department Manager,0,1,1,Low,2026-03,0,Invalid Posting Date
TX0035001,2026-03-31,A030,Sales,V0137,Invoice,2229.13,Bank Transfer,GBP,Approved,2025-04-18,INV00035001,EMP00158,USR0050,0,0,0,0,1,0,1,Senior Manager,0,1,1,Low,2026-03,0,Invalid Posting Date
TX0035010,2025-10-25,A069,Procurement,V0487,Invoice,4931.13,Bank Transfer,GBP,Approved,2025-10-30,INV00072229,EMP00352,USR0009,0,0,0,0,0,1,0,Senior Manager,0,1,1,Low,2025-10,0,Duplicate Invoice
TX0035016,2025-06-20,A070,Finance,V0128,Credit Note,258.54,Card,GBP,Approved,2025-06-22,INV00035016,EMP00051,USR0091,0,0,0,0,0,1,0,Department Manager,0,1,1,Low,2025-06,0,Duplicate Invoice
TX0035025,2025-07-03,A042,Finance,V0222,Invoice,4831.48,Card,USD,Approved,2025-07-04,INV00062661,EMP00245,USR0144,0,0,0,0,0,1,0,Senior Manager,0,1,1,Low,2025-07,0,Duplicate Invoice
TX0035026,2025-06-25,A075,Operations,V0051,Journal Entry,175.55,Card,EUR,Approved,2025-06-27,INV00084722,EMP00039,USR0126,0,0,0,0,0,1,0,Department Manager,0,1,1,Low,2025-06,0,Duplicate Invoice
TX0035041,2025-12-28,A020,Sales,V0098,Invoice,2113.41,Card,GBP,Approved,2026-01-02,INV00035041,,USR0194,0,1,0,0,0,0,1,Senior Manager,1,2,1,Medium,2025-12,0,Missing Approval
TX0035068,2025-07-10,A043,IT,V0328,Invoice,11018.03,Card,GBP,Approved,2025-07-16,INV00035068,EMP00338,USR0045,0,0,0,0,0,1,0,Finance Director,0,1,1,Medium,2025-07,1,Duplicate Invoice
TX0035073,2025-12-26,A019,Sales,V0498,Invoice,2519.2,Bank Transfer,GBP,Approved,2025-12-29,INV00049661,EMP00201,USR0014,0,0,0,0,0,1,0,Senior Manager,0,1,1,Low,2025-12,0,Duplicate Invoice
TX0035074,2025-08-20,A013,Sales,V0445,Credit Note,1362.57,Direct Debit,USD,Approved,2025-08-25,INV00035074,EMP00406,USR0021,0,0,0,0,0,1,0,Senior Manager,0,1,1,Low,2025-08,0,Duplicate Invoice
TX0035084,2025-09-01,A033,Operations,V0140,Journal Entry,1162.11,Card,GBP,Pending,2025-09-07,INV00035084,EMP00166,USR0038,0,0,0,0,0,1,0,Senior Manager,0,1,1,Low,2025-09,0,Duplicate Invoice
TX0035117,2026-03-28,A014,Operations,V0445,Expense,994.76,Direct Debit,GBP,Rejected,2026-04-02,INV00035117,,USR0120,0,1,0,0,0,0,1,Department Manager,0,1,1,Low,2026-03,0,No Exception
TX0035133,2025-06-18,A080,Finance,,Invoice,765.67,Bank Transfer,GBP,Rejected,2025-06-20,INV00035133,EMP00410,USR0018,1,0,0,0,0,0,0,Department Manager,0,1,1,Low,2025-06,0,Missing Vendor
TX0035135,2026-02-21,A008,Operations,V0113,Invoice,-828.2,Cheque,USD,Approved,2026-02-25,INV00035135,EMP00013,USR0063,0,0,0,1,0,0,0,Department Manager,0,1,1,Low,2026-02,0,Invalid Amount
TX0035152,2026-01-26,A019,HR,V0459,Journal Entry,1533.05,Cheque,GBP,Approved,2026-01-22,INV00035152,EMP00074,USR0044,0,0,0,0,1,0,0,Senior Manager,0,1,1,Low,2026-01,0,Invalid Posting Date
TX0035292,2025-10-07,A059,Operations,V0408,Invoice,2256.71,Card,EUR,Rejected,2025-10-07,INV00035292,,USR0153,0,1,0,0,0,0,0,Senior Manager,1,2,1,Medium,2025-10,0,Missing Approval
TX0035300,2025-07-20,A042,Operations,V0110,Invoice,6773.19,Cheque,GBP,Rejected,2025-07-21,INV00091598,EMP00345,USR0148,0,0,0,0,0,1,0,Senior Manager,0,1,1,Low,2025-07,1,Duplicate Invoice
TX0035303,2025-04-11,A023,Operations,V0348,Invoice,-4403.4,Bank Transfer,GBP,Pending,2025-04-16,INV00035303,EMP00438,USR0175,0,0,0,1,0,0,0,Senior Manager,0,1,1,Low,2025-04,0,Invalid Amount
TX0035308,2026-03-30,A007,Operations,V0046,Journal Entry,-1558.38,Card,USD,Approved,2025-10-07,INV00035308,EMP00054,USR0101,0,0,0,1,1,0,1,Senior Manager,0,2,1,Medium,2026-03,0,Invalid Amount
TX0035329,2025-11-08,A035,Sales,V0073,Credit Note,983.3,Cheque,GBP,Approved,2025-11-12,INV00035329,,USR0195,0,1,0,0,0,0,0,Department Manager,0,1,1,Low,2025-11,0,No Exception
TX0035377,2026-03-31,A058,Procurement,V0414,Journal Entry,13839.57,Card,EUR,Approved,2025-10-17,INV00035377,EMP00152,USR0114,0,0,0,0,1,0,1,Finance Director,0,1,1,Medium,2026-03,1,Invalid Posting Date
TX0035419,2026-01-25,A019,Operations,V0001,Invoice,14859.21,Direct Debit,GBP,Approved,2026-01-31,INV00035419,,USR0081,0,1,0,0,0,0,0,Finance Director,1,2,1,Medium,2026-01,1,Missing Approval
TX0035452,2025-09-28,A026,Operations,V0032,Expense,459.05,Direct Debit,USD,Rejected,2025-09-30,INV00030419,EMP00304,USR0040,0,0,0,0,0,1,1,Department Manager,0,1,1,Low,2025-09,0,Duplicate Invoice
TX0035457,2026-03-30,A048,Operations,V0277,Payment,491.94,Cheque,GBP,Approved,2025-04-10,INV00035457,EMP00195,USR0133,0,0,0,0,1,0,1,Department Manager,0,1,1,Low,2026-03,0,Invalid Posting Date
TX0035489,2025-11-03,A046,HR,V0337,Invoice,340.08,Direct Debit,USD,Approved,2025-11-02,INV00035489,EMP00256,USR0075,0,0,0,0,1,0,0,Department Manager,0,1,1,Low,2025-11,0,Invalid Posting Date
TX0035497,2025-11-29,A071,Finance,V0392,Payment,1590.65,Direct Debit,GBP,Approved,2025-12-04,INV00035497,EMP00283,USR0011,0,0,0,0,0,1,1,Senior Manager,0,1,1,Low,2025-11,0,Duplicate Invoice
TX0035527,2026-03-30,A042,Marketing,V0350,Payment,399.65,Bank Transfer,GBP,Approved,2025-11-28,INV00035527,EMP00057,USR0003,0,0,0,0,1,0,1,Department Manager,0,1,1,Low,2026-03,0,Invalid Posting Date
TX0035537,2025-05-23,A052,Marketing,V0031,Invoice,3492.82,Bank Transfer,GBP,Approved,2025-05-24,INV00035537,,USR0083,0,1,0,0,0,0,0,Senior Manager,1,2,1,Medium,2025-05,0,Missing Approval
TX0035546,2025-09-27,A040,Operations,V0220,Invoice,468.01,Direct Debit,GBP,Approved,2025-10-04,INV00035546,,USR0152,0,1,0,0,0,0,1,Department Manager,0,1,1,Low,2025-09,0,No Exception
TX0035567,2025-04-19,A067,Operations,V0320,Expense,940.03,Card,EUR,Rejected,2025-04-20,INV00035567,,USR0046,0,1,0,0,0,0,0,Department Manager,0,1,1,Low,2025-04,0,No Exception
TX0035570,2025-09-07,A062,Procurement,V0463,Payment,2027.13,Card,GBP,Approved,2025-09-06,INV00035570,EMP00387,USR0032,0,0,0,0,1,0,0,Senior Manager,0,1,1,Low,2025-09,0,Invalid Posting Date
TX0035627,2025-09-02,A071,IT,V0111,Payment,265.27,Direct Debit,EUR,Approved,2025-09-05,INV00065540,EMP00036,USR0117,0,0,0,0,0,1,0,Department Manager,0,1,1,Low,2025-09,0,Duplicate Invoice
TX0035641,2025-04-12,A006,Finance,V0101,Invoice,560.99,Bank Transfer,GBP,Rejected,2025-04-16,INV00035641,EMP00017,USR0143,0,0,0,0,0,1,0,Department Manager,0,1,1,Low,2025-04,0,Duplicate Invoice
TX0035705,2026-03-31,A049,Procurement,V0316,Invoice,8705.95,Card,EUR,Approved,2025-11-15,INV00035705,EMP00117,USR0077,0,0,0,0,1,0,1,Senior Manager,0,1,1,Low,2026-03,1,Invalid Posting Date
TX0035719,2025-05-05,A022,Operations,V0043,Journal Entry,783.38,Bank Transfer,GBP,Rejected,2025-05-05,INV00035719,EMP00138,USR0154,0,0,0,0,0,1,0,Department Manager,0,1,1,Low,2025-05,0,Duplicate Invoice
TX0035737,2025-06-21,A038,IT,V0276,Invoice,2605.52,Bank Transfer,GBP,Pending,2025-06-26,INV00035737,EMP00128,USR0100,0,0,0,0,0,1,0,Senior Manager,0,1,1,Low,2025-06,0,Duplicate Invoice
TX0035754,2026-03-05,A066,Operations,V0188,Journal Entry,4556.22,Cheque,EUR,Approved,2026-03-12,INV00035754,EMP00127,USR0187,0,0,0,0,0,1,0,Senior Manager,0,1,1,Low,2026-03,0,Duplicate Invoice
TX0035779,2025-11-06,A026,IT,V0160,Invoice,350.8,Cheque,EUR,Rejected,2025-11-07,INV00044525,EMP00019,USR0165,0,0,0,0,0,1,0,Department Manager,0,1,1,Low,2025-11,0,Duplicate Invoice
TX0035795,2025-08-02,A072,Sales,V0089,Expense,1812.14,Bank Transfer,EUR,Rejected,2025-08-08,INV00086503,EMP00495,USR0062,0,0,0,0,0,1,0,Senior Manager,0,1,1,Low,2025-08,0,Duplicate Invoice
TX0035796,2025-08-31,A063,Operations,V0263,Payment,568.97,Direct Debit,GBP,Approved,2025-09-03,INV00035796,EMP00407,USR0069,0,0,0,0,0,1,1,Department Manager,0,1,1,Low,2025-08,0,Duplicate Invoice
TX0035807,2026-03-28,A041,HR,V0131,Payment,2769.46,Bank Transfer,GBP,Approved,2026-01-29,INV00035807,EMP00414,USR0195,0,0,0,0,1,0,1,Senior Manager,0,1,1,Low,2026-03,0,Invalid Posting Date
TX0035850,2026-03-28,A057,Procurement,V0020,Credit Note,466.67,Bank Transfer,GBP,Pending,2025-10-08,INV00035850,EMP00221,USR0083,0,0,0,0,1,0,1,Department Manager,0,1,1,Low,2026-03,0,Invalid Posting Date
TX0035863,2025-04-06,A001,Sales,,Expense,12835.97,Cheque,GBP,Approved,2025-04-06,INV00035863,EMP00001,USR0155,1,0,0,0,0,0,0,Finance Director,0,1,1,Medium,2025-04,1,Missing Vendor
TX0035888,2026-01-29,A051,Finance,V0030,Credit Note,1684.93,Card,GBP,Approved,2026-01-29,INV00035888,EMP00206,USR0150,0,0,0,0,0,1,1,Senior Manager,0,1,1,Low,2026-01,0,Duplicate Invoice
TX0035921,2026-03-09,A020,Marketing,V0013,Credit Note,241.52,Bank Transfer,GBP,Pending,2026-03-09,INV00035921,,USR0191,0,1,0,0,0,0,0,Department Manager,0,1,1,Low,2026-03,0,No Exception
TX0035972,2025-04-08,A011,Finance,V0133,Invoice,1462.86,Bank Transfer,USD,Rejected,2025-04-10,INV00041094,EMP00436,USR0179,0,0,0,0,0,1,0,Senior Manager,0,1,1,Low,2025-04,0,Duplicate Invoice
TX0035991,2026-03-30,A029,Sales,V0473,Expense,719.67,Direct Debit,USD,Rejected,2026-03-30,INV00035991,EMP00430,USR0064,0,0,0,0,0,1,1,Department Manager,0,1,1,Low,2026-03,0,Duplicate Invoice
TX0036012,2025-05-26,A043,Operations,,Invoice,392.75,Direct Debit,USD,Approved,2025-05-26,INV00036012,EMP00146,USR0013,1,0,0,0,0,0,0,Department Manager,0,1,1,Low,2025-05,0,Missing Vendor
TX0036035,2025-09-02,A051,Finance,V0445,Expense,814.05,Bank Transfer,GBP,Approved,2025-09-07,INV00036035,EMP00410,USR0139,0,0,0,0,0,1,0,Department Manager,0,1,1,Low,2025-09,0,Duplicate Invoice
TX0036071,2026-03-29,,Sales,V0051,Payment,1980.44,Direct Debit,GBP,Approved,2026-04-03,INV00036071,EMP00440,USR0140,0,0,1,0,0,0,1,Senior Manager,0,1,1,Low,2026-03,0,Missing Account
TX0036097,2026-03-23,A061,HR,V0350,Invoice,1312.37,Bank Transfer,GBP,Approved,2026-03-29,INV00036097,EMP00107,USR0009,0,0,0,0,0,1,0,Senior Manager,0,1,1,Low,2026-03,0,Duplicate Invoice
TX0036136,2026-03-24,A029,Finance,V0353,Credit Note,2164.6,Card,USD,Approved,2026-03-27,INV00036136,,USR0013,0,1,0,0,0,0,0,Senior Manager,1,2,1,Medium,2026-03,0,Missing Approval
TX0036138,2026-01-18,A027,Operations,V0224,Invoice,197.47,Card,EUR,Pending,2026-01-23,INV00036138,EMP00305,USR0150,0,0,0,0,0,1,0,Department Manager,0,1,1,Low,2026-01,0,Duplicate Invoice
TX0036210,2026-03-27,A060,Sales,V0135,Invoice,929.27,Direct Debit,GBP,Approved,2025-09-07,INV00036210,EMP00235,USR0193,0,0,0,0,1,0,1,Department Manager,0,1,1,Low,2026-03,0,Invalid Posting Date
TX0036214,2026-03-27,A029,Operations,V0467,Payment,700.65,Card,GBP,Approved,2025-12-16,INV00036214,EMP00280,USR0001,0,0,0,0,1,0,1,Department Manager,0,1,1,Low,2026-03,0,Invalid Posting Date
TX0036226,2025-05-18,A050,Finance,V0149,Journal Entry,392.5,Cheque,GBP,Approved,2025-05-22,INV00036226,,USR0197,0,1,0,0,0,0,0,Department Manager,0,1,1,Low,2025-05,0,No Exception
TX0036239,2025-11-05,A035,IT,V0419,Invoice,24.23,Card,GBP,Rejected,2025-11-12,INV00036239,EMP00006,USR0016,0,0,0,0,0,1,0,Department Manager,0,1,1,Low,2025-11,0,Duplicate Invoice
TX0036243,2025-04-11,A040,IT,V0119,Invoice,2282.03,Card,EUR,Rejected,2025-04-17,INV00036243,,USR0060,0,1,0,0,0,0,0,Senior Manager,1,2,1,Medium,2025-04,0,Missing Approval
TX0036283,2025-10-10,A054,Operations,,Payment,3535.57,Cheque,USD,Approved,2025-10-15,INV00036283,EMP00421,USR0054,1,0,0,0,0,0,0,Senior Manager,0,1,1,Low,2025-10,0,Missing Vendor
TX0036291,2026-03-16,A015,Sales,V0091,Journal Entry,986.91,Direct Debit,EUR,Approved,2026-03-17,INV00036291,EMP00293,USR0183,0,0,0,0,0,1,0,Department Manager,0,1,1,Low,2026-03,0,Duplicate Invoice
TX0036297,2025-04-11,A052,Sales,V0110,Expense,340.02,Card,GBP,Approved,2025-04-17,INV00036297,EMP00311,USR0119,0,0,0,0,0,1,0,Department Manager,0,1,1,Low,2025-04,0,Duplicate Invoice
TX0036321,2025-10-10,A017,Finance,V0333,Invoice,1491.81,Direct Debit,USD,Pending,2025-10-10,INV00036795,EMP00325,USR0136,0,0,0,0,0,1,0,Senior Manager,0,1,1,Low,2025-10,0,Duplicate Invoice
TX0036323,2025-06-29,A042,Operations,V0207,Invoice,456.16,Bank Transfer,GBP,Approved,2025-07-05,INV00036323,,USR0157,0,1,0,0,0,0,1,Department Manager,0,1,1,Low,2025-06,0,No Exception
TX0036338,2026-02-14,A071,Operations,V0283,Invoice,1304.39,Card,EUR,Rejected,2026-02-10,INV00036338,EMP00429,USR0050,0,0,0,0,1,0,0,Senior Manager,0,1,1,Low,2026-02,0,Invalid Posting Date
TX0036375,2025-04-29,,Operations,V0158,Expense,2504.12,Card,GBP,Approved,2025-04-29,INV00036375,EMP00090,USR0119,0,0,1,0,0,0,1,Senior Manager,0,1,1,Low,2025-04,0,Missing Account
TX0036400,2025-10-10,A014,Operations,V0170,Invoice,1872.47,Cheque,EUR,Approved,2025-10-13,INV00036400,EMP00299,USR0125,0,0,0,0,0,1,0,Senior Manager,0,1,1,Low,2025-10,0,Duplicate Invoice
TX0036451,2025-06-01,A014,Operations,V0141,Invoice,753.55,Cheque,USD,Approved,2025-06-03,INV00036451,,USR0129,0,1,0,0,0,0,0,Department Manager,0,1,1,Low,2025-06,0,No Exception
TX0036475,2025-10-21,A055,Procurement,V0179,Invoice,-318.33,Direct Debit,GBP,Approved,2025-10-25,INV00036475,EMP00262,USR0022,0,0,0,1,0,0,0,Department Manager,0,1,1,Low,2025-10,0,Invalid Amount
TX0036507,2025-10-05,A008,HR,V0033,Journal Entry,3396.32,Direct Debit,GBP,Approved,2025-10-10,INV00036507,EMP00224,USR0051,0,0,0,0,0,1,0,Senior Manager,0,1,1,Low,2025-10,0,Duplicate Invoice
TX0036523,2025-07-08,A005,Sales,V0222,Journal Entry,8580.22,Direct Debit,EUR,Approved,2025-07-13,INV00070156,EMP00089,USR0076,0,0,0,0,0,1,0,Senior Manager,0,1,1,Low,2025-07,1,Duplicate Invoice
TX0036526,2026-02-18,A022,Sales,V0083,Invoice,590.81,Bank Transfer,GBP,Pending,2026-02-22,INV00024831,EMP00271,USR0096,0,0,0,0,0,1,0,Department Manager,0,1,1,Low,2026-02,0,Duplicate Invoice
TX0036549,2026-03-30,A038,Operations,V0424,Expense,634.89,Cheque,GBP,Approved,2026-01-22,INV00036549,EMP00092,USR0179,0,0,0,0,1,0,1,Department Manager,0,1,1,Low,2026-03,0,Invalid Posting Date
TX0036619,2026-01-08,A020,Marketing,V0109,Expense,1191.0,Card,GBP,Approved,2026-01-08,INV00036619,,USR0097,0,1,0,0,0,0,0,Senior Manager,1,2,1,Medium,2026-01,0,Missing Approval
TX0036627,2025-09-26,A003,Procurement,V0171,Journal Entry,-1395.16,Direct Debit,USD,Approved,2025-09-26,INV00036627,EMP00420,USR0091,0,0,0,1,0,0,0,Senior Manager,0,1,1,Low,2025-09,0,Invalid Amount
TX0036651,2025-08-03,A046,IT,V0263,Invoice,6499.24,Cheque,USD,Approved,2025-08-09,INV00014229,EMP00487,USR0117,0,0,0,0,0,1,0,Senior Manager,0,1,1,Low,2025-08,1,Duplicate Invoice
TX0036656,2025-10-05,A038,Marketing,V0174,Journal Entry,4427.72,Bank Transfer,EUR,Approved,2025-10-08,INV00036656,,USR0058,0,1,0,0,0,0,0,Senior Manager,1,2,1,Medium,2025-10,0,Missing Approval
TX0036695,2025-05-22,A071,Marketing,V0267,Invoice,766.13,Card,USD,Approved,2025-05-22,INV00036695,EMP00054,USR0134,0,0,0,0,0,1,0,Department Manager,0,1,1,Low,2025-05,0,Duplicate Invoice
TX0036727,2025-07-10,A014,Procurement,V0483,Invoice,930.92,Cheque,EUR,Pending,2025-07-13,INV00069420,EMP00207,USR0006,0,0,0,0,0,1,0,Department Manager,0,1,1,Low,2025-07,0,Duplicate Invoice
TX0036734,2025-10-31,A021,Finance,V0352,Invoice,587.07,Bank Transfer,GBP,Approved,2025-11-04,INV00036734,EMP00299,USR0121,0,0,0,0,0,1,1,Department Manager,0,1,1,Low,2025-10,0,Duplicate Invoice
TX0036768,2025-04-24,A064,Sales,V0270,Invoice,437.15,Bank Transfer,GBP,Approved,2025-05-01,INV00036768,,USR0029,0,1,0,0,0,0,0,Department Manager,0,1,1,Low,2025-04,0,No Exception
TX0036795,2025-04-13,A017,IT,V0146,Payment,587.01,Card,GBP,Approved,2025-04-14,INV00036795,EMP00344,USR0049,0,0,0,0,0,1,0,Department Manager,0,1,1,Low,2025-04,0,Duplicate Invoice
TX0036839,2026-01-27,A069,Finance,V0350,Invoice,2515.76,Card,EUR,Pending,2026-01-27,INV00036839,EMP00403,USR0073,0,0,0,0,0,1,1,Senior Manager,0,1,1,Low,2026-01,0,Duplicate Invoice
TX0036850,2026-01-01,A017,Operations,V0177,Invoice,2186.84,Bank Transfer,EUR,Approved,2026-01-04,INV00036850,,USR0198,0,1,0,0,0,0,0,Senior Manager,1,2,1,Medium,2026-01,0,Missing Approval
TX0036898,2025-06-06,A056,Sales,V0144,Invoice,1090.86,Bank Transfer,GBP,Rejected,2025-06-12,INV00050863,EMP00148,USR0137,0,0,0,0,0,1,0,Senior Manager,0,1,1,Low,2025-06,0,Duplicate Invoice
TX0036905,2025-06-27,A027,Sales,V0318,Expense,1713.08,Direct Debit,GBP,Rejected,2025-07-01,INV00036905,EMP00288,USR0129,0,0,0,0,0,1,1,Senior Manager,0,1,1,Low,2025-06,0,Duplicate Invoice
TX0036906,2025-08-14,A007,Sales,V0107,Credit Note,1730.63,Bank Transfer,USD,Approved,2025-08-19,INV00036906,EMP00370,USR0043,0,0,0,0,0,1,0,Senior Manager,0,1,1,Low,2025-08,0,Duplicate Invoice
TX0036920,2025-09-16,A065,IT,V0286,Expense,1302.83,Card,EUR,Approved,2025-09-13,INV00029506,EMP00370,USR0016,0,0,0,0,1,1,0,Senior Manager,0,2,1,Medium,2025-09,0,Duplicate Invoice
TX0036932,2025-10-26,A001,Procurement,V0478,Invoice,5895.68,Card,GBP,Approved,2025-10-28,INV00053068,EMP00430,USR0171,0,0,0,0,0,1,0,Senior Manager,0,1,1,Low,2025-10,1,Duplicate Invoice
TX0036954,2026-03-28,A011,Operations,V0457,Credit Note,1502.88,Card,EUR,Approved,2025-10-26,INV00036954,EMP00326,USR0190,0,0,0,0,1,0,1,Senior Manager,0,1,1,Low,2026-03,0,Invalid Posting Date
TX0036956,2025-09-30,A030,Sales,V0395,Journal Entry,533.98,Direct Debit,USD,Approved,2025-10-07,INV00036956,EMP00369,USR0034,0,0,0,0,0,1,1,Department Manager,0,1,1,Low,2025-09,0,Duplicate Invoice
TX0036968,2026-03-30,A009,Sales,V0386,Payment,1304.9,Bank Transfer,EUR,Approved,2025-10-02,INV00036968,EMP00115,USR0064,0,0,0,0,1,0,1,Senior Manager,0,1,1,Low,2026-03,0,Invalid Posting Date
TX0037038,2025-10-27,A014,Finance,V0310,Credit Note,2185.49,Card,GBP,Approved,2025-10-29,INV00037038,EMP00494,USR0070,0,0,0,0,0,1,1,Senior Manager,0,1,1,Low,2025-10,0,Duplicate Invoice
TX0037047,2025-08-16,A016,IT,V0433,Expense,1317.22,Bank Transfer,EUR,Approved,2025-08-22,INV00026974,EMP00428,USR0064,0,0,0,0,0,1,0,Senior Manager,0,1,1,Low,2025-08,0,Duplicate Invoice
TX0037058,2026-02-24,A001,Procurement,V0308,Invoice,3469.09,Card,GBP,Approved,2026-02-25,INV00084005,EMP00198,USR0181,0,0,0,0,0,1,0,Senior Manager,0,1,1,Low,2026-02,0,Duplicate Invoice
TX0037063,2025-04-14,A014,IT,V0101,Payment,309.65,Cheque,GBP,Pending,2025-04-10,INV00037063,EMP00088,USR0082,0,0,0,0,1,0,0,Department Manager,0,1,1,Low,2025-04,0,Invalid Posting Date
TX0037109,2025-10-18,A049,IT,V0492,Invoice,7309.19,Direct Debit,USD,Rejected,2025-10-25,INV00037109,EMP00453,USR0170,0,0,0,0,0,1,0,Senior Manager,0,1,1,Low,2025-10,1,Duplicate Invoice
TX0037139,2026-03-27,A046,Operations,V0259,Journal Entry,1433.38,Direct Debit,GBP,Approved,2025-10-24,INV00037139,EMP00359,USR0128,0,0,0,0,1,0,1,Senior Manager,0,1,1,Low,2026-03,0,Invalid Posting Date
TX0037170,2026-02-10,A017,IT,V0121,Invoice,217.25,Bank Transfer,GBP,Approved,2026-02-14,INV00050557,EMP00336,USR0122,0,0,0,0,0,1,0,Department Manager,0,1,1,Low,2026-02,0,Duplicate Invoice
TX0037186,2025-07-17,A022,HR,V0406,Expense,552.68,Card,USD,Pending,2025-07-24,INV00037186,,USR0064,0,1,0,0,0,0,0,Department Manager,0,1,1,Low,2025-07,0,No Exception
TX0037209,2026-03-31,A065,HR,V0306,Invoice,1121.0,Card,GBP,Approved,2025-11-20,INV00037209,EMP00224,USR0072,0,0,0,0,1,0,1,Senior Manager,0,1,1,Low,2026-03,0,Invalid Posting Date
TX0037224,2026-03-17,A070,Sales,V0016,Journal Entry,674.83,Direct Debit,GBP,Approved,2026-03-13,INV00037224,EMP00046,USR0168,0,0,0,0,1,0,0,Department Manager,0,1,1,Low,2026-03,0,Invalid Posting Date
TX0037236,2026-03-28,A020,HR,V0354,Invoice,1047.58,Cheque,GBP,Approved,2026-01-16,INV00037236,EMP00030,USR0141,0,0,0,0,1,0,1,Senior Manager,0,1,1,Low,2026-03,0,Invalid Posting Date
TX0037238,2025-07-15,A071,Operations,V0440,Invoice,5204.66,Card,GBP,Approved,2025-07-15,INV00037238,EMP00400,USR0009,0,0,0,0,0,1,0,Senior Manager,0,1,1,Low,2025-07,0,Duplicate Invoice
TX0037247,2025-05-07,A006,Procurement,V0342,Expense,-147.81,Direct Debit,GBP,Pending,2025-05-07,INV00037247,EMP00400,USR0104,0,0,0,1,0,0,0,Department Manager,0,1,1,Low,2025-05,0,Invalid Amount
TX0037270,2026-03-29,A065,Marketing,V0191,Invoice,157.96,Cheque,GBP,Approved,2025-05-20,INV00037270,EMP00438,USR0007,0,0,0,0,1,0,1,Department Manager,0,1,1,Low,2026-03,0,Invalid Posting Date
TX0037315,2025-08-02,A047,Finance,V0073,Invoice,176.67,Cheque,GBP,Pending,2025-08-08,INV00037315,,USR0034,0,1,0,0,0,0,0,Department Manager,0,1,1,Low,2025-08,0,No Exception
TX0037321,2025-05-04,A077,HR,V0149,Payment,-599.68,Card,GBP,Approved,2025-05-08,INV00037321,EMP00270,USR0126,0,0,0,1,0,0,0,Department Manager,0,1,1,Low,2025-05,0,Invalid Amount
TX0037339,2025-07-25,A057,Sales,V0237,Invoice,367.44,Bank Transfer,GBP,Pending,2025-07-28,INV00037339,,USR0093,0,1,0,0,0,0,0,Department Manager,0,1,1,Low,2025-07,0,No Exception
TX0037357,2026-03-29,A026,Marketing,V0415,Invoice,584.76,Bank Transfer,GBP,Rejected,2025-06-30,INV00037357,EMP00013,USR0056,0,0,0,0,1,0,1,Department Manager,0,1,1,Low,2026-03,0,Invalid Posting Date
TX0037380,2025-09-02,A050,Procurement,V0185,Payment,-100.02,Bank Transfer,EUR,Approved,2025-09-09,INV00037380,EMP00175,USR0124,0,0,0,1,0,0,0,Department Manager,0,1,1,Low,2025-09,0,Invalid Amount
TX0037448,2025-11-24,A056,Operations,V0177,Expense,4495.13,Card,EUR,Pending,2025-11-21,INV00037448,EMP00343,USR0187,0,0,0,0,1,0,0,Senior Manager,0,1,1,Low,2025-11,0,Invalid Posting Date
TX0037487,2025-09-05,,Finance,V0335,Invoice,3936.82,Cheque,USD,Pending,2025-09-11,INV00037487,EMP00005,USR0056,0,0,1,0,0,0,0,Senior Manager,0,1,1,Low,2025-09,0,Missing Account
TX0037489,2026-03-27,A007,Operations,V0490,Journal Entry,301.6,Cheque,GBP,Approved,2026-03-14,INV00037489,EMP00154,USR0019,0,0,0,0,1,0,1,Department Manager,0,1,1,Low,2026-03,0,Invalid Posting Date
TX0037521,2025-05-15,A061,IT,V0098,Invoice,491.34,Card,GBP,Approved,2025-05-22,INV00073797,EMP00072,USR0045,0,0,0,0,0,1,0,Department Manager,0,1,1,Low,2025-05,0,Duplicate Invoice
TX0037525,2025-11-12,A060,HR,V0354,Invoice,3081.99,Card,GBP,Rejected,2025-11-11,INV00037525,EMP00321,USR0169,0,0,0,0,1,0,0,Senior Manager,0,1,1,Low,2025-11,0,Invalid Posting Date
TX0037543,2026-03-31,A037,IT,,Expense,4104.65,Direct Debit,GBP,Rejected,2025-07-19,INV00037543,EMP00481,USR0047,1,0,0,0,1,0,1,Senior Manager,0,2,1,Medium,2026-03,0,Missing Vendor
TX0037588,2025-10-14,A080,Marketing,V0409,Expense,84.09,Bank Transfer,EUR,Rejected,2025-10-21,INV00037588,EMP00431,USR0136,0,0,0,0,0,1,0,Department Manager,0,1,1,Low,2025-10,0,Duplicate Invoice
TX0037598,2025-07-22,A037,HR,V0425,Invoice,1445.05,Direct Debit,EUR,Approved,2025-07-24,INV00092896,EMP00291,USR0149,0,0,0,0,0,1,0,Senior Manager,0,1,1,Low,2025-07,0,Duplicate Invoice
TX0037624,2025-11-26,A061,Marketing,V0180,Journal Entry,1251.53,Cheque,GBP,Pending,2025-11-30,INV00037624,EMP00103,USR0055,0,0,0,0,0,1,0,Senior Manager,0,1,1,Low,2025-11,0,Duplicate Invoice
TX0037630,2026-01-26,A015,Operations,V0188,Invoice,333.34,Direct Debit,GBP,Approved,2026-02-01,INV00037630,EMP00476,USR0080,0,0,0,0,0,1,0,Department Manager,0,1,1,Low,2026-01,0,Duplicate Invoice
TX0037640,2026-03-31,A019,Finance,V0427,Invoice,545.9,Cheque,USD,Approved,2026-01-24,INV00037640,EMP00218,USR0022,0,0,0,0,1,0,1,Department Manager,0,1,1,Low,2026-03,0,Invalid Posting Date
TX0037681,2026-03-27,A014,Marketing,V0399,Invoice,271.5,Cheque,GBP,Approved,2025-07-24,INV00037681,EMP00324,USR0098,0,0,0,0,1,0,1,Department Manager,0,1,1,Low,2026-03,0,Invalid Posting Date
TX0037682,2026-03-29,A057,Operations,V0296,Journal Entry,688.5,Bank Transfer,GBP,Approved,2026-03-18,INV00037682,EMP00228,USR0143,0,0,0,0,1,0,1,Department Manager,0,1,1,Low,2026-03,0,Invalid Posting Date
TX0037692,2025-11-06,A039,Finance,V0308,Invoice,531.97,Bank Transfer,USD,Pending,2025-11-06,INV00037692,EMP00425,USR0048,0,0,0,0,0,1,0,Department Manager,0,1,1,Low,2025-11,0,Duplicate Invoice
TX0037699,2026-03-29,A065,Sales,V0029,Credit Note,6662.29,Card,USD,Approved,2025-04-17,INV00037699,EMP00413,USR0149,0,0,0,0,1,0,1,Senior Manager,0,1,1,Low,2026-03,1,Invalid Posting Date
TX0037720,2025-07-12,A007,Procurement,V0127,Credit Note,1108.09,Bank Transfer,GBP,Approved,2025-07-12,INV00037720,,USR0136,0,1,0,0,0,0,0,Senior Manager,1,2,1,Medium,2025-07,0,Missing Approval
TX0037727,2025-11-19,A009,Procurement,V0486,Invoice,1156.27,Direct Debit,GBP,Pending,2025-11-21,INV00018006,EMP00299,USR0193,0,0,0,0,0,1,0,Senior Manager,0,1,1,Low,2025-11,0,Duplicate Invoice
TX0037736,2026-03-29,A027,Procurement,V0460,Invoice,2946.38,Card,GBP,Pending,2025-06-11,INV00037736,EMP00321,USR0184,0,0,0,0,1,0,1,Senior Manager,0,1,1,Low,2026-03,0,Invalid Posting Date
TX0037751,2025-10-04,A036,IT,V0013,Expense,523.7,Cheque,GBP,Rejected,2025-10-04,INV00041996,EMP00296,USR0092,0,0,0,0,0,1,0,Department Manager,0,1,1,Low,2025-10,0,Duplicate Invoice
TX0037758,2026-03-03,A077,Procurement,V0339,Journal Entry,-4198.61,Direct Debit,GBP,Approved,2026-03-10,INV00037758,EMP00160,USR0032,0,0,0,1,0,0,0,Senior Manager,0,1,1,Low,2026-03,0,Invalid Amount
TX0037760,2025-09-24,A063,Procurement,,Expense,797.9,Bank Transfer,USD,Approved,2025-09-26,INV00037760,EMP00098,USR0062,1,0,0,0,0,0,0,Department Manager,0,1,1,Low,2025-09,0,Missing Vendor
TX0037764,2026-03-30,A031,Finance,V0020,Invoice,58.1,Cheque,GBP,Rejected,2025-08-16,INV00037764,EMP00146,USR0040,0,0,0,0,1,0,1,Department Manager,0,1,1,Low,2026-03,0,Invalid Posting Date
TX0037774,2026-03-28,A045,HR,V0375,Payment,8906.71,Card,USD,Approved,2025-07-05,INV00037774,EMP00268,USR0164,0,0,0,0,1,0,1,Senior Manager,0,1,1,Low,2026-03,1,Invalid Posting Date
TX0037778,2026-03-30,A069,Operations,V0436,Invoice,395.51,Cheque,GBP,Approved,2025-10-30,INV00037778,EMP00445,USR0175,0,0,0,0,1,0,1,Department Manager,0,1,1,Low,2026-03,0,Invalid Posting Date
TX0037782,2025-10-16,A078,Finance,V0199,Expense,647.85,Cheque,GBP,Pending,2025-10-20,INV00037782,EMP00242,USR0186,0,0,0,0,0,1,0,Department Manager,0,1,1,Low,2025-10,0,Duplicate Invoice
TX0037847,2025-05-22,A040,IT,,Invoice,690.2,Bank Transfer,GBP,Pending,2025-05-28,INV00037847,EMP00150,USR0098,1,0,0,0,0,0,0,Department Manager,0,1,1,Low,2025-05,0,Missing Vendor
TX0037863,2025-11-14,A045,Operations,V0267,Payment,2426.46,Cheque,GBP,Rejected,2025-11-11,INV00037863,EMP00116,USR0032,0,0,0,0,1,0,0,Senior Manager,0,1,1,Low,2025-11,0,Invalid Posting Date
TX0037876,2026-03-08,A033,Sales,V0122,Credit Note,838.83,Card,GBP,Approved,2026-03-08,INV00052885,EMP00183,USR0168,0,0,0,0,0,1,0,Department Manager,0,1,1,Low,2026-03,0,Duplicate Invoice
TX0037895,2025-08-30,A036,Finance,,Expense,4643.27,Bank Transfer,GBP,Approved,2025-09-06,INV00037895,EMP00240,USR0169,1,0,0,0,0,0,1,Senior Manager,0,1,1,Low,2025-08,0,Missing Vendor
TX0037927,2026-03-28,A070,Sales,V0476,Journal Entry,364.14,Card,EUR,Pending,2025-07-21,INV00037927,EMP00438,USR0051,0,0,0,0,1,0,1,Department Manager,0,1,1,Low,2026-03,0,Invalid Posting Date
TX0037931,2025-12-29,A018,Operations,V0500,Journal Entry,2383.28,Card,GBP,Approved,2025-12-27,INV00037931,EMP00150,USR0128,0,0,0,0,1,0,1,Senior Manager,0,1,1,Low,2025-12,0,Invalid Posting Date
TX0037946,2025-04-20,A058,IT,V0266,Journal Entry,-1140.71,Cheque,GBP,Approved,2025-04-21,INV00037946,EMP00275,USR0150,0,0,0,1,0,0,0,Senior Manager,0,1,1,Low,2025-04,0,Invalid Amount
TX0037959,2026-03-29,A036,Finance,V0084,Invoice,5466.95,Card,GBP,Approved,2026-01-23,INV00037959,EMP00463,USR0046,0,0,0,0,1,0,1,Senior Manager,0,1,1,Low,2026-03,0,Invalid Posting Date
TX0037990,2026-03-30,A010,Operations,V0075,Invoice,834.48,Bank Transfer,EUR,Pending,2025-04-29,INV00037990,EMP00141,USR0165,0,0,0,0,1,0,1,Department Manager,0,1,1,Low,2026-03,0,Invalid Posting Date
TX0037996,2025-05-16,A019,Procurement,V0204,Invoice,394.69,Bank Transfer,USD,Approved,2025-05-16,INV00084993,EMP00016,USR0157,0,0,0,0,0,1,0,Department Manager,0,1,1,Low,2025-05,0,Duplicate Invoice
TX0038028,2025-12-08,A045,IT,V0301,Payment,439.81,Bank Transfer,GBP,Approved,2025-12-06,INV00038028,EMP00012,USR0109,0,0,0,0,1,0,0,Department Manager,0,1,1,Low,2025-12,0,Invalid Posting Date
TX0038042,2026-03-28,A052,Sales,V0423,Invoice,1328.9,Cheque,GBP,Approved,2025-08-10,INV00038042,EMP00406,USR0044,0,0,0,0,1,0,1,Senior Manager,0,1,1,Low,2026-03,0,Invalid Posting Date
TX0038051,2025-12-20,A017,Operations,V0197,Invoice,1302.4,Cheque,USD,Rejected,2025-12-27,INV00038051,EMP00228,USR0055,0,0,0,0,0,1,0,Senior Manager,0,1,1,Low,2025-12,0,Duplicate Invoice
TX0038070,2026-03-31,A067,HR,V0295,Journal Entry,1477.69,Card,GBP,Approved,2025-12-22,INV00038070,EMP00120,USR0034,0,0,0,0,1,0,1,Senior Manager,0,1,1,Low,2026-03,0,Invalid Posting Date
TX0038078,2025-05-05,A079,Finance,V0475,Invoice,888.97,Bank Transfer,GBP,Rejected,2025-05-10,INV00006235,EMP00233,USR0003,0,0,0,0,0,1,0,Department Manager,0,1,1,Low,2025-05,0,Duplicate Invoice
TX0038090,2025-11-09,A001,Procurement,V0425,Invoice,4280.5,Direct Debit,USD,Approved,2025-11-14,INV00038090,,USR0164,0,1,0,0,0,0,0,Senior Manager,1,2,1,Medium,2025-11,0,Missing Approval
TX0038125,2025-05-21,A035,IT,V0139,Payment,4702.64,Direct Debit,GBP,Approved,2025-05-22,INV00038125,,USR0046,0,1,0,0,0,0,0,Senior Manager,1,2,1,Medium,2025-05,0,Missing Approval
TX0038129,2025-04-13,A053,Procurement,V0392,Invoice,1785.65,Cheque,GBP,Pending,2025-04-15,INV00038129,EMP00009,USR0174,0,0,0,0,0,1,0,Senior Manager,0,1,1,Low,2025-04,0,Duplicate Invoice
TX0038130,2025-11-09,A064,Finance,V0242,Payment,1536.51,Card,EUR,Rejected,2025-11-16,INV00034305,EMP00316,USR0115,0,0,0,0,0,1,0,Senior Manager,0,1,1,Low,2025-11,0,Duplicate Invoice
TX0038133,2026-03-29,A027,IT,V0074,Invoice,915.38,Card,GBP,Approved,2025-10-02,INV00038133,EMP00106,USR0172,0,0,0,0,1,0,1,Department Manager,0,1,1,Low,2026-03,0,Invalid Posting Date
TX0038139,2025-12-01,A014,Operations,V0113,Credit Note,1309.43,Cheque,GBP,Approved,2025-11-27,INV00038139,EMP00239,USR0040,0,0,0,0,1,0,0,Senior Manager,0,1,1,Low,2025-12,0,Invalid Posting Date
TX0038290,2025-06-21,A018,Sales,V0188,Journal Entry,1450.17,Card,GBP,Pending,2025-06-25,INV00001046,EMP00423,USR0035,0,0,0,0,0,1,0,Senior Manager,0,1,1,Low,2025-06,0,Duplicate Invoice
TX0038299,2025-07-03,A033,Sales,V0434,Expense,1730.21,Direct Debit,EUR,Pending,2025-07-09,INV00078450,EMP00081,USR0091,0,0,0,0,0,1,0,Senior Manager,0,1,1,Low,2025-07,0,Duplicate Invoice
TX0038347,2026-03-30,A025,Finance,V0192,Invoice,961.61,Cheque,GBP,Approved,2025-10-20,INV00038347,EMP00475,USR0110,0,0,0,0,1,0,1,Department Manager,0,1,1,Low,2026-03,0,Invalid Posting Date
TX0038367,2025-04-29,A018,Operations,V0108,Invoice,1775.28,Direct Debit,USD,Approved,2025-05-02,INV00038367,,USR0185,0,1,0,0,0,0,1,Senior Manager,1,2,1,Medium,2025-04,0,Missing Approval
TX0038373,2025-10-17,A015,Procurement,,Invoice,1702.35,Direct Debit,USD,Approved,2025-10-22,INV00038373,EMP00457,USR0128,1,0,0,0,0,0,0,Senior Manager,0,1,1,Low,2025-10,0,Missing Vendor
TX0038416,2025-04-30,A069,Operations,V0350,Payment,-1611.83,Card,GBP,Approved,2025-05-03,INV00038416,EMP00291,USR0044,0,0,0,1,0,0,1,Senior Manager,0,1,1,Low,2025-04,0,Invalid Amount
TX0038422,2026-02-04,A033,Sales,V0260,Journal Entry,146.23,Cheque,EUR,Approved,2026-01-31,INV00038422,EMP00420,USR0081,0,0,0,0,1,0,0,Department Manager,0,1,1,Low,2026-02,0,Invalid Posting Date
TX0038433,2025-07-04,A019,Sales,V0137,Journal Entry,1257.84,Card,GBP,Approved,2025-07-10,INV00038433,EMP00115,USR0147,0,0,0,0,0,1,0,Senior Manager,0,1,1,Low,2025-07,0,Duplicate Invoice
TX0038483,2025-12-15,,IT,V0389,Invoice,1587.46,Direct Debit,USD,Rejected,2025-12-18,INV00038483,EMP00135,USR0173,0,0,1,0,0,0,0,Senior Manager,0,1,1,Low,2025-12,0,Missing Account
TX0038509,2025-06-12,A003,Operations,V0183,Journal Entry,58763.28,Direct Debit,GBP,Approved,2025-06-19,INV00027919,EMP00223,USR0007,0,0,0,0,0,1,0,Finance Director,0,1,1,High,2025-06,1,Duplicate Invoice
TX0038545,2025-12-06,A046,Sales,V0268,Invoice,1102.29,Cheque,GBP,Rejected,2025-12-07,INV00038545,,USR0037,0,1,0,0,0,0,0,Senior Manager,1,2,1,Medium,2025-12,0,Missing Approval
TX0038583,2026-03-30,A036,Marketing,V0314,Journal Entry,842.52,Direct Debit,USD,Approved,2025-11-27,INV00038583,EMP00197,USR0139,0,0,0,0,1,0,1,Department Manager,0,1,1,Low,2026-03,0,Invalid Posting Date
TX0038591,2025-05-02,A009,Sales,V0235,Invoice,2266.13,Cheque,GBP,Approved,2025-05-07,INV00038591,,USR0004,0,1,0,0,0,0,0,Senior Manager,1,2,1,Medium,2025-05,0,Missing Approval
TX0038595,2025-11-28,A068,Finance,,Expense,23510.35,Cheque,GBP,Approved,2025-11-28,INV00038595,EMP00101,USR0197,1,0,0,0,0,0,1,Finance Director,0,1,1,Medium,2025-11,1,Missing Vendor
TX0038604,2026-03-29,A010,Procurement,V0242,Journal Entry,319.82,Direct Debit,USD,Approved,2026-04-05,INV00038604,EMP00464,USR0080,0,0,0,0,0,1,1,Department Manager,0,1,1,Low,2026-03,0,Duplicate Invoice
TX0038607,2026-03-29,A059,Procurement,V0163,Invoice,2028.6,Direct Debit,GBP,Approved,2025-04-14,INV00038607,EMP00097,USR0176,0,0,0,0,1,1,1,Senior Manager,0,2,1,Medium,2026-03,0,Duplicate Invoice
TX0038674,2026-01-29,A008,IT,V0283,Invoice,1787.29,Cheque,GBP,Rejected,2026-01-29,INV00094893,EMP00187,USR0164,0,0,0,0,0,1,1,Senior Manager,0,1,1,Low,2026-01,0,Duplicate Invoice
TX0038721,2025-11-02,A042,Sales,V0025,Credit Note,362.81,Bank Transfer,USD,Pending,2025-11-06,INV00038721,EMP00468,USR0173,0,0,0,0,0,1,0,Department Manager,0,1,1,Low,2025-11,0,Duplicate Invoice
TX0038766,2026-03-27,A022,Procurement,V0329,Journal Entry,979.61,Card,GBP,Approved,2025-06-13,INV00038766,EMP00104,USR0103,0,0,0,0,1,0,1,Department Manager,0,1,1,Low,2026-03,0,Invalid Posting Date
TX0038770,2026-03-29,A047,Sales,V0146,Invoice,1936.97,Cheque,USD,Approved,2025-05-14,INV00038770,EMP00223,USR0129,0,0,0,0,1,0,1,Senior Manager,0,1,1,Low,2026-03,0,Invalid Posting Date
TX0038779,2026-03-27,A011,Procurement,V0373,Invoice,4463.02,Direct Debit,USD,Pending,2025-04-08,INV00038779,EMP00485,USR0118,0,0,0,0,1,0,1,Senior Manager,0,1,1,Low,2026-03,0,Invalid Posting Date
TX0038811,2025-09-05,,IT,V0019,Invoice,361.46,Direct Debit,GBP,Approved,2025-09-08,INV00038811,EMP00454,USR0141,0,0,1,0,0,0,0,Department Manager,0,1,1,Low,2025-09,0,Missing Account
TX0038819,2025-11-01,A052,Procurement,V0286,Invoice,2764.15,Cheque,USD,Rejected,2025-11-02,INV00077403,EMP00163,USR0101,0,0,0,0,0,1,0,Senior Manager,0,1,1,Low,2025-11,0,Duplicate Invoice
TX0038848,2026-02-23,A046,Sales,V0054,Payment,374.44,Card,GBP,Rejected,2026-02-28,INV00015467,EMP00253,USR0175,0,0,0,0,0,1,0,Department Manager,0,1,1,Low,2026-02,0,Duplicate Invoice
TX0038862,2026-02-25,A036,HR,V0432,Credit Note,3015.29,Bank Transfer,GBP,Pending,2026-02-27,INV00038862,EMP00308,USR0136,0,0,0,0,0,1,0,Senior Manager,0,1,1,Low,2026-02,0,Duplicate Invoice
TX0038869,2025-05-17,A011,Procurement,V0461,Invoice,8755.63,Card,GBP,Pending,2025-05-18,INV00038869,EMP00278,USR0193,0,0,0,0,0,1,0,Senior Manager,0,1,1,Low,2025-05,1,Duplicate Invoice
TX0038871,2026-02-11,A043,Procurement,V0189,Payment,2881.47,Direct Debit,USD,Rejected,2026-02-12,INV00094954,EMP00341,USR0193,0,0,0,0,0,1,0,Senior Manager,0,1,1,Low,2026-02,0,Duplicate Invoice
TX0038876,2026-01-17,A047,Procurement,,Payment,2314.25,Cheque,GBP,Approved,2026-01-23,INV00038876,EMP00356,USR0041,1,0,0,0,0,0,0,Senior Manager,0,1,1,Low,2026-01,0,Missing Vendor
TX0038883,2025-04-14,A050,Marketing,V0447,Invoice,290.75,Cheque,GBP,Approved,2025-04-15,INV00038883,,USR0049,0,1,0,0,0,0,0,Department Manager,0,1,1,Low,2025-04,0,No Exception
TX0038887,2025-05-13,A026,IT,V0479,Payment,8093.35,Direct Debit,GBP,Approved,2025-05-15,INV00088346,EMP00473,USR0001,0,0,0,0,0,1,0,Senior Manager,0,1,1,Low,2025-05,1,Duplicate Invoice
TX0038912,2025-11-09,A033,Operations,V0497,Journal Entry,592.39,Bank Transfer,EUR,Approved,2025-11-11,INV00038912,,USR0117,0,1,0,0,0,0,0,Department Manager,0,1,1,Low,2025-11,0,No Exception
TX0038914,2025-09-05,A051,Operations,V0220,Invoice,388.21,Direct Debit,EUR,Approved,2025-09-10,INV00038914,,USR0162,0,1,0,0,0,0,0,Department Manager,0,1,1,Low,2025-09,0,No Exception
TX0038936,2025-04-09,A019,Sales,V0089,Invoice,568.92,Card,GBP,Rejected,2025-04-09,INV00038936,EMP00496,USR0176,0,0,0,0,0,1,0,Department Manager,0,1,1,Low,2025-04,0,Duplicate Invoice
TX0038943,2025-09-23,A014,Finance,V0148,Payment,2492.88,Direct Debit,USD,Approved,2025-09-26,INV00038943,EMP00101,USR0004,0,0,0,0,0,1,0,Senior Manager,0,1,1,Low,2025-09,0,Duplicate Invoice
TX0038945,2026-01-27,A079,Operations,V0061,Invoice,460.22,Card,GBP,Rejected,2026-01-30,INV00038945,,USR0035,0,1,0,0,0,0,1,Department Manager,0,1,1,Low,2026-01,0,No Exception
TX0038955,2025-08-31,A063,Operations,V0108,Expense,-1624.9,Cheque,GBP,Approved,2025-08-31,INV00038955,EMP00154,USR0153,0,0,0,1,0,0,1,Senior Manager,0,1,1,Low,2025-08,0,Invalid Amount
TX0038985,2025-07-12,A015,IT,V0220,Invoice,835.18,Cheque,GBP,Rejected,2025-07-14,INV00038985,,USR0114,0,1,0,0,0,0,0,Department Manager,0,1,1,Low,2025-07,0,No Exception
TX0039139,2026-03-29,A053,Marketing,V0428,Expense,1088.42,Card,GBP,Approved,2025-09-07,INV00039139,EMP00437,USR0158,0,0,0,0,1,0,1,Senior Manager,0,1,1,Low,2026-03,0,Invalid Posting Date
TX0039143,2025-12-23,A003,IT,V0351,Invoice,-1221.87,Cheque,GBP,Pending,2025-12-26,INV00039143,EMP00302,USR0167,0,0,0,1,0,0,0,Senior Manager,0,1,1,Low,2025-12,0,Invalid Amount
TX0039164,2026-03-29,A049,HR,V0349,Invoice,513.68,Cheque,USD,Rejected,2026-02-21,INV00039164,EMP00054,USR0082,0,0,0,0,1,0,1,Department Manager,0,1,1,Low,2026-03,0,Invalid Posting Date
TX0039173,2026-02-19,,Finance,V0464,Expense,997.61,Bank Transfer,GBP,Approved,2026-02-26,INV00039173,EMP00111,USR0174,0,0,1,0,0,0,0,Department Manager,0,1,1,Low,2026-02,0,Missing Account
TX0039180,2025-04-20,A080,IT,V0020,Invoice,1570.22,Bank Transfer,GBP,Approved,2025-04-22,INV00033563,EMP00136,USR0141,0,0,0,0,0,1,0,Senior Manager,0,1,1,Low,2025-04,0,Duplicate Invoice
TX0039188,2025-12-07,A021,Finance,V0026,Invoice,8444.89,Bank Transfer,GBP,Pending,2025-12-07,INV00039188,,USR0024,0,1,0,0,0,0,0,Senior Manager,1,2,1,Medium,2025-12,1,Missing Approval
TX0039226,2026-01-15,A025,Finance,V0081,Invoice,361.13,Direct Debit,GBP,Pending,2026-01-12,INV00039226,EMP00342,USR0043,0,0,0,0,1,0,0,Department Manager,0,1,1,Low,2026-01,0,Invalid Posting Date
TX0039235,2025-06-15,A061,IT,V0230,Invoice,903.64,Card,GBP,Rejected,2025-06-15,INV00055224,EMP00383,USR0156,0,0,0,0,0,1,0,Department Manager,0,1,1,Low,2025-06,0,Duplicate Invoice
TX0039242,2026-03-31,A078,Operations,V0468,Invoice,3149.55,Bank Transfer,GBP,Approved,2026-02-15,INV00039242,EMP00353,USR0196,0,0,0,0,1,0,1,Senior Manager,0,1,1,Low,2026-03,0,Invalid Posting Date
TX0039250,2025-10-26,A014,IT,V0016,Journal Entry,3438.71,Card,GBP,Rejected,2025-10-26,INV00039250,,USR0039,0,1,0,0,0,0,0,Senior Manager,1,2,1,Medium,2025-10,0,Missing Approval
TX0039267,2026-03-28,A046,Operations,V0106,Payment,1688.83,Cheque,GBP,Rejected,2025-06-14,INV00039267,EMP00323,USR0077,0,0,0,0,1,0,1,Senior Manager,0,1,1,Low,2026-03,0,Invalid Posting Date
TX0039281,2026-01-25,A056,HR,V0277,Expense,840.0,Card,USD,Pending,2026-01-23,INV00039281,EMP00160,USR0100,0,0,0,0,1,0,0,Department Manager,0,1,1,Low,2026-01,0,Invalid Posting Date
TX0039301,2026-03-29,A056,Operations,V0240,Invoice,3166.64,Direct Debit,GBP,Approved,2025-04-12,INV00039301,EMP00159,USR0144,0,0,0,0,1,0,1,Senior Manager,0,1,1,Low,2026-03,0,Invalid Posting Date
TX0039313,2026-03-02,A043,Finance,V0135,Invoice,958.52,Direct Debit,GBP,Approved,2026-02-27,INV00039313,EMP00171,USR0119,0,0,0,0,1,0,0,Department Manager,0,1,1,Low,2026-03,0,Invalid Posting Date
TX0039332,2025-04-11,A042,IT,V0414,Invoice,728.33,Cheque,GBP,Pending,2025-04-17,INV00039332,EMP00349,USR0192,0,0,0,0,0,1,0,Department Manager,0,1,1,Low,2025-04,0,Duplicate Invoice
TX0039352,2025-10-20,A021,HR,V0024,Invoice,3963.1,Bank Transfer,EUR,Pending,2025-10-19,INV00039352,EMP00202,USR0069,0,0,0,0,1,0,0,Senior Manager,0,1,1,Low,2025-10,0,Invalid Posting Date
TX0039370,2026-03-30,A016,Sales,V0275,Expense,635.35,Card,USD,Approved,2025-07-02,INV00039370,EMP00246,USR0149,0,0,0,0,1,0,1,Department Manager,0,1,1,Low,2026-03,0,Invalid Posting Date
TX0039431,2025-08-30,A068,Procurement,V0121,Invoice,8470.75,Direct Debit,GBP,Approved,2025-08-30,INV00039431,,USR0122,0,1,0,0,0,0,1,Senior Manager,1,2,1,Medium,2025-08,1,Missing Approval
TX0039432,2025-12-15,A005,IT,V0087,Invoice,309.51,Bank Transfer,GBP,Approved,2025-12-15,INV00039432,EMP00232,USR0052,0,0,0,0,0,1,0,Department Manager,0,1,1,Low,2025-12,0,Duplicate Invoice
TX0039457,2025-07-07,A080,Operations,V0191,Invoice,4870.39,Direct Debit,GBP,Approved,2025-07-08,INV00039457,EMP00404,USR0052,0,0,0,0,0,1,0,Senior Manager,0,1,1,Low,2025-07,0,Duplicate Invoice
TX0039491,2026-03-29,A062,HR,V0062,Invoice,661.05,Direct Debit,USD,Pending,2026-04-01,INV00062615,,USR0055,0,1,0,0,0,1,1,Department Manager,0,2,1,Medium,2026-03,0,Duplicate Invoice
TX0039526,2025-09-04,A027,Procurement,V0373,Invoice,675.89,Direct Debit,GBP,Approved,2025-09-08,INV00039526,EMP00422,USR0017,0,0,0,0,0,1,0,Department Manager,0,1,1,Low,2025-09,0,Duplicate Invoice
TX0039549,2025-10-14,A065,Marketing,V0378,Expense,953.3,Card,GBP,Approved,2025-10-20,INV00059650,EMP00116,USR0104,0,0,0,0,0,1,0,Department Manager,0,1,1,Low,2025-10,0,Duplicate Invoice
TX0039591,2025-06-08,A036,Marketing,V0074,Invoice,1416.95,Bank Transfer,USD,Pending,2025-06-08,INV00039591,EMP00028,USR0180,0,0,0,0,0,1,0,Senior Manager,0,1,1,Low,2025-06,0,Duplicate Invoice
TX0039595,2026-02-19,A042,Sales,V0340,Payment,470.59,Bank Transfer,USD,Pending,2026-02-20,INV00036239,EMP00354,USR0192,0,0,0,0,0,1,0,Department Manager,0,1,1,Low,2026-02,0,Duplicate Invoice
TX0039628,2025-09-29,A002,Finance,V0325,Invoice,770.03,Cheque,GBP,Approved,2025-10-03,INV00039628,EMP00499,USR0136,0,0,0,0,0,1,1,Department Manager,0,1,1,Low,2025-09,0,Duplicate Invoice
TX0039643,2025-06-28,A011,IT,V0074,Payment,518.74,Direct Debit,EUR,Approved,2025-07-02,INV00078044,EMP00290,USR0014,0,0,0,0,0,1,1,Department Manager,0,1,1,Low,2025-06,0,Duplicate Invoice
TX0039652,2026-03-31,A041,Procurement,V0154,Invoice,491.43,Card,GBP,Approved,2025-07-03,INV00039652,EMP00141,USR0154,0,0,0,0,1,0,1,Department Manager,0,1,1,Low,2026-03,0,Invalid Posting Date
TX0039692,2025-06-14,A059,Procurement,,Invoice,238.23,Bank Transfer,GBP,Pending,2025-06-18,INV00039692,EMP00231,USR0019,1,0,0,0,0,1,0,Department Manager,0,2,1,Medium,2025-06,0,Duplicate Invoice
TX0039701,2026-02-24,,Operations,V0250,Payment,882.29,Bank Transfer,GBP,Rejected,2026-02-27,INV00039701,EMP00183,USR0009,0,0,1,0,0,0,0,Department Manager,0,1,1,Low,2026-02,0,Missing Account
TX0039712,2025-11-30,A059,HR,V0278,Credit Note,1292.28,Cheque,USD,Approved,2025-12-02,INV00039712,,USR0008,0,1,0,0,0,0,1,Senior Manager,1,2,1,Medium,2025-11,0,Missing Approval
TX0039755,2026-03-31,A018,HR,V0239,Invoice,2841.27,Card,GBP,Rejected,2025-09-25,INV00039755,EMP00304,USR0152,0,0,0,0,1,0,1,Senior Manager,0,1,1,Low,2026-03,0,Invalid Posting Date
TX0039812,2026-03-28,A058,Marketing,V0009,Payment,1327.65,Direct Debit,GBP,Pending,2025-11-06,INV00039812,EMP00419,USR0198,0,0,0,0,1,0,1,Senior Manager,0,1,1,Low,2026-03,0,Invalid Posting Date
TX0039831,2026-03-30,A001,HR,V0123,Expense,1535.65,Bank Transfer,EUR,Approved,2025-12-27,INV00039831,EMP00357,USR0071,0,0,0,0,1,0,1,Senior Manager,0,1,1,Low,2026-03,0,Invalid Posting Date
TX0039848,2025-06-07,A066,Finance,V0203,Invoice,1559.69,Card,GBP,Rejected,2025-06-07,INV00039848,,USR0166,0,1,0,0,0,0,0,Senior Manager,1,2,1,Medium,2025-06,0,Missing Approval
TX0039875,2025-07-26,A017,Finance,V0029,Invoice,1200.64,Direct Debit,GBP,Approved,2025-07-26,INV00039875,EMP00105,USR0153,0,0,0,0,0,1,0,Senior Manager,0,1,1,Low,2025-07,0,Duplicate Invoice
TX0039879,2025-06-27,A071,Finance,V0436,Invoice,287.41,Bank Transfer,USD,Pending,2025-06-28,INV00039879,EMP00202,USR0135,0,0,0,0,0,1,1,Department Manager,0,1,1,Low,2025-06,0,Duplicate Invoice
TX0039929,2025-08-16,,Marketing,V0137,Journal Entry,1119.69,Direct Debit,EUR,Pending,2025-08-20,INV00039929,EMP00343,USR0053,0,0,1,0,0,0,0,Senior Manager,0,1,1,Low,2025-08,0,Missing Account
TX0039940,2025-12-30,A068,Procurement,V0182,Invoice,113.75,Bank Transfer,GBP,Pending,2026-01-05,INV00039940,,USR0126,0,1,0,0,0,0,1,Department Manager,0,1,1,Low,2025-12,0,No Exception
TX0039970,2025-12-10,A045,Procurement,V0389,Journal Entry,3308.37,Direct Debit,EUR,Approved,2025-12-10,INV00004051,EMP00085,USR0050,0,0,0,0,0,1,0,Senior Manager,0,1,1,Low,2025-12,0,Duplicate Invoice
TX0039989,2025-08-02,A035,IT,,Invoice,1167.28,Bank Transfer,USD,Rejected,2025-08-06,INV00039989,EMP00360,USR0161,1,0,0,0,0,0,0,Senior Manager,0,1,1,Low,2025-08,0,Missing Vendor
TX0039992,2025-06-07,A032,IT,V0112,Credit Note,14188.93,Cheque,USD,Pending,2025-06-08,INV00055239,EMP00420,USR0041,0,0,0,0,0,1,0,Finance Director,0,1,1,Medium,2025-06,1,Duplicate Invoice
TX0040007,2026-03-31,A055,Operations,V0042,Invoice,4336.83,Cheque,GBP,Rejected,2025-12-07,INV00040007,EMP00315,USR0130,0,0,0,0,1,0,1,Senior Manager,0,1,1,Low,2026-03,0,Invalid Posting Date
TX0040012,2025-06-04,A074,IT,V0426,Journal Entry,1810.32,Bank Transfer,GBP,Rejected,2025-06-10,INV00040012,EMP00093,USR0090,0,0,0,0,0,1,0,Senior Manager,0,1,1,Low,2025-06,0,Duplicate Invoice
TX0040030,2025-07-15,A009,Marketing,V0150,Invoice,1271.88,Bank Transfer,GBP,Approved,2025-07-21,INV00073647,EMP00438,USR0146,0,0,0,0,0,1,0,Senior Manager,0,1,1,Low,2025-07,0,Duplicate Invoice
TX0040036,2026-03-30,A055,Sales,V0178,Invoice,1057.8,Cheque,GBP,Rejected,2025-12-29,INV00040036,EMP00399,USR0044,0,0,0,0,1,0,1,Senior Manager,0,1,1,Low,2026-03,0,Invalid Posting Date
TX0040039,2025-10-19,A063,Sales,V0271,Invoice,2098.39,Cheque,GBP,Rejected,2025-10-23,INV00040039,EMP00074,USR0199,0,0,0,0,0,1,0,Senior Manager,0,1,1,Low,2025-10,0,Duplicate Invoice
TX0040063,2025-04-17,A063,Finance,,Invoice,1767.11,Direct Debit,USD,Pending,2025-04-24,INV00040063,EMP00222,USR0001,1,0,0,0,0,0,0,Senior Manager,0,1,1,Low,2025-04,0,Missing Vendor
TX0040107,2025-09-03,A057,Procurement,,Payment,717.69,Bank Transfer,GBP,Approved,2025-09-03,INV00040107,EMP00009,USR0040,1,0,0,0,0,0,0,Department Manager,0,1,1,Low,2025-09,0,Missing Vendor
TX0040113,2026-03-31,A069,Procurement,V0076,Invoice,707.74,Cheque,EUR,Approved,2025-10-04,INV00040113,EMP00324,USR0069,0,0,0,0,1,0,1,Department Manager,0,1,1,Low,2026-03,0,Invalid Posting Date
TX0040124,2025-04-18,A028,Operations,V0301,Invoice,1068.67,Direct Debit,GBP,Pending,2025-04-18,INV00040124,,USR0141,0,1,0,0,0,0,0,Senior Manager,1,2,1,Medium,2025-04,0,Missing Approval
TX0040131,2026-03-28,A077,HR,V0132,Payment,5603.33,Bank Transfer,GBP,Pending,2025-10-15,INV00040131,EMP00315,USR0021,0,0,0,0,1,0,1,Senior Manager,0,1,1,Low,2026-03,0,Invalid Posting Date
TX0040158,2025-04-11,A056,Procurement,V0439,Invoice,-1871.65,Card,USD,Approved,2025-04-16,INV00040158,EMP00398,USR0098,0,0,0,1,0,0,0,Senior Manager,0,1,1,Low,2025-04,0,Invalid Amount
TX0040164,2025-05-27,A042,Finance,V0394,Invoice,1937.05,Bank Transfer,GBP,Pending,2025-05-29,INV00040164,EMP00399,USR0133,0,0,0,0,0,1,1,Senior Manager,0,1,1,Low,2025-05,0,Duplicate Invoice
TX0040196,2025-07-28,A051,Procurement,V0388,Payment,-5354.29,Bank Transfer,USD,Approved,2025-07-29,INV00040196,EMP00460,USR0198,0,0,0,1,0,0,1,Senior Manager,0,1,1,Low,2025-07,0,Invalid Amount
TX0040200,2025-06-05,A037,Marketing,V0236,Invoice,123.84,Direct Debit,GBP,Pending,2025-06-12,INV00040200,EMP00449,USR0050,0,0,0,0,0,1,0,Department Manager,0,1,1,Low,2025-06,0,Duplicate Invoice
TX0040204,2025-05-30,A020,Finance,V0471,Journal Entry,2768.36,Direct Debit,GBP,Approved,2025-06-01,INV00040204,EMP00176,USR0085,0,0,0,0,0,1,1,Senior Manager,0,1,1,Low,2025-05,0,Duplicate Invoice
TX0040237,2025-11-08,A022,IT,V0373,Expense,5721.48,Direct Debit,USD,Approved,2025-11-11,INV00040237,,USR0019,0,1,0,0,0,0,0,Senior Manager,1,2,1,Medium,2025-11,0,Missing Approval
TX0040247,2025-09-12,A033,IT,V0123,Invoice,150.91,Card,GBP,Rejected,2025-09-14,INV00040247,EMP00295,USR0011,0,0,0,0,0,1,0,Department Manager,0,1,1,Low,2025-09,0,Duplicate Invoice
TX0040303,2026-03-27,A072,Sales,V0412,Expense,26197.83,Direct Debit,EUR,Pending,2025-06-23,INV00040303,EMP00336,USR0070,0,0,0,0,1,0,1,Finance Director,0,1,1,Medium,2026-03,1,Invalid Posting Date
TX0040308,2025-10-24,A067,Operations,V0255,Invoice,1687.41,Card,GBP,Pending,2025-10-29,INV00063121,EMP00275,USR0069,0,0,0,0,0,1,0,Senior Manager,0,1,1,Low,2025-10,0,Duplicate Invoice
TX0040311,2025-12-06,A020,Finance,V0234,Payment,3498.72,Direct Debit,GBP,Approved,2025-12-08,INV00040311,,USR0137,0,1,0,0,0,0,0,Senior Manager,1,2,1,Medium,2025-12,0,Missing Approval
TX0040318,2025-11-25,A007,HR,,Invoice,544.54,Cheque,GBP,Approved,2025-12-02,INV00016161,EMP00253,USR0038,1,0,0,0,0,1,0,Department Manager,0,2,1,Medium,2025-11,0,Duplicate Invoice
TX0040331,2025-11-11,A010,Operations,,Payment,3131.87,Cheque,USD,Pending,2025-11-17,INV00019114,EMP00040,USR0065,1,0,0,0,0,1,0,Senior Manager,0,2,1,Medium,2025-11,0,Duplicate Invoice
TX0040338,2026-03-29,A077,Sales,V0322,Invoice,378.78,Card,GBP,Pending,2025-11-22,INV00040338,EMP00080,USR0198,0,0,0,0,1,0,1,Department Manager,0,1,1,Low,2026-03,0,Invalid Posting Date
TX0040343,2025-06-19,A059,Marketing,V0469,Expense,4129.1,Bank Transfer,EUR,Approved,2025-06-23,INV00013800,EMP00227,USR0050,0,0,0,0,0,1,0,Senior Manager,0,1,1,Low,2025-06,0,Duplicate Invoice
TX0040344,2026-03-30,A046,Marketing,V0185,Journal Entry,580.06,Card,USD,Pending,2025-08-11,INV00040344,EMP00364,USR0073,0,0,0,0,1,0,1,Department Manager,0,1,1,Low,2026-03,0,Invalid Posting Date
TX0040351,2025-06-28,A064,Operations,V0175,Expense,1520.41,Bank Transfer,GBP,Pending,2025-07-01,INV00040351,EMP00257,USR0184,0,0,0,0,0,1,1,Senior Manager,0,1,1,Low,2025-06,0,Duplicate Invoice
TX0040353,2025-11-12,A012,Operations,V0440,Invoice,898.62,Bank Transfer,GBP,Rejected,2025-11-14,INV00083943,EMP00010,USR0156,0,0,0,0,0,1,0,Department Manager,0,1,1,Low,2025-11,0,Duplicate Invoice
TX0040360,2026-02-27,A056,HR,V0171,Invoice,2861.57,Cheque,USD,Approved,2026-03-03,INV00040360,EMP00322,USR0160,0,0,0,0,0,1,1,Senior Manager,0,1,1,Low,2026-02,0,Duplicate Invoice
TX0040394,2025-11-08,A057,Finance,V0064,Expense,840.51,Bank Transfer,USD,Approved,2025-11-12,INV00069326,EMP00422,USR0018,0,0,0,0,0,1,0,Department Manager,0,1,1,Low,2025-11,0,Duplicate Invoice
TX0040431,2025-06-29,A009,HR,,Invoice,618.13,Direct Debit,GBP,Rejected,2025-06-29,INV00040431,EMP00044,USR0198,1,0,0,0,0,0,1,Department Manager,0,1,1,Low,2025-06,0,Missing Vendor
TX0040433,2025-07-11,A058,Sales,V0264,Payment,295.24,Card,EUR,Approved,2025-07-18,INV00015153,EMP00152,USR0071,0,0,0,0,0,1,0,Department Manager,0,1,1,Low,2025-07,0,Duplicate Invoice
TX0040460,2026-03-30,A017,Operations,V0197,Payment,386.51,Cheque,GBP,Approved,2025-09-12,INV00040460,EMP00358,USR0040,0,0,0,0,1,0,1,Department Manager,0,1,1,Low,2026-03,0,Invalid Posting Date
TX0040466,2026-03-30,A075,Operations,V0382,Payment,5292.18,Direct Debit,GBP,Approved,2026-03-13,INV00040466,EMP00221,USR0198,0,0,0,0,1,0,1,Senior Manager,0,1,1,Low,2026-03,0,Invalid Posting Date
TX0040508,2025-04-06,A056,Finance,V0164,Expense,1079.3,Cheque,GBP,Rejected,2025-04-12,INV00040508,,USR0022,0,1,0,0,0,0,0,Senior Manager,1,2,1,Medium,2025-04,0,Missing Approval
TX0040510,2026-03-22,A027,Sales,V0053,Invoice,1606.7,Card,USD,Rejected,2026-03-19,INV00040510,EMP00304,USR0032,0,0,0,0,1,0,0,Senior Manager,0,1,1,Low,2026-03,0,Invalid Posting Date
TX0040575,2025-05-22,,Operations,V0200,Expense,1146.38,Cheque,GBP,Pending,2025-05-23,INV00040575,EMP00449,USR0135,0,0,1,0,0,0,0,Senior Manager,0,1,1,Low,2025-05,0,Missing Account
TX0040579,2026-03-27,A076,Procurement,V0363,Invoice,2065.59,Direct Debit,USD,Approved,2025-07-21,INV00040579,EMP00405,USR0168,0,0,0,0,1,0,1,Senior Manager,0,1,1,Low,2026-03,0,Invalid Posting Date
TX0040580,2026-03-27,A079,Operations,V0135,Invoice,1769.05,Card,GBP,Rejected,2026-03-02,INV00040580,EMP00010,USR0076,0,0,0,0,1,0,1,Senior Manager,0,1,1,Low,2026-03,0,Invalid Posting Date
TX0040629,2026-03-29,A057,HR,V0238,Invoice,1596.49,Card,GBP,Approved,2025-07-19,INV00040629,,USR0139,0,1,0,0,1,0,1,Senior Manager,1,3,1,High,2026-03,0,Missing Approval
TX0040630,2026-03-31,A078,IT,V0135,Invoice,564.38,Card,GBP,Pending,2025-10-01,INV00040630,EMP00353,USR0038,0,0,0,0,1,0,1,Department Manager,0,1,1,Low,2026-03,0,Invalid Posting Date
TX0040643,2026-03-10,A048,Marketing,V0486,Payment,570.36,Card,EUR,Approved,2026-03-12,INV00040643,,USR0140,0,1,0,0,0,0,0,Department Manager,0,1,1,Low,2026-03,0,No Exception
TX0040704,2026-01-03,A075,IT,V0102,Invoice,712.19,Card,GBP,Pending,2026-01-05,INV00079893,EMP00231,USR0080,0,0,0,0,0,1,0,Department Manager,0,1,1,Low,2026-01,0,Duplicate Invoice
TX0040705,2026-03-27,A002,Operations,V0052,Expense,321.67,Cheque,GBP,Pending,2025-12-12,INV00040705,EMP00479,USR0131,0,0,0,0,1,0,1,Department Manager,0,1,1,Low,2026-03,0,Invalid Posting Date
TX0040723,2025-09-22,A059,Procurement,V0054,Invoice,5296.29,Bank Transfer,GBP,Pending,2025-09-20,INV00040723,EMP00234,USR0011,0,0,0,0,1,0,0,Senior Manager,0,1,1,Low,2025-09,0,Invalid Posting Date
TX0040740,2025-06-27,A076,Procurement,V0212,Invoice,844.05,Card,GBP,Pending,2025-06-29,INV00042142,EMP00307,USR0012,0,0,0,0,0,1,1,Department Manager,0,1,1,Low,2025-06,0,Duplicate Invoice
TX0040758,2025-11-27,A023,Finance,V0338,Invoice,647.92,Cheque,EUR,Rejected,2025-12-02,INV00048079,EMP00080,USR0143,0,0,0,0,0,1,1,Department Manager,0,1,1,Low,2025-11,0,Duplicate Invoice
TX0040763,2025-06-08,A025,IT,V0022,Invoice,54295.09,Card,GBP,Approved,2025-06-04,INV00040763,EMP00003,USR0130,0,0,0,0,1,0,0,Finance Director,0,1,1,High,2025-06,1,Invalid Posting Date
TX0040773,2025-09-11,A044,Finance,V0200,Payment,1406.53,Bank Transfer,GBP,Pending,2025-09-09,INV00040773,EMP00446,USR0198,0,0,0,0,1,0,0,Senior Manager,0,1,1,Low,2025-09,0,Invalid Posting Date
TX0040806,2026-03-29,A006,Finance,V0320,Expense,443.92,Direct Debit,GBP,Approved,2025-08-31,INV00040806,EMP00431,USR0117,0,0,0,0,1,0,1,Department Manager,0,1,1,Low,2026-03,0,Invalid Posting Date
TX0040816,2025-04-02,A041,Operations,V0048,Journal Entry,3146.14,Direct Debit,USD,Approved,2025-04-06,INV00040816,EMP00500,USR0167,0,0,0,0,0,1,0,Senior Manager,0,1,1,Low,2025-04,0,Duplicate Invoice
TX0040835,2026-02-11,A058,Finance,V0061,Payment,310.31,Direct Debit,GBP,Rejected,2026-02-12,INV00032201,EMP00377,USR0084,0,0,0,0,0,1,0,Department Manager,0,1,1,Low,2026-02,0,Duplicate Invoice
TX0040865,2025-09-14,A066,Finance,V0267,Invoice,1509.1,Cheque,GBP,Rejected,2025-09-15,INV00062006,EMP00303,USR0196,0,0,0,0,0,1,0,Senior Manager,0,1,1,Low,2025-09,0,Duplicate Invoice
TX0040890,2025-04-26,A063,Finance,V0037,Journal Entry,3013.32,Direct Debit,GBP,Rejected,2025-04-29,INV00040890,EMP00389,USR0080,0,0,0,0,0,1,0,Senior Manager,0,1,1,Low,2025-04,0,Duplicate Invoice
TX0040918,2026-01-17,A018,Operations,V0364,Invoice,490.17,Direct Debit,EUR,Pending,2026-01-24,INV00040918,,USR0020,0,1,0,0,0,0,0,Department Manager,0,1,1,Low,2026-01,0,No Exception
TX0040923,2025-05-04,A043,Procurement,,Invoice,78.24,Cheque,USD,Approved,2025-05-09,INV00040923,EMP00229,USR0105,1,0,0,0,0,0,0,Department Manager,0,1,1,Low,2025-05,0,Missing Vendor
TX0040942,2025-10-25,A027,Operations,V0499,Expense,205.33,Card,GBP,Approved,2025-10-25,INV00040942,EMP00301,USR0046,0,0,0,0,0,1,0,Department Manager,0,1,1,Low,2025-10,0,Duplicate Invoice
TX0040947,2025-11-20,A070,Operations,,Invoice,1445.85,Cheque,GBP,Approved,2025-11-26,INV00040947,EMP00117,USR0191,1,0,0,0,0,0,0,Senior Manager,0,1,1,Low,2025-11,0,Missing Vendor
TX0040973,2026-02-10,A036,Finance,,Invoice,530.7,Cheque,GBP,Rejected,2026-02-17,INV00040973,EMP00029,USR0127,1,0,0,0,0,0,0,Department Manager,0,1,1,Low,2026-02,0,Missing Vendor
TX0040984,2026-01-27,A072,Operations,V0311,Invoice,2754.25,Card,GBP,Approved,2026-01-29,INV00079961,EMP00363,USR0090,0,0,0,0,0,1,1,Senior Manager,0,1,1,Low,2026-01,0,Duplicate Invoice
TX0040989,2025-09-24,A009,Finance,V0104,Credit Note,796.71,Cheque,USD,Approved,2025-09-26,INV00040989,EMP00500,USR0130,0,0,0,0,0,1,0,Department Manager,0,1,1,Low,2025-09,0,Duplicate Invoice
TX0040991,2025-09-21,A021,IT,V0441,Payment,196.95,Direct Debit,USD,Approved,2025-09-27,INV00040991,EMP00127,USR0092,0,0,0,0,0,1,0,Department Manager,0,1,1,Low,2025-09,0,Duplicate Invoice
TX0041001,2026-03-28,A065,IT,V0235,Expense,505.53,Cheque,EUR,Approved,2025-06-28,INV00041001,EMP00429,USR0073,0,0,0,0,1,0,1,Department Manager,0,1,1,Low,2026-03,0,Invalid Posting Date
TX0041023,2025-07-07,A071,Finance,V0046,Payment,1006.34,Cheque,USD,Approved,2025-07-12,INV00086324,EMP00319,USR0026,0,0,0,0,0,1,0,Senior Manager,0,1,1,Low,2025-07,0,Duplicate Invoice
TX0041033,2025-04-12,A007,HR,V0031,Invoice,455.52,Bank Transfer,GBP,Approved,2025-04-19,INV00098085,EMP00431,USR0075,0,0,0,0,0,1,0,Department Manager,0,1,1,Low,2025-04,0,Duplicate Invoice
TX0041039,2025-08-08,A064,Procurement,V0148,Expense,1272.63,Cheque,USD,Approved,2025-08-10,INV00031839,EMP00188,USR0013,0,0,0,0,0,1,0,Senior Manager,0,1,1,Low,2025-08,0,Duplicate Invoice
TX0041043,2026-03-28,A031,Marketing,V0334,Expense,739.28,Cheque,GBP,Approved,2026-01-16,INV00041043,EMP00015,USR0105,0,0,0,0,1,0,1,Department Manager,0,1,1,Low,2026-03,0,Invalid Posting Date
TX0041046,2026-02-26,A041,Finance,,Invoice,109.39,Direct Debit,GBP,Pending,2026-03-01,INV00041046,EMP00102,USR0014,1,0,0,0,0,0,0,Department Manager,0,1,1,Low,2026-02,0,Missing Vendor
TX0041047,2025-10-22,A072,IT,V0122,Invoice,5470.97,Bank Transfer,GBP,Rejected,2025-10-29,INV00041047,EMP00162,USR0157,0,0,0,0,0,1,0,Senior Manager,0,1,1,Low,2025-10,0,Duplicate Invoice
TX0041049,2026-03-28,A080,Sales,V0296,Expense,1451.63,Card,GBP,Rejected,2025-07-27,INV00041049,EMP00074,USR0105,0,0,0,0,1,0,1,Senior Manager,0,1,1,Low,2026-03,0,Invalid Posting Date
TX0041057,2025-04-06,A027,Procurement,,Invoice,708.95,Direct Debit,GBP,Approved,2025-04-13,INV00041057,EMP00040,USR0011,1,0,0,0,0,0,0,Department Manager,0,1,1,Low,2025-04,0,Missing Vendor
TX0041094,2025-06-04,A038,Marketing,V0269,Invoice,437.58,Direct Debit,GBP,Pending,2025-06-04,INV00041094,EMP00372,USR0195,0,0,0,0,0,1,0,Department Manager,0,1,1,Low,2025-06,0,Duplicate Invoice
TX0041116,2026-03-31,A033,Finance,V0427,Invoice,229.26,Direct Debit,USD,Approved,2025-06-29,INV00041116,EMP00384,USR0045,0,0,0,0,1,0,1,Department Manager,0,1,1,Low,2026-03,0,Invalid Posting Date
TX0041121,2026-02-22,A070,Finance,V0208,Invoice,1863.02,Card,GBP,Rejected,2026-02-26,INV00082150,EMP00279,USR0184,0,0,0,0,0,1,0,Senior Manager,0,1,1,Low,2026-02,0,Duplicate Invoice
TX0041169,2026-03-28,A043,HR,V0271,Expense,3098.27,Direct Debit,USD,Approved,2025-08-25,INV00041169,EMP00351,USR0072,0,0,0,0,1,0,1,Senior Manager,0,1,1,Low,2026-03,0,Invalid Posting Date
TX0041218,2025-12-10,A014,Procurement,V0148,Expense,926.24,Cheque,,Approved,2025-12-14,INV00003790,EMP00293,USR0003,0,0,0,0,0,1,0,Department Manager,0,1,1,Low,2025-12,0,Duplicate Invoice
TX0041233,2026-02-23,A079,Operations,,Invoice,811.3,Direct Debit,GBP,Approved,2026-02-28,INV00041233,EMP00222,USR0184,1,0,0,0,0,0,0,Department Manager,0,1,1,Low,2026-02,0,Missing Vendor
TX0041273,2026-02-23,A080,IT,V0437,Journal Entry,4712.71,Cheque,EUR,Pending,2026-03-02,INV00041273,EMP00458,USR0160,0,0,0,0,0,1,0,Senior Manager,0,1,1,Low,2026-02,0,Duplicate Invoice
TX0041285,2025-12-01,A039,Procurement,V0337,Journal Entry,583.09,Cheque,GBP,Approved,2025-12-01,INV00038129,EMP00311,USR0038,0,0,0,0,0,1,0,Department Manager,0,1,1,Low,2025-12,0,Duplicate Invoice
TX0041292,2026-03-28,A077,HR,V0127,Invoice,1223.89,Bank Transfer,GBP,Rejected,2025-06-29,INV00041292,EMP00262,USR0091,0,0,0,0,1,0,1,Senior Manager,0,1,1,Low,2026-03,0,Invalid Posting Date
TX0041296,2026-02-25,A034,Procurement,,Credit Note,745.46,Direct Debit,USD,Approved,2026-03-03,INV00041296,EMP00117,USR0112,1,0,0,0,0,0,0,Department Manager,0,1,1,Low,2026-02,0,Missing Vendor
TX0041317,2025-06-16,A041,Operations,V0099,Invoice,1919.74,Direct Debit,GBP,Pending,2025-06-17,INV00041317,,USR0152,0,1,0,0,0,0,0,Senior Manager,1,2,1,Medium,2025-06,0,Missing Approval
TX0041323,2026-01-07,A058,Operations,V0027,Journal Entry,5364.21,Bank Transfer,EUR,Pending,2026-01-09,INV00041323,,USR0155,0,1,0,0,0,0,0,Senior Manager,1,2,1,Medium,2026-01,0,Missing Approval
TX0041327,2026-03-29,A034,HR,V0203,Journal Entry,910.33,Cheque,EUR,Approved,2025-11-28,INV00041327,EMP00431,USR0144,0,0,0,0,1,0,1,Department Manager,0,1,1,Low,2026-03,0,Invalid Posting Date
TX0041330,2026-03-28,A009,IT,V0300,Journal Entry,3654.38,Card,USD,Approved,2025-06-03,INV00041330,EMP00207,USR0175,0,0,0,0,1,0,1,Senior Manager,0,1,1,Low,2026-03,0,Invalid Posting Date
TX0041332,2026-03-11,A021,HR,V0038,Invoice,1261.95,Cheque,GBP,Approved,2026-03-16,INV00041332,EMP00135,USR0196,0,0,0,0,0,1,0,Senior Manager,0,1,1,Low,2026-03,0,Duplicate Invoice
TX0041371,2025-04-28,A050,Operations,V0499,Invoice,1791.59,Direct Debit,GBP,Pending,2025-05-05,INV00012251,EMP00442,USR0110,0,0,0,0,0,1,1,Senior Manager,0,1,1,Low,2025-04,0,Duplicate Invoice
TX0041388,2026-03-31,A022,IT,V0054,Expense,856.58,Direct Debit,GBP,Approved,2025-07-22,INV00041388,EMP00234,USR0128,0,0,0,0,1,0,1,Department Manager,0,1,1,Low,2026-03,0,Invalid Posting Date
TX0041390,2025-04-03,A019,Operations,V0455,Payment,1721.69,Cheque,GBP,Approved,2025-04-10,INV00014425,EMP00324,USR0017,0,0,0,0,0,1,0,Senior Manager,0,1,1,Low,2025-04,0,Duplicate Invoice
TX0041458,2025-05-06,A024,IT,V0170,Invoice,1937.35,Cheque,GBP,Rejected,2025-05-08,INV00041458,,USR0141,0,1,0,0,0,0,0,Senior Manager,1,2,1,Medium,2025-05,0,Missing Approval
TX0041465,2025-04-21,A040,IT,V0401,Journal Entry,1370.56,Card,USD,Approved,2025-04-21,INV00041465,,USR0196,0,1,0,0,0,0,0,Senior Manager,1,2,1,Medium,2025-04,0,Missing Approval
TX0041487,2025-10-28,A077,Procurement,,Credit Note,241.54,Cheque,GBP,Rejected,2025-10-28,INV00041487,EMP00424,USR0009,1,0,0,0,0,0,1,Department Manager,0,1,1,Low,2025-10,0,Missing Vendor
TX0041488,2025-11-09,A009,HR,V0398,Expense,24574.82,Card,USD,Approved,2025-11-12,INV00041488,EMP00001,USR0113,0,0,0,0,0,1,0,Finance Director,0,1,1,Medium,2025-11,1,Duplicate Invoice
TX0041516,2026-01-01,A051,Operations,V0219,Invoice,2852.17,Cheque,USD,Approved,2026-01-04,INV00041516,EMP00424,USR0063,0,0,0,0,0,1,0,Senior Manager,0,1,1,Low,2026-01,0,Duplicate Invoice
TX0041521,2026-03-28,A012,Finance,V0338,Invoice,2321.15,Cheque,GBP,Approved,2025-04-12,INV00041521,EMP00078,USR0032,0,0,0,0,1,0,1,Senior Manager,0,1,1,Low,2026-03,0,Invalid Posting Date
TX0041528,2025-11-01,A053,HR,V0133,Expense,1707.19,Direct Debit,USD,Approved,2025-11-08,INV00022673,EMP00426,USR0109,0,0,0,0,0,1,0,Senior Manager,0,1,1,Low,2025-11,0,Duplicate Invoice
TX0041529,2026-03-31,A010,Operations,V0157,Invoice,158.53,Cheque,GBP,Rejected,2025-05-03,INV00041529,EMP00222,USR0101,0,0,0,0,1,0,1,Department Manager,0,1,1,Low,2026-03,0,Invalid Posting Date
TX0041535,2026-03-28,A067,Finance,V0387,Journal Entry,1008.37,Cheque,GBP,Approved,2025-05-17,INV00041535,EMP00185,USR0152,0,0,0,0,1,0,1,Senior Manager,0,1,1,Low,2026-03,0,Invalid Posting Date
TX0041541,2025-06-08,A017,Finance,V0171,Invoice,-2414.84,Direct Debit,EUR,Approved,2025-06-13,INV00041541,EMP00306,USR0069,0,0,0,1,0,0,0,Senior Manager,0,1,1,Low,2025-06,0,Invalid Amount
TX0041542,2025-04-01,A038,Operations,V0166,Payment,251.98,Direct Debit,EUR,Pending,2025-04-08,INV00070173,EMP00411,USR0170,0,0,0,0,0,1,0,Department Manager,0,1,1,Low,2025-04,0,Duplicate Invoice
TX0041567,2025-08-03,A027,Operations,V0226,Invoice,-7016.8,Direct Debit,GBP,Rejected,2025-08-10,INV00041567,EMP00247,USR0146,0,0,0,1,0,0,0,Senior Manager,0,1,1,Low,2025-08,0,Invalid Amount
TX0041637,2025-04-05,A018,Operations,V0102,Invoice,390.74,Card,GBP,Approved,2025-04-12,INV00041929,EMP00300,USR0098,0,0,0,0,0,1,0,Department Manager,0,1,1,Low,2025-04,0,Duplicate Invoice
TX0041654,2025-10-15,A048,Sales,V0184,Invoice,1825.18,Cheque,GBP,Pending,2025-10-16,INV00097560,EMP00443,USR0072,0,0,0,0,0,1,0,Senior Manager,0,1,1,Low,2025-10,0,Duplicate Invoice
TX0041672,2025-09-30,A038,IT,V0057,Journal Entry,6385.46,Card,GBP,Rejected,2025-10-05,INV00041672,,USR0008,0,1,0,0,0,0,1,Senior Manager,1,2,1,Medium,2025-09,1,Missing Approval
TX0041685,2025-10-29,A003,Procurement,V0170,Payment,412.21,Cheque,GBP,Approved,2025-11-04,INV00010818,EMP00114,USR0100,0,0,0,0,0,1,1,Department Manager,0,1,1,Low,2025-10,0,Duplicate Invoice
TX0041710,2025-07-01,A036,IT,V0170,Invoice,4017.07,Bank Transfer,USD,Approved,2025-07-03,INV00085414,EMP00126,USR0130,0,0,0,0,0,1,0,Senior Manager,0,1,1,Low,2025-07,0,Duplicate Invoice
TX0041721,2025-12-13,A022,Operations,V0132,Invoice,338.07,Bank Transfer,EUR,Pending,2025-12-20,INV00041721,EMP00069,USR0149,0,0,0,0,0,1,0,Department Manager,0,1,1,Low,2025-12,0,Duplicate Invoice
TX0041751,2025-08-27,A069,IT,V0278,Invoice,-190.71,Cheque,GBP,Pending,2025-09-02,INV00041751,EMP00062,USR0152,0,0,0,1,0,0,1,Department Manager,0,1,1,Low,2025-08,0,Invalid Amount
TX0041783,2026-03-28,A002,HR,V0174,Invoice,3339.45,Bank Transfer,GBP,Pending,2026-03-24,INV00041783,EMP00136,USR0092,0,0,0,0,1,0,1,Senior Manager,0,1,1,Low,2026-03,0,Invalid Posting Date
TX0041804,2026-03-30,A036,Finance,V0489,Expense,4053.43,Bank Transfer,EUR,Approved,2026-02-05,INV00041804,EMP00342,USR0051,0,0,0,0,1,0,1,Senior Manager,0,1,1,Low,2026-03,0,Invalid Posting Date
TX0041854,2025-04-25,A054,IT,V0240,Payment,3098.92,Bank Transfer,GBP,Rejected,2025-04-30,INV00095182,EMP00309,USR0059,0,0,0,0,0,1,0,Senior Manager,0,1,1,Low,2025-04,0,Duplicate Invoice
TX0041856,2025-11-16,A046,Finance,V0010,Expense,988.84,Direct Debit,EUR,Rejected,2025-11-20,INV00047440,EMP00354,USR0154,0,0,0,0,0,1,0,Department Manager,0,1,1,Low,2025-11,0,Duplicate Invoice
TX0041872,2025-08-24,A025,Sales,,Expense,390.61,Cheque,GBP,Approved,2025-08-29,INV00041872,EMP00101,USR0190,1,0,0,0,0,0,0,Department Manager,0,1,1,Low,2025-08,0,Missing Vendor
TX0041911,2025-05-06,A056,HR,V0341,Invoice,21723.99,Cheque,GBP,Rejected,2025-05-10,INV00041911,,USR0055,0,1,0,0,0,0,0,Finance Director,1,2,1,Medium,2025-05,1,Missing Approval
TX0041925,2026-02-01,A031,HR,V0122,Invoice,3604.71,Direct Debit,USD,Approved,2026-01-31,INV00041925,EMP00122,USR0058,0,0,0,0,1,0,0,Senior Manager,0,1,1,Low,2026-02,0,Invalid Posting Date
TX0041929,2026-01-20,A008,IT,V0408,Invoice,1566.09,Bank Transfer,GBP,Approved,2026-01-20,INV00041929,EMP00376,USR0113,0,0,0,0,0,1,0,Senior Manager,0,1,1,Low,2026-01,0,Duplicate Invoice
TX0041942,2026-02-20,A069,HR,V0095,Expense,-2970.71,Bank Transfer,USD,Approved,2026-02-24,INV00041942,EMP00127,USR0015,0,0,0,1,0,0,0,Senior Manager,0,1,1,Low,2026-02,0,Invalid Amount
TX0041963,2025-07-29,A063,Finance,V0264,Invoice,1901.01,Bank Transfer,EUR,Approved,2025-08-04,INV00041963,EMP00207,USR0109,0,0,0,0,0,1,1,Senior Manager,0,1,1,Low,2025-07,0,Duplicate Invoice
TX0041988,2025-04-28,A032,IT,V0266,Credit Note,1065.73,Cheque,GBP,Pending,2025-04-29,INV00099090,EMP00468,USR0106,0,0,0,0,0,1,1,Senior Manager,0,1,1,Low,2025-04,0,Duplicate Invoice
TX0041996,2025-05-06,A073,Procurement,V0121,Invoice,447.52,Cheque,USD,Approved,2025-05-06,INV00041996,EMP00230,USR0061,0,0,0,0,0,1,0,Department Manager,0,1,1,Low,2025-05,0,Duplicate Invoice
TX0042023,2026-03-29,A057,Finance,V0381,Payment,2312.8,Cheque,GBP,Rejected,2025-10-21,INV00042023,EMP00377,USR0080,0,0,0,0,1,0,1,Senior Manager,0,1,1,Low,2026-03,0,Invalid Posting Date
TX0042036,2025-12-31,A069,IT,V0449,Invoice,1782.4,Direct Debit,GBP,Approved,2026-01-03,INV00056819,EMP00273,USR0067,0,0,0,0,0,1,1,Senior Manager,0,1,1,Low,2025-12,0,Duplicate Invoice
TX0042048,2025-12-12,A006,IT,V0307,Invoice,5015.11,Cheque,USD,Approved,2025-12-15,INV00042048,,USR0143,0,1,0,0,0,0,0,Senior Manager,1,2,1,Medium,2025-12,0,Missing Approval
TX0042051,2026-01-20,A080,IT,,Invoice,2033.15,Direct Debit,GBP,Rejected,2026-01-21,INV00042051,EMP00311,USR0167,1,0,0,0,0,0,0,Senior Manager,0,1,1,Low,2026-01,0,Missing Vendor
TX0042085,2025-09-14,A075,IT,V0225,Invoice,-414.56,Card,GBP,Pending,2025-09-14,INV00042085,EMP00480,USR0110,0,0,0,1,0,0,0,Department Manager,0,1,1,Low,2025-09,0,Invalid Amount
TX0042117,2025-11-07,A060,Finance,V0300,Invoice,2459.91,Cheque,GBP,Approved,2025-11-12,INV00042117,,USR0111,0,1,0,0,0,0,0,Senior Manager,1,2,1,Medium,2025-11,0,Missing Approval
TX0042133,2025-07-16,A014,Procurement,V0365,Invoice,4538.01,Bank Transfer,EUR,Pending,2025-07-20,INV00042133,,USR0100,0,1,0,0,0,0,0,Senior Manager,1,2,1,Medium,2025-07,0,Missing Approval
TX0042140,2025-04-18,A044,Finance,V0356,Payment,-9783.91,Bank Transfer,GBP,Rejected,2025-04-18,INV00042140,EMP00372,USR0165,0,0,0,1,0,0,0,Senior Manager,0,1,1,Low,2025-04,0,Invalid Amount
TX0042142,2025-10-02,A028,HR,V0277,Invoice,19393.08,Bank Transfer,GBP,Rejected,2025-10-03,INV00042142,EMP00476,USR0181,0,0,0,0,0,1,0,Finance Director,0,1,1,Medium,2025-10,1,Duplicate Invoice
TX0042148,2025-10-27,A048,IT,,Invoice,1079.42,Bank Transfer,GBP,Approved,2025-10-28,INV00042148,EMP00077,USR0033,1,0,0,0,0,0,1,Senior Manager,0,1,1,Low,2025-10,0,Missing Vendor
TX0042220,2025-09-15,,Procurement,V0289,Invoice,3687.63,Bank Transfer,GBP,Approved,2025-09-20,INV00042220,EMP00192,USR0193,0,0,1,0,0,0,0,Senior Manager,0,1,1,Low,2025-09,0,Missing Account
TX0042222,2025-07-19,A025,Procurement,V0108,Invoice,2882.02,Bank Transfer,GBP,Approved,2025-07-23,INV00042222,EMP00074,USR0179,0,0,0,0,0,1,0,Senior Manager,0,1,1,Low,2025-07,0,Duplicate Invoice
TX0042235,2026-03-16,A056,Operations,V0191,Expense,1388.11,Card,USD,Pending,2026-03-16,INV00075831,EMP00469,USR0149,0,0,0,0,0,1,0,Senior Manager,0,1,1,Low,2026-03,0,Duplicate Invoice
TX0042242,2026-02-04,A056,Sales,V0336,Invoice,-1280.43,Cheque,EUR,Approved,2026-02-04,INV00042242,EMP00493,USR0036,0,0,0,1,0,0,0,Senior Manager,0,1,1,Low,2026-02,0,Invalid Amount
TX0042254,2025-06-20,A012,HR,V0003,Credit Note,-148.79,Card,GBP,Approved,2025-06-20,INV00042254,EMP00403,USR0097,0,0,0,1,0,0,0,Department Manager,0,1,1,Low,2025-06,0,Invalid Amount
TX0042273,2025-06-12,A015,Sales,V0267,Payment,3606.49,Direct Debit,GBP,Pending,2025-06-19,INV00028534,EMP00495,USR0151,0,0,0,0,0,1,0,Senior Manager,0,1,1,Low,2025-06,0,Duplicate Invoice
TX0042282,2025-07-22,A024,Operations,V0165,Invoice,254.15,Direct Debit,GBP,Rejected,2025-07-26,INV00044069,EMP00271,USR0150,0,0,0,0,0,1,0,Department Manager,0,1,1,Low,2025-07,0,Duplicate Invoice
TX0042327,2025-04-22,A033,Finance,V0028,Invoice,524.54,Card,GBP,Approved,2025-04-28,INV00042327,,USR0007,0,1,0,0,0,0,0,Department Manager,0,1,1,Low,2025-04,0,No Exception
TX0042352,2025-06-17,A021,Sales,,Invoice,339.31,Direct Debit,GBP,Approved,2025-06-22,INV00042352,EMP00213,USR0048,1,0,0,0,0,0,0,Department Manager,0,1,1,Low,2025-06,0,Missing Vendor
TX0042458,2026-03-29,A038,Marketing,V0465,Journal Entry,150.82,Card,EUR,Pending,2025-05-22,INV00042458,EMP00029,USR0119,0,0,0,0,1,0,1,Department Manager,0,1,1,Low,2026-03,0,Invalid Posting Date
TX0042485,2025-06-02,A039,IT,V0073,Invoice,694.72,Direct Debit,GBP,Approved,2025-06-09,INV00042485,,USR0004,0,1,0,0,0,0,0,Department Manager,0,1,1,Low,2025-06,0,No Exception
TX0042515,2026-03-31,A076,Operations,V0028,Payment,1152.46,Cheque,GBP,Pending,2025-06-15,INV00042515,EMP00024,USR0157,0,0,0,0,1,0,1,Senior Manager,0,1,1,Low,2026-03,0,Invalid Posting Date
TX0042524,2025-08-30,A058,IT,V0023,Invoice,958.95,Cheque,GBP,Approved,2025-09-01,INV00034571,EMP00094,USR0197,0,0,0,0,0,1,1,Department Manager,0,1,1,Low,2025-08,0,Duplicate Invoice
TX0042544,2026-03-30,A007,Procurement,V0271,Payment,495.72,Bank Transfer,GBP,Pending,2025-08-19,INV00042544,EMP00474,USR0157,0,0,0,0,1,0,1,Department Manager,0,1,1,Low,2026-03,0,Invalid Posting Date
TX0042569,2025-10-24,A011,HR,V0471,Invoice,236.59,Card,GBP,Pending,2025-10-29,INV00039879,EMP00231,USR0058,0,0,0,0,0,1,0,Department Manager,0,1,1,Low,2025-10,0,Duplicate Invoice
TX0042631,2025-04-30,A023,Sales,V0353,Invoice,1887.22,Bank Transfer,GBP,Approved,2025-05-04,INV00042631,EMP00222,USR0056,0,0,0,0,0,1,1,Senior Manager,0,1,1,Low,2025-04,0,Duplicate Invoice
TX0042648,2026-03-28,A063,Procurement,V0305,Expense,1944.52,Direct Debit,USD,Approved,2026-01-21,INV00042648,EMP00003,USR0080,0,0,0,0,1,0,1,Senior Manager,0,1,1,Low,2026-03,0,Invalid Posting Date
TX0042657,2025-11-22,A030,IT,V0339,Invoice,261.7,Card,GBP,Approved,2025-11-24,INV00007842,EMP00070,USR0122,0,0,0,0,0,1,0,Department Manager,0,1,1,Low,2025-11,0,Duplicate Invoice
TX0042666,2025-09-04,A066,Operations,V0165,Invoice,1768.65,Direct Debit,USD,Approved,2025-09-08,INV00042666,EMP00018,USR0114,0,0,0,0,0,1,0,Senior Manager,0,1,1,Low,2025-09,0,Duplicate Invoice
TX0042687,2026-03-28,A033,Sales,V0275,Expense,158.49,Direct Debit,GBP,Approved,2025-08-01,INV00042687,EMP00025,USR0156,0,0,0,0,1,0,1,Department Manager,0,1,1,Low,2026-03,0,Invalid Posting Date
TX0042721,2026-03-29,A016,Finance,V0114,Credit Note,509.33,Cheque,GBP,Approved,2025-08-10,INV00042721,EMP00298,USR0133,0,0,0,0,1,0,1,Department Manager,0,1,1,Low,2026-03,0,Invalid Posting Date
TX0042732,2025-12-19,A032,Sales,V0416,Invoice,795.26,Card,GBP,Approved,2025-12-22,INV00042732,EMP00470,USR0168,0,0,0,0,0,1,0,Department Manager,0,1,1,Low,2025-12,0,Duplicate Invoice
TX0042783,2025-05-02,A054,Marketing,,Payment,233.56,Card,GBP,Approved,2025-05-06,INV00042783,EMP00227,USR0068,1,0,0,0,0,0,0,Department Manager,0,1,1,Low,2025-05,0,Missing Vendor
TX0042797,2026-03-28,A045,Procurement,V0307,Invoice,429.11,Direct Debit,GBP,Rejected,2026-02-23,INV00042797,EMP00326,USR0144,0,0,0,0,1,0,1,Department Manager,0,1,1,Low,2026-03,0,Invalid Posting Date
TX0042811,2025-07-28,A077,Finance,V0104,Invoice,1303.92,Card,GBP,Pending,2025-07-30,INV00090092,EMP00399,USR0061,0,0,0,0,0,1,1,Senior Manager,0,1,1,Low,2025-07,0,Duplicate Invoice
TX0042826,2026-03-01,A072,IT,V0051,Invoice,5654.89,Cheque,GBP,Rejected,2026-03-06,INV00000822,EMP00030,USR0008,0,0,0,0,0,1,0,Senior Manager,0,1,1,Low,2026-03,0,Duplicate Invoice
TX0042861,2026-03-27,A022,Sales,V0387,Journal Entry,566.06,Card,USD,Pending,2025-11-20,INV00042861,EMP00114,USR0133,0,0,0,0,1,0,1,Department Manager,0,1,1,Low,2026-03,0,Invalid Posting Date
TX0042871,2025-11-07,A057,IT,,Payment,2013.97,Card,GBP,Pending,2025-11-10,INV00042871,EMP00382,USR0165,1,0,0,0,0,0,0,Senior Manager,0,1,1,Low,2025-11,0,Missing Vendor
TX0042875,2026-03-31,A039,Procurement,V0285,Invoice,482.15,Cheque,GBP,Rejected,2025-05-29,INV00042875,EMP00074,USR0005,0,0,0,0,1,0,1,Department Manager,0,1,1,Low,2026-03,0,Invalid Posting Date
TX0042885,2026-03-31,A078,Procurement,V0228,Expense,638.5,Card,GBP,Approved,2025-07-14,INV00042885,EMP00408,USR0042,0,0,0,0,1,0,1,Department Manager,0,1,1,Low,2026-03,0,Invalid Posting Date
TX0042886,2025-04-21,A023,Operations,V0419,Invoice,1065.63,Bank Transfer,EUR,Pending,2025-04-20,INV00042886,EMP00384,USR0025,0,0,0,0,1,0,0,Senior Manager,0,1,1,Low,2025-04,0,Invalid Posting Date
TX0042909,2026-03-30,A012,IT,V0112,Expense,1002.57,Card,GBP,Approved,2026-03-15,INV00042909,EMP00119,USR0001,0,0,0,0,1,0,1,Senior Manager,0,1,1,Low,2026-03,0,Invalid Posting Date
TX0042918,2025-07-05,A063,Procurement,V0388,Payment,4015.82,Bank Transfer,GBP,Approved,2025-07-07,INV00042918,EMP00285,USR0121,0,0,0,0,0,1,0,Senior Manager,0,1,1,Low,2025-07,0,Duplicate Invoice
TX0042923,2025-10-15,A009,Finance,V0178,Payment,836.2,Bank Transfer,EUR,Pending,2025-10-16,INV00022187,EMP00047,USR0085,0,0,0,0,0,1,0,Department Manager,0,1,1,Low,2025-10,0,Duplicate Invoice
TX0042953,2025-04-20,A034,Finance,,Invoice,2466.63,Bank Transfer,USD,Approved,2025-04-25,INV00042953,,USR0130,1,1,0,0,0,0,0,Senior Manager,1,3,1,High,2025-04,0,Missing Approval
TX0042959,2025-10-12,A044,Procurement,V0334,Credit Note,554.06,Direct Debit,USD,Approved,2025-10-13,INV00042959,,USR0077,0,1,0,0,0,0,0,Department Manager,0,1,1,Low,2025-10,0,No Exception
TX0042969,2025-12-19,A054,Operations,V0098,Invoice,32.09,Bank Transfer,USD,Approved,2025-12-18,INV00042969,EMP00472,USR0098,0,0,0,0,1,0,0,Department Manager,0,1,1,Low,2025-12,0,Invalid Posting Date
TX0042984,2025-05-29,A055,Marketing,V0449,Journal Entry,641.87,Cheque,GBP,Approved,2025-05-29,INV00007859,EMP00145,USR0130,0,0,0,0,0,1,1,Department Manager,0,1,1,Low,2025-05,0,Duplicate Invoice
TX0043006,2025-11-16,A029,Operations,V0432,Expense,1891.42,Card,GBP,Approved,2025-11-23,INV00043006,,USR0033,0,1,0,0,0,0,0,Senior Manager,1,2,1,Medium,2025-11,0,Missing Approval
TX0043009,2025-09-09,A038,IT,V0272,Invoice,1498.01,Cheque,GBP,Approved,2025-09-12,INV00043009,EMP00242,USR0120,0,0,0,0,0,1,0,Senior Manager,0,1,1,Low,2025-09,0,Duplicate Invoice
TX0043015,2026-03-29,A009,Sales,V0335,Expense,459.24,Cheque,GBP,Pending,2026-03-13,INV00043015,EMP00148,USR0180,0,0,0,0,1,0,1,Department Manager,0,1,1,Low,2026-03,0,Invalid Posting Date
TX0043118,2025-08-21,A037,HR,V0024,Journal Entry,3656.72,Direct Debit,GBP,Approved,2025-08-24,INV00070746,EMP00034,USR0161,0,0,0,0,0,1,0,Senior Manager,0,1,1,Low,2025-08,0,Duplicate Invoice
TX0043120,2026-03-28,A032,HR,V0406,Journal Entry,6527.1,Direct Debit,GBP,Approved,2025-12-21,INV00043120,EMP00287,USR0172,0,0,0,0,1,0,1,Senior Manager,0,1,1,Low,2026-03,1,Invalid Posting Date
TX0043155,2025-06-11,A053,Finance,,Expense,2753.32,Direct Debit,GBP,Approved,2025-06-15,INV00043155,EMP00221,USR0048,1,0,0,0,0,0,0,Senior Manager,0,1,1,Low,2025-06,0,Missing Vendor
TX0043204,2025-06-25,A056,Operations,V0357,Payment,1060.36,Bank Transfer,EUR,Rejected,2025-07-01,INV00043204,EMP00375,USR0008,0,0,0,0,0,1,0,Senior Manager,0,1,1,Low,2025-06,0,Duplicate Invoice
TX0043225,2025-04-28,A045,IT,,Payment,144.19,Bank Transfer,GBP,Approved,2025-05-03,INV00043225,EMP00065,USR0160,1,0,0,0,0,0,1,Department Manager,0,1,1,Low,2025-04,0,Missing Vendor
TX0043231,2026-03-29,A058,Finance,V0097,Invoice,2997.29,Card,EUR,Rejected,2025-08-17,INV00043231,EMP00367,USR0014,0,0,0,0,1,0,1,Senior Manager,0,1,1,Low,2026-03,0,Invalid Posting Date
TX0043233,2025-11-15,A009,Finance,,Payment,506.36,Direct Debit,EUR,Pending,2025-11-18,INV00043233,EMP00298,USR0084,1,0,0,0,0,0,0,Department Manager,0,1,1,Low,2025-11,0,Missing Vendor
TX0043255,2025-07-15,A062,Finance,V0138,Credit Note,314.89,Bank Transfer,GBP,Rejected,2025-07-22,INV00035737,EMP00220,USR0139,0,0,0,0,0,1,0,Department Manager,0,1,1,Low,2025-07,0,Duplicate Invoice
TX0043285,2026-01-02,A062,IT,,Expense,1051.46,Bank Transfer,USD,Rejected,2026-01-05,INV00043285,EMP00137,USR0075,1,0,0,0,0,0,0,Senior Manager,0,1,1,Low,2026-01,0,Missing Vendor
TX0043288,2025-12-15,A008,IT,V0025,Invoice,12768.45,Direct Debit,GBP,Approved,2025-12-22,INV00043288,,USR0016,0,1,0,0,0,0,0,Finance Director,1,2,1,Medium,2025-12,1,Missing Approval
TX0043353,2025-11-07,A041,Procurement,V0497,Expense,1329.83,Cheque,GBP,Rejected,2025-11-07,INV00035016,EMP00224,USR0139,0,0,0,0,0,1,0,Senior Manager,0,1,1,Low,2025-11,0,Duplicate Invoice
TX0043370,2025-08-12,A042,Sales,V0053,Expense,1152.01,Direct Debit,GBP,Rejected,2025-08-12,INV00043370,,USR0172,0,1,0,0,0,0,0,Senior Manager,1,2,1,Medium,2025-08,0,Missing Approval
TX0043384,2025-04-06,A068,Finance,V0013,Invoice,301.19,Card,USD,Pending,2025-04-06,INV00043384,EMP00499,USR0136,0,0,0,0,0,1,0,Department Manager,0,1,1,Low,2025-04,0,Duplicate Invoice
TX0043418,2025-07-14,A048,Operations,V0461,Invoice,764.07,Direct Debit,GBP,Pending,2025-07-20,INV00043418,,USR0052,0,1,0,0,0,0,0,Department Manager,0,1,1,Low,2025-07,0,No Exception
TX0043445,2025-10-19,A066,IT,V0205,Expense,1833.44,Direct Debit,USD,Approved,2025-10-23,INV00021288,EMP00269,USR0190,0,0,0,0,0,1,0,Senior Manager,0,1,1,Low,2025-10,0,Duplicate Invoice
TX0043453,2026-03-28,A066,Operations,V0246,Payment,6044.56,Bank Transfer,GBP,Approved,2026-01-19,INV00043453,EMP00203,USR0125,0,0,0,0,1,0,1,Senior Manager,0,1,1,Low,2026-03,1,Invalid Posting Date
TX0043474,2025-08-14,A008,Operations,V0018,Journal Entry,1316.01,Direct Debit,GBP,Pending,2025-08-15,INV00043474,,USR0029,0,1,0,0,0,0,0,Senior Manager,1,2,1,Medium,2025-08,0,Missing Approval
TX0043540,2025-06-06,A074,Operations,V0045,Credit Note,9139.79,Bank Transfer,GBP,Pending,2025-06-11,INV00098423,EMP00375,USR0031,0,0,0,0,0,1,0,Senior Manager,0,1,1,Low,2025-06,1,Duplicate Invoice
TX0043545,2025-06-11,A058,Procurement,,Journal Entry,4080.23,Card,USD,Approved,2025-06-15,INV00043545,EMP00242,USR0109,1,0,0,0,0,0,0,Senior Manager,0,1,1,Low,2025-06,0,Missing Vendor
TX0043559,2025-10-05,A035,Sales,V0172,Invoice,732.63,Cheque,USD,Approved,2025-10-10,INV00043559,,USR0108,0,1,0,0,0,0,0,Department Manager,0,1,1,Low,2025-10,0,No Exception
TX0043600,2026-02-04,A059,HR,V0106,Invoice,1920.58,Bank Transfer,USD,Approved,2026-02-11,INV00088637,EMP00355,USR0034,0,0,0,0,0,1,0,Senior Manager,0,1,1,Low,2026-02,0,Duplicate Invoice
TX0043634,2026-03-30,A076,Finance,V0332,Payment,4479.33,Card,GBP,Approved,2025-09-22,INV00043634,EMP00262,USR0083,0,0,0,0,1,0,1,Senior Manager,0,1,1,Low,2026-03,0,Invalid Posting Date
TX0043688,2026-03-28,A033,Sales,V0407,Credit Note,2377.91,Cheque,EUR,Approved,2025-07-13,INV00043688,EMP00037,USR0082,0,0,0,0,1,0,1,Senior Manager,0,1,1,Low,2026-03,0,Invalid Posting Date
TX0043692,2026-03-28,A078,Marketing,V0027,Invoice,267.49,Card,EUR,Approved,2025-11-17,INV00043692,EMP00419,USR0183,0,0,0,0,1,0,1,Department Manager,0,1,1,Low,2026-03,0,Invalid Posting Date
TX0043718,2026-01-20,A040,Operations,,Expense,1125.2,Direct Debit,GBP,Rejected,2026-01-27,INV00043718,EMP00220,USR0194,1,0,0,0,0,0,0,Senior Manager,0,1,1,Low,2026-01,0,Missing Vendor
TX0043734,2025-12-08,A010,Operations,V0418,Payment,627.17,Bank Transfer,GBP,Pending,2025-12-12,INV00043734,EMP00410,USR0155,0,0,0,0,0,1,0,Department Manager,0,1,1,Low,2025-12,0,Duplicate Invoice
TX0043754,2026-03-27,A080,Operations,V0300,Invoice,929.94,Direct Debit,USD,Rejected,2025-12-13,INV00043754,EMP00213,USR0003,0,0,0,0,1,0,1,Department Manager,0,1,1,Low,2026-03,0,Invalid Posting Date
TX0043766,2026-03-31,A013,Operations,V0072,Journal Entry,1401.26,Bank Transfer,USD,Pending,2025-06-04,INV00043766,EMP00471,USR0003,0,0,0,0,1,0,1,Senior Manager,0,1,1,Low,2026-03,0,Invalid Posting Date
TX0043768,2026-01-16,A011,Operations,V0210,Expense,9966.99,Bank Transfer,GBP,Approved,2026-01-22,INV00031777,EMP00489,USR0083,0,0,0,0,0,1,0,Senior Manager,0,1,1,Low,2026-01,1,Duplicate Invoice
TX0043850,2026-02-27,A079,Sales,V0355,Credit Note,2025.74,Card,EUR,Pending,2026-03-05,INV00043850,EMP00037,USR0079,0,0,0,0,0,1,1,Senior Manager,0,1,1,Low,2026-02,0,Duplicate Invoice
TX0043860,2025-06-14,A027,HR,V0181,Invoice,-1757.98,Card,GBP,Approved,2025-06-14,INV00043860,EMP00372,USR0123,0,0,0,1,0,0,0,Senior Manager,0,1,1,Low,2025-06,0,Invalid Amount
TX0043861,2025-12-16,A073,Finance,,Payment,1181.58,Direct Debit,USD,Approved,2025-12-22,INV00043861,EMP00125,USR0128,1,0,0,0,0,0,0,Senior Manager,0,1,1,Low,2025-12,0,Missing Vendor
TX0043936,2025-05-12,A012,IT,V0076,Invoice,680.6,Cheque,EUR,Approved,2025-05-18,INV00043936,,USR0117,0,1,0,0,0,0,0,Department Manager,0,1,1,Low,2025-05,0,No Exception
TX0043950,2025-11-16,A010,IT,V0141,Payment,703.4,Direct Debit,GBP,Pending,2025-11-19,INV00044324,EMP00127,USR0132,0,0,0,0,0,1,0,Department Manager,0,1,1,Low,2025-11,0,Duplicate Invoice
TX0043985,2026-03-06,A012,Finance,,Credit Note,1271.2,Cheque,EUR,Approved,2026-03-09,INV00043985,EMP00338,USR0020,1,0,0,0,0,0,0,Senior Manager,0,1,1,Low,2026-03,0,Missing Vendor
TX0044008,2026-03-29,A035,Sales,V0413,Expense,1653.94,Card,GBP,Rejected,2025-08-02,INV00044008,EMP00113,USR0092,0,0,0,0,1,0,1,Senior Manager,0,1,1,Low,2026-03,0,Invalid Posting Date
TX0044012,2026-03-27,A041,Finance,V0095,Invoice,3639.38,Card,GBP,Rejected,2025-10-05,INV00044012,EMP00213,USR0156,0,0,0,0,1,0,1,Senior Manager,0,1,1,Low,2026-03,0,Invalid Posting Date
TX0044020,2026-03-31,A046,Sales,V0202,Expense,325.87,Direct Debit,USD,Approved,2026-02-17,INV00044020,EMP00307,USR0099,0,0,0,0,1,0,1,Department Manager,0,1,1,Low,2026-03,0,Invalid Posting Date
TX0044056,2026-03-31,A052,Procurement,V0037,Expense,497.48,Bank Transfer,EUR,Approved,2025-09-09,INV00044056,EMP00226,USR0148,0,0,0,0,1,0,1,Department Manager,0,1,1,Low,2026-03,0,Invalid Posting Date
TX0044069,2026-01-29,A075,Finance,V0320,Invoice,466.92,Bank Transfer,GBP,Pending,2026-02-03,INV00044069,EMP00467,USR0172,0,0,0,0,0,1,1,Department Manager,0,1,1,Low,2026-01,0,Duplicate Invoice
TX0044108,2026-03-29,A043,HR,V0060,Invoice,134.25,Cheque,EUR,Pending,2026-02-13,INV00044108,EMP00457,USR0131,0,0,0,0,1,0,1,Department Manager,0,1,1,Low,2026-03,0,Invalid Posting Date
TX0044142,2026-03-30,A012,Marketing,V0076,Expense,1588.99,Direct Debit,EUR,Approved,2025-06-24,INV00044142,EMP00054,USR0035,0,0,0,0,1,0,1,Senior Manager,0,1,1,Low,2026-03,0,Invalid Posting Date
TX0044209,2025-08-02,A047,Finance,V0286,Invoice,1404.06,Card,GBP,Approved,2025-08-07,INV00076930,EMP00299,USR0134,0,0,0,0,0,1,0,Senior Manager,0,1,1,Low,2025-08,0,Duplicate Invoice
TX0044221,2026-03-29,A015,Procurement,V0191,Expense,1696.64,Direct Debit,GBP,Approved,2026-01-12,INV00044221,EMP00362,USR0137,0,0,0,0,1,0,1,Senior Manager,0,1,1,Low,2026-03,0,Invalid Posting Date
TX0044223,2025-08-05,A076,Marketing,V0109,Invoice,1445.18,Card,GBP,Approved,2025-08-07,INV00056444,EMP00114,USR0109,0,0,0,0,0,1,0,Senior Manager,0,1,1,Low,2025-08,0,Duplicate Invoice
TX0044229,2026-01-28,A063,Finance,V0083,Credit Note,-482.08,Bank Transfer,EUR,Approved,2026-01-28,INV00044229,EMP00278,USR0175,0,0,0,1,0,0,1,Department Manager,0,1,1,Low,2026-01,0,Invalid Amount
TX0044236,2025-06-12,A066,IT,,Payment,206.93,Card,GBP,Pending,2025-06-16,INV00044236,EMP00183,USR0091,1,0,0,0,0,0,0,Department Manager,0,1,1,Low,2025-06,0,Missing Vendor
TX0044253,2025-12-26,A038,HR,V0254,Payment,952.72,Card,USD,Pending,2025-12-28,INV00044253,,USR0102,0,1,0,0,0,0,0,Department Manager,0,1,1,Low,2025-12,0,No Exception
TX0044277,2026-03-27,A022,Sales,V0261,Journal Entry,1112.41,Bank Transfer,EUR,Approved,2026-02-16,INV00044277,EMP00297,USR0045,0,0,0,0,1,0,1,Senior Manager,0,1,1,Low,2026-03,0,Invalid Posting Date
TX0044281,2025-05-23,A018,Operations,V0226,Invoice,441.28,Card,GBP,Approved,2025-05-23,INV00013580,EMP00052,USR0142,0,0,0,0,0,1,0,Department Manager,0,1,1,Low,2025-05,0,Duplicate Invoice
TX0044284,2025-12-14,A018,Sales,V0411,Invoice,4170.78,Direct Debit,GBP,Rejected,2025-12-16,INV00073692,EMP00136,USR0147,0,0,0,0,0,1,0,Senior Manager,0,1,1,Low,2025-12,0,Duplicate Invoice
TX0044297,2025-12-02,A073,Finance,V0149,Invoice,5146.26,Direct Debit,GBP,Pending,2025-12-06,INV00044297,,USR0032,0,1,0,0,0,0,0,Senior Manager,1,2,1,Medium,2025-12,0,Missing Approval
TX0044299,2026-03-30,A069,Marketing,V0258,Expense,1842.05,Cheque,GBP,Approved,2025-05-17,INV00044299,EMP00339,USR0001,0,0,0,0,1,0,1,Senior Manager,0,1,1,Low,2026-03,0,Invalid Posting Date
TX0044300,2026-02-09,A054,Procurement,V0420,Invoice,1763.45,Direct Debit,EUR,Pending,2026-02-15,INV00044300,EMP00387,USR0166,0,0,0,0,0,1,0,Senior Manager,0,1,1,Low,2026-02,0,Duplicate Invoice
TX0044317,2025-11-12,A023,Procurement,V0057,Payment,598.02,Direct Debit,GBP,Approved,2025-11-11,INV00044317,EMP00289,USR0085,0,0,0,0,1,0,0,Department Manager,0,1,1,Low,2025-11,0,Invalid Posting Date
TX0044324,2025-08-07,A010,Sales,V0188,Invoice,3706.49,Cheque,USD,Approved,2025-08-12,INV00044324,EMP00181,USR0020,0,0,0,0,0,1,0,Senior Manager,0,1,1,Low,2025-08,0,Duplicate Invoice
TX0044333,2025-05-28,A042,Finance,V0291,Credit Note,387.94,Card,USD,Approved,2025-06-01,INV00043384,EMP00260,USR0082,0,0,0,0,0,1,1,Department Manager,0,1,1,Low,2025-05,0,Duplicate Invoice
TX0044370,2026-03-31,A073,Sales,V0398,Invoice,349.08,Bank Transfer,GBP,Approved,2026-02-02,INV00044370,EMP00432,USR0059,0,0,0,0,1,0,1,Department Manager,0,1,1,Low,2026-03,0,Invalid Posting Date
TX0044378,2026-03-27,A063,Sales,V0297,Invoice,591.84,Cheque,GBP,Approved,2026-02-19,INV00044378,EMP00427,USR0099,0,0,0,0,1,0,1,Department Manager,0,1,1,Low,2026-03,0,Invalid Posting Date
TX0044385,2026-02-26,A064,Sales,V0157,Payment,1815.4,Card,GBP,Rejected,2026-03-01,INV00084464,EMP00496,USR0014,0,0,0,0,0,1,0,Senior Manager,0,1,1,Low,2026-02,0,Duplicate Invoice
TX0044423,2026-03-27,A067,Operations,V0421,Invoice,413.43,Cheque,GBP,Approved,2025-05-16,INV00044423,EMP00232,USR0146,0,0,0,0,1,0,1,Department Manager,0,1,1,Low,2026-03,0,Invalid Posting Date
TX0044438,2026-02-23,A056,IT,V0315,Journal Entry,1584.46,Direct Debit,EUR,Approved,2026-02-28,INV00001967,EMP00135,USR0058,0,0,0,0,0,1,0,Senior Manager,0,1,1,Low,2026-02,0,Duplicate Invoice
TX0044439,2026-03-27,A008,Marketing,V0325,Invoice,1984.59,Bank Transfer,USD,Approved,2025-09-20,INV00044439,EMP00106,USR0007,0,0,0,0,1,0,1,Senior Manager,0,1,1,Low,2026-03,0,Invalid Posting Date
TX0044481,2025-09-19,A048,Sales,V0075,Invoice,771.01,Card,EUR,Approved,2025-09-16,INV00044481,EMP00496,USR0023,0,0,0,0,1,0,0,Department Manager,0,1,1,Low,2025-09,0,Invalid Posting Date
TX0044503,2026-03-29,A037,Procurement,V0097,Expense,1615.36,Bank Transfer,EUR,Approved,2025-12-19,INV00044503,EMP00299,USR0029,0,0,0,0,1,0,1,Senior Manager,0,1,1,Low,2026-03,0,Invalid Posting Date
TX0044525,2025-11-05,A078,HR,V0302,Credit Note,353.0,Cheque,GBP,Rejected,2025-11-10,INV00044525,EMP00014,USR0028,0,0,0,0,0,1,0,Department Manager,0,1,1,Low,2025-11,0,Duplicate Invoice
TX0044530,2025-06-24,A078,HR,V0166,Expense,1023.23,Bank Transfer,USD,Approved,2025-06-30,INV00032142,EMP00300,USR0095,0,0,0,0,0,1,0,Senior Manager,0,1,1,Low,2025-06,0,Duplicate Invoice
TX0044548,2025-09-01,A073,Procurement,V0185,Invoice,-666.25,Card,USD,Rejected,2025-09-03,INV00044548,EMP00431,USR0037,0,0,0,1,0,0,0,Department Manager,0,1,1,Low,2025-09,0,Invalid Amount
TX0044592,2025-12-08,A047,Procurement,,Payment,1679.01,Card,GBP,Pending,2025-12-13,INV00044592,EMP00123,USR0142,1,0,0,0,0,0,0,Senior Manager,0,1,1,Low,2025-12,0,Missing Vendor
TX0044594,2025-04-15,,Marketing,V0322,Expense,295.19,Bank Transfer,USD,Pending,2025-04-18,INV00044594,EMP00244,USR0103,0,0,1,0,0,0,0,Department Manager,0,1,1,Low,2025-04,0,Missing Account
TX0044598,2025-06-09,A009,IT,V0427,Payment,2133.88,Bank Transfer,EUR,Approved,2025-06-14,INV00067703,EMP00368,USR0108,0,0,0,0,0,1,0,Senior Manager,0,1,1,Low,2025-06,0,Duplicate Invoice
TX0044631,2026-03-31,A021,Sales,V0442,Invoice,832.5,Cheque,GBP,Approved,2025-06-23,INV00044631,EMP00147,USR0126,0,0,0,0,1,0,1,Department Manager,0,1,1,Low,2026-03,0,Invalid Posting Date
TX0044667,2025-08-26,A055,Procurement,V0262,Invoice,890.84,Card,GBP,Rejected,2025-09-02,INV00078804,EMP00395,USR0074,0,0,0,0,0,1,0,Department Manager,0,1,1,Low,2025-08,0,Duplicate Invoice
TX0044673,2026-03-31,A027,Marketing,V0219,Invoice,1842.54,Direct Debit,USD,Approved,2026-02-17,INV00044673,EMP00434,USR0168,0,0,0,0,1,0,1,Senior Manager,0,1,1,Low,2026-03,0,Invalid Posting Date
TX0044678,2026-03-27,A014,IT,V0171,Expense,1043.73,Cheque,EUR,Rejected,2026-02-08,INV00044678,EMP00129,USR0159,0,0,0,0,1,0,1,Senior Manager,0,1,1,Low,2026-03,0,Invalid Posting Date
TX0044695,2026-01-03,A035,Sales,,Journal Entry,314.21,Bank Transfer,GBP,Pending,2026-01-08,INV00044695,EMP00299,USR0115,1,0,0,0,0,0,0,Department Manager,0,1,1,Low,2026-01,0,Missing Vendor
TX0044720,2025-10-05,A005,HR,V0051,Invoice,3325.36,Bank Transfer,GBP,Pending,2025-10-04,INV00044720,EMP00215,USR0199,0,0,0,0,1,0,0,Senior Manager,0,1,1,Low,2025-10,0,Invalid Posting Date
TX0044721,2025-05-14,A043,Finance,V0380,Expense,2570.91,Card,GBP,Approved,2025-05-18,INV00044721,,USR0031,0,1,0,0,0,0,0,Senior Manager,1,2,1,Medium,2025-05,0,Missing Approval
TX0044735,2026-03-31,A012,Finance,V0477,Payment,600.54,Cheque,GBP,Pending,2025-10-07,INV00044735,EMP00147,USR0158,0,0,0,0,1,0,1,Department Manager,0,1,1,Low,2026-03,0,Invalid Posting Date
TX0044758,2025-07-08,A013,Procurement,,Invoice,2363.37,Direct Debit,EUR,Approved,2025-07-12,INV00044758,EMP00049,USR0017,1,0,0,0,0,0,0,Senior Manager,0,1,1,Low,2025-07,0,Missing Vendor
TX0044775,2026-03-29,A062,Sales,V0236,Payment,97.55,Card,GBP,Approved,2025-06-07,INV00044775,EMP00345,USR0070,0,0,0,0,1,0,1,Department Manager,0,1,1,Low,2026-03,0,Invalid Posting Date
TX0044804,2025-06-23,A021,IT,V0370,Invoice,-199.87,Bank Transfer,GBP,Pending,2025-06-28,INV00044804,EMP00214,USR0019,0,0,0,1,0,0,0,Department Manager,0,1,1,Low,2025-06,0,Invalid Amount
TX0044857,2025-11-16,A016,Sales,,Expense,1928.04,Bank Transfer,EUR,Pending,2025-11-19,INV00044857,EMP00012,USR0155,1,0,0,0,0,0,0,Senior Manager,0,1,1,Low,2025-11,0,Missing Vendor
TX0044897,2026-03-10,,HR,V0463,Invoice,1790.1,Cheque,USD,Approved,2026-03-14,INV00044897,EMP00086,USR0098,0,0,1,0,0,0,0,Senior Manager,0,1,1,Low,2026-03,0,Missing Account
TX0044912,2026-03-27,A057,Operations,V0035,Expense,570.2,Cheque,EUR,Pending,2025-12-12,INV00044912,EMP00289,USR0181,0,0,0,0,1,0,1,Department Manager,0,1,1,Low,2026-03,0,Invalid Posting Date
TX0044953,2025-05-09,A004,Sales,V0278,Journal Entry,5899.56,Direct Debit,USD,Pending,2025-05-13,INV00044953,EMP00190,USR0193,0,0,0,0,0,1,0,Senior Manager,0,1,1,Low,2025-05,1,Duplicate Invoice
TX0044962,2025-04-11,A059,Procurement,,Credit Note,298.66,Cheque,GBP,Rejected,2025-04-18,INV00044962,EMP00263,USR0011,1,0,0,0,0,0,0,Department Manager,0,1,1,Low,2025-04,0,Missing Vendor
TX0044963,2025-09-10,A052,Marketing,V0100,Expense,1037.86,Direct Debit,EUR,Approved,2025-09-14,INV00099477,EMP00205,USR0069,0,0,0,0,0,1,0,Senior Manager,0,1,1,Low,2025-09,0,Duplicate Invoice
TX0044970,2025-09-21,A054,Operations,V0175,Invoice,1848.19,Cheque,GBP,Rejected,2025-09-26,INV00044970,EMP00308,USR0170,0,0,0,0,0,1,0,Senior Manager,0,1,1,Low,2025-09,0,Duplicate Invoice
TX0044977,2026-03-30,A045,IT,V0038,Credit Note,957.72,Cheque,GBP,Approved,2025-11-08,INV00044977,EMP00367,USR0026,0,0,0,0,1,0,1,Department Manager,0,1,1,Low,2026-03,0,Invalid Posting Date
TX0044989,2025-08-14,A071,Procurement,V0229,Payment,231.8,Bank Transfer,USD,Approved,2025-08-15,INV00044989,,USR0013,0,1,0,0,0,0,0,Department Manager,0,1,1,Low,2025-08,0,No Exception
TX0045022,2026-03-30,A025,Finance,V0251,Payment,98.8,Cheque,USD,Rejected,2025-11-17,INV00045022,EMP00311,USR0059,0,0,0,0,1,0,1,Department Manager,0,1,1,Low,2026-03,0,Invalid Posting Date
TX0045046,2026-03-27,A068,Sales,V0481,Invoice,2036.77,Direct Debit,GBP,Rejected,2025-06-23,INV00045046,EMP00058,USR0097,0,0,0,0,1,0,1,Senior Manager,0,1,1,Low,2026-03,0,Invalid Posting Date
TX0045058,2026-02-07,A005,Operations,,Expense,4107.78,Cheque,EUR,Approved,2026-02-13,INV00045058,EMP00015,USR0146,1,0,0,0,0,0,0,Senior Manager,0,1,1,Low,2026-02,0,Missing Vendor
TX0045064,2025-07-08,A058,Operations,V0072,Payment,1518.6,Bank Transfer,GBP,Pending,2025-07-14,INV00045064,,USR0136,0,1,0,0,0,0,0,Senior Manager,1,2,1,Medium,2025-07,0,Missing Approval
TX0045081,2025-11-22,A007,Procurement,V0176,Expense,2856.04,Cheque,GBP,Pending,2025-11-29,INV00045081,EMP00370,USR0106,0,0,0,0,0,1,0,Senior Manager,0,1,1,Low,2025-11,0,Duplicate Invoice
TX0045085,2025-06-11,A008,Finance,V0384,Payment,1470.76,Direct Debit,GBP,Pending,2025-06-11,INV00056146,EMP00104,USR0037,0,0,0,0,0,1,0,Senior Manager,0,1,1,Low,2025-06,0,Duplicate Invoice
TX0045091,2025-08-31,A060,Marketing,,Expense,706.37,Cheque,GBP,Rejected,2025-09-04,INV00045091,EMP00286,USR0112,1,0,0,0,0,0,1,Department Manager,0,1,1,Low,2025-08,0,Missing Vendor
TX0045120,2025-08-19,A014,Finance,V0322,Invoice,1044.13,Cheque,EUR,Approved,2025-08-25,INV00045120,EMP00103,USR0182,0,0,0,0,0,1,0,Senior Manager,0,1,1,Low,2025-08,0,Duplicate Invoice
TX0045136,2026-02-18,A001,Finance,,Invoice,589.1,Direct Debit,GBP,Approved,2026-02-24,INV00045136,EMP00056,USR0010,1,0,0,0,0,0,0,Department Manager,0,1,1,Low,2026-02,0,Missing Vendor
TX0045149,2026-02-27,A045,Operations,V0099,Journal Entry,5792.34,Direct Debit,GBP,Rejected,2026-03-02,INV00045149,EMP00178,USR0191,0,0,0,0,0,1,1,Senior Manager,0,1,1,Low,2026-02,0,Duplicate Invoice
TX0045157,2025-12-26,A061,Marketing,,Expense,2535.39,Card,EUR,Approved,2025-12-26,INV00045157,EMP00117,USR0044,1,0,0,0,0,0,0,Senior Manager,0,1,1,Low,2025-12,0,Missing Vendor
TX0045159,2026-03-27,A003,Finance,V0282,Payment,1269.02,Direct Debit,EUR,Approved,2025-04-09,INV00045159,EMP00208,USR0084,0,0,0,0,1,0,1,Senior Manager,0,1,1,Low,2026-03,0,Invalid Posting Date
TX0045217,2025-08-13,A074,Operations,V0067,Invoice,2862.59,Cheque,GBP,Approved,2025-08-20,INV00058135,EMP00346,USR0125,0,0,0,0,0,1,0,Senior Manager,0,1,1,Low,2025-08,0,Duplicate Invoice
TX0045277,2025-10-06,A074,Procurement,,Credit Note,11118.34,Card,GBP,Approved,2025-10-07,INV00045277,EMP00166,USR0091,1,0,0,0,0,0,0,Finance Director,0,1,1,Medium,2025-10,1,Missing Vendor
TX0045295,2026-01-04,A005,Procurement,V0419,Expense,223.76,Bank Transfer,EUR,Approved,2026-01-07,INV00020950,EMP00472,USR0077,0,0,0,0,0,1,0,Department Manager,0,1,1,Low,2026-01,0,Duplicate Invoice
TX0045339,2025-12-22,A044,IT,V0037,Journal Entry,1078.79,Cheque,GBP,Pending,2025-12-23,INV00092169,EMP00493,USR0032,0,0,0,0,0,1,0,Senior Manager,0,1,1,Low,2025-12,0,Duplicate Invoice
TX0045347,2026-03-31,A008,HR,V0022,Invoice,6185.35,Cheque,USD,Approved,2026-03-22,INV00045347,EMP00114,USR0012,0,0,0,0,1,0,1,Senior Manager,0,1,1,Low,2026-03,1,Invalid Posting Date
TX0045418,2026-03-31,A076,Operations,V0222,Invoice,1539.28,Bank Transfer,GBP,Approved,2026-01-27,INV00045418,EMP00143,USR0115,0,0,0,0,1,0,1,Senior Manager,0,1,1,Low,2026-03,0,Invalid Posting Date
TX0045463,2025-11-01,A001,Finance,,Invoice,1615.81,Cheque,USD,Approved,2025-11-06,INV00045463,EMP00422,USR0155,1,0,0,0,0,0,0,Senior Manager,0,1,1,Low,2025-11,0,Missing Vendor
TX0045466,2026-03-12,A037,Finance,V0484,Journal Entry,822.12,Direct Debit,GBP,Rejected,2026-03-14,INV00045466,EMP00327,USR0080,0,0,0,0,0,1,0,Department Manager,0,1,1,Low,2026-03,0,Duplicate Invoice
TX0045557,2026-03-29,A062,Marketing,V0380,Credit Note,1127.57,Direct Debit,GBP,Approved,2026-04-05,INV00045557,EMP00025,USR0112,0,0,0,0,0,1,1,Senior Manager,0,1,1,Low,2026-03,0,Duplicate Invoice
TX0045561,2026-03-30,A067,Finance,V0022,Invoice,1819.96,Direct Debit,GBP,Rejected,2025-07-29,INV00045561,EMP00134,USR0053,0,0,0,0,1,0,1,Senior Manager,0,1,1,Low,2026-03,0,Invalid Posting Date
TX0045566,2026-03-30,A052,Procurement,V0225,Invoice,1046.99,Direct Debit,USD,Approved,2025-04-10,INV00045566,EMP00173,USR0181,0,0,0,0,1,0,1,Senior Manager,0,1,1,Low,2026-03,0,Invalid Posting Date
TX0045580,2025-06-08,A063,HR,V0300,Payment,890.42,Bank Transfer,GBP,Approved,2025-06-14,INV00041273,EMP00218,USR0140,0,0,0,0,0,1,0,Department Manager,0,1,1,Low,2025-06,0,Duplicate Invoice
TX0045601,2025-04-04,A044,Procurement,V0467,Payment,392.04,Card,USD,Approved,2025-04-10,INV00045601,,USR0198,0,1,0,0,0,0,0,Department Manager,0,1,1,Low,2025-04,0,No Exception
TX0045618,2026-03-13,,Marketing,V0436,Invoice,2400.14,Card,USD,Rejected,2026-03-20,INV00045618,EMP00206,USR0041,0,0,1,0,0,0,0,Senior Manager,0,1,1,Low,2026-03,0,Missing Account
TX0045630,2026-03-29,A008,Sales,V0276,Invoice,646.26,Card,USD,Approved,2025-04-11,INV00045630,EMP00455,USR0087,0,0,0,0,1,0,1,Department Manager,0,1,1,Low,2026-03,0,Invalid Posting Date
TX0045641,2025-10-10,A078,Operations,,Expense,1284.91,Card,GBP,Approved,2025-10-12,INV00045641,EMP00389,USR0140,1,0,0,0,0,0,0,Senior Manager,0,1,1,Low,2025-10,0,Missing Vendor
TX0045652,2026-03-27,A080,IT,V0295,Invoice,484.11,Bank Transfer,GBP,Pending,2025-04-21,INV00045652,EMP00188,USR0042,0,0,0,0,1,0,1,Department Manager,0,1,1,Low,2026-03,0,Invalid Posting Date
TX0045658,2026-02-23,A024,Finance,V0463,Credit Note,5026.11,Card,GBP,Approved,2026-02-25,INV00045658,,USR0090,0,1,0,0,0,0,0,Senior Manager,1,2,1,Medium,2026-02,0,Missing Approval
TX0045687,2025-07-13,A031,IT,V0286,Journal Entry,-2537.06,Cheque,GBP,Approved,2025-07-19,INV00045687,EMP00080,USR0133,0,0,0,1,0,0,0,Senior Manager,0,1,1,Low,2025-07,0,Invalid Amount
TX0045692,2026-03-01,A018,Finance,V0420,Expense,441.27,Bank Transfer,USD,Approved,2026-03-06,INV00045692,EMP00088,USR0040,0,0,0,0,0,1,0,Department Manager,0,1,1,Low,2026-03,0,Duplicate Invoice
TX0045694,2025-10-05,A065,Marketing,V0491,Invoice,148.79,Cheque,USD,Pending,2025-10-03,INV00045694,EMP00135,USR0123,0,0,0,0,1,0,0,Department Manager,0,1,1,Low,2025-10,0,Invalid Posting Date
TX0045698,2026-03-28,A022,Operations,V0343,Payment,508.13,Direct Debit,GBP,Approved,2025-04-10,INV00045698,EMP00222,USR0154,0,0,0,0,1,0,1,Department Manager,0,1,1,Low,2026-03,0,Invalid Posting Date
TX0045700,2025-12-18,,Procurement,V0046,Expense,970.35,Direct Debit,GBP,Approved,2025-12-20,INV00045700,EMP00480,USR0138,0,0,1,0,0,0,0,Department Manager,0,1,1,Low,2025-12,0,Missing Account
TX0045701,2025-11-16,A031,Procurement,V0446,Credit Note,1210.17,Card,EUR,Approved,2025-11-22,INV00000884,EMP00497,USR0120,0,0,0,0,0,1,0,Senior Manager,0,1,1,Low,2025-11,0,Duplicate Invoice
TX0045727,2026-03-28,A050,HR,V0151,Credit Note,1056.15,Bank Transfer,GBP,Approved,2025-11-18,INV00045727,EMP00077,USR0138,0,0,0,0,1,0,1,Senior Manager,0,1,1,Low,2026-03,0,Invalid Posting Date
TX0045764,2026-02-04,A003,Marketing,V0090,Invoice,667.57,Direct Debit,EUR,Approved,2026-02-06,INV00037692,EMP00071,USR0128,0,0,0,0,0,1,0,Department Manager,0,1,1,Low,2026-02,0,Duplicate Invoice
TX0045768,2025-09-16,A074,Marketing,V0458,Invoice,1820.48,Direct Debit,USD,Approved,2025-09-12,INV00045768,EMP00070,USR0036,0,0,0,0,1,0,0,Senior Manager,0,1,1,Low,2025-09,0,Invalid Posting Date
TX0045786,2026-03-01,A010,Procurement,V0183,Journal Entry,208.77,Card,GBP,Approved,2026-03-03,INV00081996,EMP00033,USR0113,0,0,0,0,0,1,0,Department Manager,0,1,1,Low,2026-03,0,Duplicate Invoice
TX0045792,2025-08-20,A012,Marketing,V0419,Invoice,1469.38,Cheque,GBP,Pending,2025-08-21,INV00045792,,USR0088,0,1,0,0,0,0,0,Senior Manager,1,2,1,Medium,2025-08,0,Missing Approval
TX0045795,2025-08-10,A047,Operations,V0017,Expense,1459.74,Cheque,GBP,Approved,2025-08-12,INV00045795,EMP00041,USR0066,0,0,0,0,0,1,0,Senior Manager,0,1,1,Low,2025-08,0,Duplicate Invoice
TX0045839,2025-09-20,A063,Operations,V0127,Invoice,5785.75,Card,GBP,Pending,2025-09-26,INV00008312,EMP00183,USR0142,0,0,0,0,0,1,0,Senior Manager,0,1,1,Low,2025-09,0,Duplicate Invoice
TX0045918,2026-03-31,A070,Finance,V0496,Invoice,6235.21,Card,USD,Rejected,2026-04-03,INV00045918,EMP00050,USR0054,0,0,0,0,0,1,1,Senior Manager,0,1,1,Low,2026-03,1,Duplicate Invoice
TX0045939,2025-11-26,A010,IT,,Payment,4626.5,Direct Debit,EUR,Approved,2025-11-28,INV00045939,EMP00245,USR0064,1,0,0,0,0,0,0,Senior Manager,0,1,1,Low,2025-11,0,Missing Vendor
TX0045949,2025-10-18,A002,Marketing,V0071,Payment,842.6,Direct Debit,GBP,Rejected,2025-10-18,INV00045949,EMP00406,USR0055,0,0,0,0,0,1,0,Department Manager,0,1,1,Low,2025-10,0,Duplicate Invoice
TX0045971,2026-03-28,A002,Procurement,V0031,Invoice,1881.85,Bank Transfer,EUR,Approved,2025-11-29,INV00045971,EMP00099,USR0161,0,0,0,0,1,0,1,Senior Manager,0,1,1,Low,2026-03,0,Invalid Posting Date
TX0045984,2026-03-25,A063,Operations,V0013,Payment,444.92,Direct Debit,EUR,Approved,2026-03-31,INV00006749,EMP00316,USR0029,0,0,0,0,0,1,0,Department Manager,0,1,1,Low,2026-03,0,Duplicate Invoice
TX0045995,2025-05-06,A048,Operations,V0071,Invoice,1033.36,Card,GBP,Approved,2025-05-05,INV00045995,EMP00039,USR0191,0,0,0,0,1,0,0,Senior Manager,0,1,1,Low,2025-05,0,Invalid Posting Date
TX0045997,2026-02-02,A073,Operations,V0429,Expense,2926.8,Direct Debit,USD,Approved,2026-02-05,INV00054795,EMP00166,USR0081,0,0,0,0,0,1,0,Senior Manager,0,1,1,Low,2026-02,0,Duplicate Invoice
TX0046036,2026-01-19,A012,Operations,V0470,Invoice,350.7,Cheque,EUR,Pending,2026-01-15,INV00046036,EMP00082,USR0184,0,0,0,0,1,0,0,Department Manager,0,1,1,Low,2026-01,0,Invalid Posting Date
TX0046061,2026-01-06,A061,Procurement,V0454,Payment,4137.71,Direct Debit,GBP,Approved,2026-01-07,INV00046061,,USR0008,0,1,0,0,0,0,0,Senior Manager,1,2,1,Medium,2026-01,0,Missing Approval
TX0046062,2026-03-29,A052,Sales,V0120,Invoice,12592.84,Direct Debit,EUR,Approved,2025-07-04,INV00046062,EMP00229,USR0107,0,0,0,0,1,0,1,Finance Director,0,1,1,Medium,2026-03,1,Invalid Posting Date
TX0046108,2025-10-10,A064,Operations,V0211,Invoice,785.73,Direct Debit,EUR,Approved,2025-10-07,INV00046108,EMP00374,USR0061,0,0,0,0,1,0,0,Department Manager,0,1,1,Low,2025-10,0,Invalid Posting Date
TX0046121,2025-07-07,A048,Operations,,Invoice,756.49,Direct Debit,GBP,Rejected,2025-07-11,INV00046121,EMP00183,USR0097,1,0,0,0,0,1,0,Department Manager,0,2,1,Medium,2025-07,0,Duplicate Invoice
TX0046123,2025-07-27,A059,Finance,V0304,Expense,823.38,Card,EUR,Approved,2025-08-02,INV00046123,EMP00354,USR0194,0,0,0,0,0,1,1,Department Manager,0,1,1,Low,2025-07,0,Duplicate Invoice
TX0046143,2025-06-29,A060,Sales,V0394,Invoice,-266.26,Direct Debit,GBP,Pending,2025-07-04,INV00046143,EMP00206,USR0159,0,0,0,1,0,0,1,Department Manager,0,1,1,Low,2025-06,0,Invalid Amount
TX0046155,2025-07-20,A014,Operations,V0206,Invoice,128.11,Bank Transfer,GBP,Pending,2025-07-22,INV00030713,EMP00316,USR0170,0,0,0,0,0,1,0,Department Manager,0,1,1,Low,2025-07,0,Duplicate Invoice
TX0046167,2026-03-14,A018,Sales,V0217,Invoice,947.6,Card,GBP,Approved,2026-03-18,INV00046167,,USR0059,0,1,0,0,0,0,0,Department Manager,0,1,1,Low,2026-03,0,No Exception
TX0046200,2026-03-29,A032,Operations,V0186,Invoice,103.79,Bank Transfer,GBP,Rejected,2026-01-27,INV00046200,EMP00191,USR0110,0,0,0,0,1,0,1,Department Manager,0,1,1,Low,2026-03,0,Invalid Posting Date
TX0046206,2026-03-29,A023,Marketing,V0441,Invoice,1362.56,Card,GBP,Pending,2025-06-11,INV00046206,EMP00400,USR0031,0,0,0,0,1,0,1,Senior Manager,0,1,1,Low,2026-03,0,Invalid Posting Date
TX0046213,2025-12-17,A056,IT,V0441,Payment,442.27,Card,GBP,Approved,2025-12-21,INV00046213,,USR0122,0,1,0,0,0,0,0,Department Manager,0,1,1,Low,2025-12,0,No Exception
TX0046247,2025-11-28,A006,Sales,V0470,Journal Entry,3964.97,Bank Transfer,GBP,Pending,2025-12-05,INV00020425,EMP00094,USR0158,0,0,0,0,0,1,1,Senior Manager,0,1,1,Low,2025-11,0,Duplicate Invoice
TX0046293,2025-08-03,A015,Operations,V0463,Payment,422.45,Cheque,GBP,Approved,2025-08-03,INV00046293,,USR0062,0,1,0,0,0,0,0,Department Manager,0,1,1,Low,2025-08,0,No Exception
TX0046298,2026-03-27,A046,Operations,V0172,Invoice,1691.48,Bank Transfer,EUR,Rejected,2026-03-10,INV00046298,EMP00322,USR0184,0,0,0,0,1,0,1,Senior Manager,0,1,1,Low,2026-03,0,Invalid Posting Date
TX0046326,2026-03-28,A077,Operations,V0387,Expense,497.21,Cheque,EUR,Pending,2025-08-22,INV00046326,EMP00112,USR0067,0,0,0,0,1,0,1,Department Manager,0,1,1,Low,2026-03,0,Invalid Posting Date
TX0046360,2026-03-27,A054,HR,V0239,Invoice,67.89,Cheque,GBP,Approved,2025-10-13,INV00046360,EMP00268,USR0116,0,0,0,0,1,0,1,Department Manager,0,1,1,Low,2026-03,0,Invalid Posting Date
TX0046363,2025-04-10,A032,Sales,V0257,Journal Entry,784.73,Direct Debit,EUR,Approved,2025-04-13,INV00055043,EMP00187,USR0006,0,0,0,0,0,1,0,Department Manager,0,1,1,Low,2025-04,0,Duplicate Invoice
TX0046369,2025-06-20,A037,Operations,V0230,Credit Note,809.72,Cheque,GBP,Pending,2025-06-26,INV00046369,EMP00447,USR0130,0,0,0,0,0,1,0,Department Manager,0,1,1,Low,2025-06,0,Duplicate Invoice
TX0046424,2025-07-26,A060,Finance,V0210,Invoice,1295.63,Cheque,USD,Pending,2025-07-29,INV00046424,,USR0123,0,1,0,0,0,0,0,Senior Manager,1,2,1,Medium,2025-07,0,Missing Approval
TX0046427,2026-03-29,A056,HR,V0325,Expense,726.69,Bank Transfer,GBP,Rejected,2026-03-12,INV00046427,EMP00223,USR0089,0,0,0,0,1,0,1,Department Manager,0,1,1,Low,2026-03,0,Invalid Posting Date
TX0046446,2025-10-26,A009,HR,V0258,Payment,134.52,Card,GBP,Pending,2025-10-29,INV00046446,,USR0138,0,1,0,0,0,0,0,Department Manager,0,1,1,Low,2025-10,0,No Exception
TX0046500,2025-06-18,A040,IT,V0325,Expense,2730.9,Bank Transfer,EUR,Pending,2025-06-18,INV00046500,EMP00145,USR0106,0,0,0,0,0,1,0,Senior Manager,0,1,1,Low,2025-06,0,Duplicate Invoice
TX0046525,2026-03-27,A014,Finance,V0029,Journal Entry,304.73,Cheque,EUR,Rejected,2025-08-25,INV00046525,EMP00411,USR0175,0,0,0,0,1,0,1,Department Manager,0,1,1,Low,2026-03,0,Invalid Posting Date
TX0046557,2025-11-10,A069,IT,V0358,Payment,2361.34,Card,GBP,Approved,2025-11-10,INV00046557,,USR0173,0,1,0,0,0,0,0,Senior Manager,1,2,1,Medium,2025-11,0,Missing Approval
TX0046560,2025-06-08,A067,Marketing,,Invoice,898.38,Card,USD,Pending,2025-06-12,INV00046560,EMP00253,USR0137,1,0,0,0,0,0,0,Department Manager,0,1,1,Low,2025-06,0,Missing Vendor
TX0046565,2026-03-28,A055,IT,V0066,Expense,273.2,Cheque,GBP,Approved,2025-12-22,INV00046565,EMP00476,USR0057,0,0,0,0,1,0,1,Department Manager,0,1,1,Low,2026-03,0,Invalid Posting Date
TX0046578,2025-05-30,A044,Finance,V0181,Credit Note,-2669.92,Card,GBP,Pending,2025-05-31,INV00046578,EMP00340,USR0044,0,0,0,1,0,0,1,Senior Manager,0,1,1,Low,2025-05,0,Invalid Amount
TX0046602,2026-03-31,A057,HR,V0306,Invoice,2088.04,Direct Debit,EUR,Rejected,2025-04-23,INV00046602,EMP00327,USR0142,0,0,0,0,1,0,1,Senior Manager,0,1,1,Low,2026-03,0,Invalid Posting Date
TX0046678,2025-11-11,A079,IT,V0091,Invoice,1454.19,Bank Transfer,GBP,Rejected,2025-11-12,INV00046678,EMP00018,USR0199,0,0,0,0,0,1,0,Senior Manager,0,1,1,Low,2025-11,0,Duplicate Invoice
TX0046693,2025-09-13,A033,Finance,V0157,Payment,4069.43,Card,GBP,Approved,2025-09-14,INV00069103,EMP00411,USR0062,0,0,0,0,0,1,0,Senior Manager,0,1,1,Low,2025-09,0,Duplicate Invoice
TX0046717,2026-02-18,A030,Operations,V0442,Payment,1516.29,Bank Transfer,GBP,Approved,2026-02-25,INV00064484,EMP00099,USR0022,0,0,0,0,0,1,0,Senior Manager,0,1,1,Low,2026-02,0,Duplicate Invoice
TX0046769,2026-03-27,A079,IT,V0110,Credit Note,3140.18,Direct Debit,GBP,Approved,2025-09-17,INV00046769,EMP00037,USR0134,0,0,0,0,1,0,1,Senior Manager,0,1,1,Low,2026-03,0,Invalid Posting Date
TX0046788,2026-02-17,A023,IT,V0457,Invoice,228.63,Card,EUR,Rejected,2026-02-19,INV00046788,,USR0035,0,1,0,0,0,0,0,Department Manager,0,1,1,Low,2026-02,0,No Exception
TX0046796,2026-03-27,A024,IT,V0100,Invoice,396.31,Card,EUR,Approved,2026-01-23,INV00046796,EMP00121,USR0076,0,0,0,0,1,0,1,Department Manager,0,1,1,Low,2026-03,0,Invalid Posting Date
TX0046802,2025-07-03,A058,Finance,V0005,Payment,4495.11,Bank Transfer,GBP,Rejected,2025-07-07,INV00083595,EMP00454,USR0169,0,0,0,0,0,1,0,Senior Manager,0,1,1,Low,2025-07,0,Duplicate Invoice
TX0046814,2026-03-27,A006,HR,V0487,Invoice,4858.61,Direct Debit,GBP,Approved,2025-06-10,INV00046814,EMP00150,USR0107,0,0,0,0,1,0,1,Senior Manager,0,1,1,Low,2026-03,0,Invalid Posting Date
TX0046817,2026-03-30,A005,Finance,V0289,Invoice,1315.19,Cheque,GBP,Approved,2025-12-02,INV00046817,EMP00482,USR0031,0,0,0,0,1,0,1,Senior Manager,0,1,1,Low,2026-03,0,Invalid Posting Date
TX0046836,2026-02-25,A038,Finance,V0273,Invoice,-614.17,Bank Transfer,GBP,Approved,2026-02-25,INV00046836,EMP00397,USR0118,0,0,0,1,0,0,0,Department Manager,0,1,1,Low,2026-02,0,Invalid Amount
TX0046840,2026-03-10,A068,Sales,V0184,Invoice,976.15,Cheque,GBP,Approved,2026-03-10,INV00046840,,USR0136,0,1,0,0,0,0,0,Department Manager,0,1,1,Low,2026-03,0,No Exception
TX0046939,2025-07-20,,Operations,V0164,Invoice,5090.8,Bank Transfer,GBP,Approved,2025-07-20,INV00046939,EMP00087,USR0180,0,0,1,0,0,0,0,Senior Manager,0,1,1,Low,2025-07,0,Missing Account
TX0047080,2026-03-29,A044,Operations,V0054,Invoice,1561.03,Bank Transfer,USD,Rejected,2025-04-24,INV00047080,EMP00131,USR0048,0,0,0,0,1,0,1,Senior Manager,0,1,1,Low,2026-03,0,Invalid Posting Date
TX0047097,2025-06-08,A056,Sales,,Expense,1297.84,Cheque,USD,Approved,2025-06-15,INV00047097,EMP00320,USR0163,1,0,0,0,0,0,0,Senior Manager,0,1,1,Low,2025-06,0,Missing Vendor
TX0047098,2025-06-21,A064,Marketing,,Invoice,152.29,Cheque,GBP,Approved,2025-06-24,INV00047098,EMP00443,USR0192,1,0,0,0,0,0,0,Department Manager,0,1,1,Low,2025-06,0,Missing Vendor
TX0047105,2026-03-28,A019,Procurement,V0189,Expense,3717.78,Card,GBP,Approved,2025-07-15,INV00047105,EMP00035,USR0146,0,0,0,0,1,0,1,Senior Manager,0,1,1,Low,2026-03,0,Invalid Posting Date
TX0047109,2026-03-30,A023,Operations,V0080,Invoice,2672.18,Bank Transfer,GBP,Approved,2025-06-28,INV00047109,EMP00123,USR0132,0,0,0,0,1,0,1,Senior Manager,0,1,1,Low,2026-03,0,Invalid Posting Date
TX0047140,2026-01-09,A003,HR,V0380,Invoice,122.16,Card,GBP,Approved,2026-01-13,INV00047140,EMP00066,USR0007,0,0,0,0,0,1,0,Department Manager,0,1,1,Low,2026-01,0,Duplicate Invoice
TX0047142,2025-12-17,A049,Procurement,,Invoice,1414.73,Bank Transfer,USD,Approved,2025-12-23,INV00047142,EMP00111,USR0022,1,0,0,0,0,0,0,Senior Manager,0,1,1,Low,2025-12,0,Missing Vendor
TX0047149,2026-03-29,A048,Procurement,V0139,Invoice,5232.33,Cheque,GBP,Approved,2025-07-29,INV00047149,EMP00119,USR0175,0,0,0,0,1,0,1,Senior Manager,0,1,1,Low,2026-03,0,Invalid Posting Date
TX0047185,2026-03-28,A003,Operations,V0094,Invoice,1306.33,Card,GBP,Pending,2026-01-01,INV00047185,EMP00011,USR0083,0,0,0,0,1,0,1,Senior Manager,0,1,1,Low,2026-03,0,Invalid Posting Date
TX0047199,2026-02-20,,Sales,V0337,Credit Note,155.14,Cheque,USD,Approved,2026-02-22,INV00047199,EMP00333,USR0122,0,0,1,0,0,0,0,Department Manager,0,1,1,Low,2026-02,0,Missing Account
TX0047203,2025-12-19,A008,Marketing,,Expense,3280.02,Card,GBP,Approved,2025-12-20,INV00047203,EMP00218,USR0062,1,0,0,0,0,0,0,Senior Manager,0,1,1,Low,2025-12,0,Missing Vendor
TX0047212,2026-03-29,A077,HR,V0243,Payment,1227.95,Cheque,USD,Rejected,2025-12-17,INV00047212,EMP00446,USR0007,0,0,0,0,1,0,1,Senior Manager,0,1,1,Low,2026-03,0,Invalid Posting Date
TX0047271,2026-03-29,A035,Sales,V0339,Invoice,5761.28,Card,GBP,Approved,2025-04-30,INV00047271,EMP00419,USR0079,0,0,0,0,1,0,1,Senior Manager,0,1,1,Low,2026-03,0,Invalid Posting Date
TX0047290,2025-08-25,A033,Sales,V0017,Journal Entry,940.53,Direct Debit,GBP,Rejected,2025-08-27,INV00047290,,USR0101,0,1,0,0,0,0,0,Department Manager,0,1,1,Low,2025-08,0,No Exception
TX0047293,2026-03-31,A029,Operations,V0460,Invoice,1553.43,Direct Debit,GBP,Approved,2025-09-12,INV00030465,EMP00205,USR0134,0,0,0,0,1,0,1,Senior Manager,0,1,1,Low,2026-03,0,Invalid Posting Date
TX0047317,2026-03-27,A078,Finance,V0259,Payment,674.98,Direct Debit,GBP,Approved,2025-07-10,INV00047317,EMP00489,USR0104,0,0,0,0,1,0,1,Department Manager,0,1,1,Low,2026-03,0,Invalid Posting Date
TX0047327,2025-04-05,,Procurement,V0171,Invoice,2633.19,Direct Debit,GBP,Approved,2025-04-12,INV00047327,EMP00413,USR0002,0,0,1,0,0,0,0,Senior Manager,0,1,1,Low,2025-04,0,Missing Account
TX0047333,2026-02-15,A068,HR,V0142,Invoice,2515.92,Direct Debit,EUR,Approved,2026-02-20,INV00037588,EMP00368,USR0101,0,0,0,0,0,1,0,Senior Manager,0,1,1,Low,2026-02,0,Duplicate Invoice
TX0047388,2025-04-27,A004,Finance,V0280,Payment,903.31,Card,EUR,Approved,2025-04-30,INV00047140,EMP00316,USR0044,0,0,0,0,0,1,1,Department Manager,0,1,1,Low,2025-04,0,Duplicate Invoice
TX0047440,2026-03-04,A037,Operations,V0251,Invoice,254.48,Card,USD,Pending,2026-03-06,INV00047440,EMP00037,USR0149,0,0,0,0,0,1,0,Department Manager,0,1,1,Low,2026-03,0,Duplicate Invoice
TX0047443,2026-02-15,A008,HR,V0375,Invoice,1881.01,Bank Transfer,USD,Approved,2026-02-19,INV00047443,,USR0112,0,1,0,0,0,0,0,Senior Manager,1,2,1,Medium,2026-02,0,Missing Approval
TX0047468,2026-03-31,A032,Operations,V0134,Invoice,1376.86,Bank Transfer,USD,Approved,2025-05-15,INV00047468,EMP00039,USR0072,0,0,0,0,1,0,1,Senior Manager,0,1,1,Low,2026-03,0,Invalid Posting Date
TX0047469,2026-01-23,A078,IT,V0063,Invoice,527.53,Direct Debit,EUR,Pending,2026-01-29,INV00047469,,USR0088,0,1,0,0,0,0,0,Department Manager,0,1,1,Low,2026-01,0,No Exception
TX0047494,2025-07-19,A062,Operations,V0416,Invoice,1914.13,Card,EUR,Approved,2025-07-15,INV00047494,EMP00063,USR0152,0,0,0,0,1,0,0,Senior Manager,0,1,1,Low,2025-07,0,Invalid Posting Date
TX0047497,2026-03-30,A006,Marketing,V0284,Journal Entry,7479.29,Bank Transfer,GBP,Rejected,2025-12-06,INV00047497,EMP00019,USR0046,0,0,0,0,1,0,1,Senior Manager,0,1,1,Low,2026-03,1,Invalid Posting Date
TX0047500,2025-06-26,A030,Procurement,V0219,Journal Entry,553.8,Cheque,EUR,Rejected,2025-07-02,INV00047500,,USR0182,0,1,0,0,0,0,0,Department Manager,0,1,1,Low,2025-06,0,No Exception
TX0047508,2026-03-31,A041,Operations,V0189,Expense,2374.2,Card,USD,Rejected,2025-05-06,INV00047508,EMP00438,USR0193,0,0,0,0,1,0,1,Senior Manager,0,1,1,Low,2026-03,0,Invalid Posting Date
TX0047563,2026-03-31,A079,Finance,V0250,Expense,1410.41,Direct Debit,GBP,Approved,2025-04-06,INV00047563,EMP00463,USR0131,0,0,0,0,1,0,1,Senior Manager,0,1,1,Low,2026-03,0,Invalid Posting Date
TX0047581,2025-08-02,A060,Marketing,V0361,Journal Entry,1025.15,Card,USD,Approved,2025-08-06,INV00069606,EMP00299,USR0007,0,0,0,0,0,1,0,Senior Manager,0,1,1,Low,2025-08,0,Duplicate Invoice
TX0047607,2025-08-12,A022,Operations,V0240,Invoice,807.0,Bank Transfer,GBP,Approved,2025-08-17,INV00047607,,USR0089,0,1,0,0,0,0,0,Department Manager,0,1,1,Low,2025-08,0,No Exception
TX0047623,2026-03-14,A061,Finance,V0185,Payment,1640.52,Cheque,GBP,Rejected,2026-03-12,INV00047623,EMP00072,USR0129,0,0,0,0,1,0,0,Senior Manager,0,1,1,Low,2026-03,0,Invalid Posting Date
TX0047685,2026-01-04,A026,Finance,V0026,Invoice,451.89,Card,USD,Approved,2026-01-06,INV00047685,,USR0109,0,1,0,0,0,0,0,Department Manager,0,1,1,Low,2026-01,0,No Exception
TX0047718,2026-03-27,,Marketing,V0270,Journal Entry,2788.61,Direct Debit,GBP,Approved,2025-04-03,INV00047718,EMP00421,USR0008,0,0,1,0,1,0,1,Senior Manager,0,2,1,Medium,2026-03,0,Missing Account
TX0047746,2025-08-30,A074,Sales,V0325,Invoice,524.69,Cheque,EUR,Pending,2025-09-03,INV00047746,EMP00374,USR0125,0,0,0,0,0,1,1,Department Manager,0,1,1,Low,2025-08,0,Duplicate Invoice
TX0047771,2026-03-27,A076,Operations,V0168,Invoice,2432.82,Card,GBP,Approved,2025-11-04,INV00083007,EMP00186,USR0100,0,0,0,0,1,1,1,Senior Manager,0,2,1,Medium,2026-03,0,Duplicate Invoice
TX0047794,2025-11-23,A025,IT,V0081,Invoice,-2255.86,Card,GBP,Pending,2025-11-27,INV00047794,EMP00480,USR0018,0,0,0,1,0,0,0,Senior Manager,0,1,1,Low,2025-11,0,Invalid Amount
TX0047798,2025-11-26,A070,IT,V0270,Invoice,-1741.64,Cheque,GBP,Pending,2025-12-03,INV00047798,EMP00044,USR0095,0,0,0,1,0,0,0,Senior Manager,0,1,1,Low,2025-11,0,Invalid Amount
TX0047806,2026-03-31,A017,Operations,V0235,Expense,1197.85,Card,USD,Rejected,2025-12-12,INV00047806,EMP00337,USR0184,0,0,0,0,1,0,1,Senior Manager,0,1,1,Low,2026-03,0,Invalid Posting Date
TX0047813,2025-10-29,A004,Finance,V0424,Invoice,-299.88,Cheque,EUR,Approved,2025-11-01,INV00047813,EMP00368,USR0046,0,0,0,1,0,0,1,Department Manager,0,1,1,Low,2025-10,0,Invalid Amount
TX0047827,2025-04-28,A063,Operations,V0196,Credit Note,2325.41,Card,GBP,Pending,2025-05-01,INV00056338,EMP00410,USR0196,0,0,0,0,0,1,1,Senior Manager,0,1,1,Low,2025-04,0,Duplicate Invoice
TX0047837,2025-11-25,A034,IT,V0301,Invoice,8671.63,Bank Transfer,GBP,Pending,2025-12-02,INV00072762,EMP00476,USR0160,0,0,0,0,0,1,0,Senior Manager,0,1,1,Low,2025-11,1,Duplicate Invoice
TX0047911,2025-10-19,A066,HR,,Invoice,2120.69,Card,GBP,Rejected,2025-10-26,INV00047911,EMP00009,USR0153,1,0,0,0,0,0,0,Senior Manager,0,1,1,Low,2025-10,0,Missing Vendor
TX0047948,2026-03-30,A078,IT,V0325,Expense,1472.97,Bank Transfer,GBP,Rejected,2025-04-05,INV00047948,EMP00286,USR0062,0,0,0,0,1,0,1,Senior Manager,0,1,1,Low,2026-03,0,Invalid Posting Date
TX0047958,2025-07-17,A025,Sales,V0139,Invoice,943.82,Card,GBP,Approved,2025-07-17,INV00030410,EMP00098,USR0024,0,0,0,0,0,1,0,Department Manager,0,1,1,Low,2025-07,0,Duplicate Invoice
TX0047992,2025-09-12,A021,Procurement,V0066,Payment,1178.05,Card,GBP,Approved,2025-09-08,INV00047992,EMP00168,USR0003,0,0,0,0,1,0,0,Senior Manager,0,1,1,Low,2025-09,0,Invalid Posting Date
TX0047995,2026-03-03,A028,IT,V0460,Payment,217.83,Direct Debit,GBP,Approved,2026-03-08,INV00040942,EMP00165,USR0008,0,0,0,0,0,1,0,Department Manager,0,1,1,Low,2026-03,0,Duplicate Invoice
TX0048007,2026-03-23,A028,Sales,V0053,Invoice,893.55,Direct Debit,USD,Approved,2026-03-30,INV00037038,EMP00215,USR0182,0,0,0,0,0,1,0,Department Manager,0,1,1,Low,2026-03,0,Duplicate Invoice
TX0048021,2026-02-16,A002,Procurement,,Invoice,618.33,Bank Transfer,GBP,Approved,2026-02-16,INV00048021,EMP00023,USR0047,1,0,0,0,0,0,0,Department Manager,0,1,1,Low,2026-02,0,Missing Vendor
TX0048036,2026-03-22,A006,Procurement,V0220,Payment,581.48,Cheque,EUR,Pending,2026-03-27,INV00083143,EMP00057,USR0172,0,0,0,0,0,1,0,Department Manager,0,1,1,Low,2026-03,0,Duplicate Invoice
TX0048045,2025-12-23,A056,Operations,V0242,Journal Entry,1316.05,Cheque,GBP,Approved,2025-12-27,INV00048045,,USR0074,0,1,0,0,0,0,0,Senior Manager,1,2,1,Medium,2025-12,0,Missing Approval
TX0048056,2025-11-29,A022,Procurement,V0253,Payment,2113.99,Card,USD,Pending,2025-11-28,INV00048056,EMP00047,USR0126,0,0,0,0,1,0,1,Senior Manager,0,1,1,Low,2025-11,0,Invalid Posting Date
TX0048079,2026-03-30,A018,Finance,V0371,Credit Note,12712.02,Card,GBP,Approved,2026-03-30,INV00048079,EMP00011,USR0155,0,0,0,0,0,1,1,Finance Director,0,1,1,Medium,2026-03,1,Duplicate Invoice
TX0048175,2026-03-30,A047,Operations,V0062,Invoice,14715.35,Direct Debit,USD,Rejected,2025-07-21,INV00048175,EMP00256,USR0097,0,0,0,0,1,0,1,Finance Director,0,1,1,Medium,2026-03,1,Invalid Posting Date
TX0048179,2026-03-30,A005,Procurement,V0161,Payment,695.28,Cheque,GBP,Approved,2026-02-13,INV00048179,EMP00006,USR0065,0,0,0,0,1,0,1,Department Manager,0,1,1,Low,2026-03,0,Invalid Posting Date
TX0048196,2025-06-07,A073,Operations,V0247,Credit Note,3943.8,Card,EUR,Pending,2025-06-04,INV00048196,EMP00422,USR0032,0,0,0,0,1,0,0,Senior Manager,0,1,1,Low,2025-06,0,Invalid Posting Date
TX0048233,2026-03-28,A070,Sales,V0153,Expense,536.91,Bank Transfer,GBP,Approved,2025-09-03,INV00048233,EMP00287,USR0167,0,0,0,0,1,0,1,Department Manager,0,1,1,Low,2026-03,0,Invalid Posting Date
TX0048249,2026-02-06,A042,IT,V0429,Credit Note,180.76,Card,GBP,Approved,2026-02-10,INV00048249,,USR0185,0,1,0,0,0,0,0,Department Manager,0,1,1,Low,2026-02,0,No Exception
TX0048276,2025-04-10,A064,Operations,V0200,Payment,140.81,Cheque,EUR,Approved,2025-04-10,INV00027702,EMP00265,USR0157,0,0,0,0,0,1,0,Department Manager,0,1,1,Low,2025-04,0,Duplicate Invoice
TX0048281,2026-03-31,A034,Sales,V0404,Invoice,9251.65,Card,GBP,Approved,2025-12-31,INV00048281,EMP00370,USR0031,0,0,0,0,1,0,1,Senior Manager,0,1,1,Low,2026-03,1,Invalid Posting Date
TX0048284,2025-07-15,A058,Procurement,V0454,Invoice,1788.42,Bank Transfer,GBP,Approved,2025-07-12,INV00048284,EMP00049,USR0041,0,0,0,0,1,0,0,Senior Manager,0,1,1,Low,2025-07,0,Invalid Posting Date
TX0048313,2026-02-18,A045,Operations,V0051,Journal Entry,155.51,Direct Debit,USD,Rejected,2026-02-23,INV00048313,,USR0060,0,1,0,0,0,0,0,Department Manager,0,1,1,Low,2026-02,0,No Exception
TX0048327,2026-02-20,A067,Finance,V0380,Invoice,687.15,Cheque,GBP,Approved,2026-02-27,INV00041047,EMP00495,USR0142,0,0,0,0,0,1,0,Department Manager,0,1,1,Low,2026-02,0,Duplicate Invoice
TX0048394,2025-07-14,A017,Operations,,Invoice,276.09,Cheque,USD,Rejected,2025-07-14,INV00048394,EMP00014,USR0105,1,0,0,0,0,0,0,Department Manager,0,1,1,Low,2025-07,0,Missing Vendor
TX0048397,2025-07-22,A071,Procurement,V0150,Credit Note,2549.08,Card,GBP,Approved,2025-07-25,INV00077730,EMP00275,USR0052,0,0,0,0,0,1,0,Senior Manager,0,1,1,Low,2025-07,0,Duplicate Invoice
TX0048430,2025-08-25,A047,Operations,,Payment,1239.72,Direct Debit,GBP,Approved,2025-08-31,INV00048430,EMP00490,USR0165,1,0,0,0,0,0,0,Senior Manager,0,1,1,Low,2025-08,0,Missing Vendor
TX0048444,2026-01-19,A001,IT,,Invoice,1340.67,Direct Debit,GBP,Pending,2026-01-26,INV00048444,EMP00314,USR0105,1,0,0,0,0,0,0,Senior Manager,0,1,1,Low,2026-01,0,Missing Vendor
TX0048460,2025-08-16,A069,IT,V0282,Expense,1561.29,Cheque,GBP,Pending,2025-08-21,INV00048460,EMP00366,USR0161,0,0,0,0,0,1,0,Senior Manager,0,1,1,Low,2025-08,0,Duplicate Invoice
TX0048466,2026-03-30,A041,Operations,V0088,Expense,120.8,Bank Transfer,EUR,Approved,2025-08-19,INV00048466,EMP00083,USR0060,0,0,0,0,1,0,1,Department Manager,0,1,1,Low,2026-03,0,Invalid Posting Date
TX0048515,2026-03-30,A030,Operations,V0171,Invoice,362.35,Bank Transfer,EUR,Approved,2026-02-28,INV00048515,EMP00017,USR0006,0,0,0,0,1,0,1,Department Manager,0,1,1,Low,2026-03,0,Invalid Posting Date
TX0048533,2026-02-13,A036,Sales,V0024,Expense,465.01,Bank Transfer,GBP,Approved,2026-02-16,INV00048533,,USR0083,0,1,0,0,0,0,0,Department Manager,0,1,1,Low,2026-02,0,No Exception
TX0048588,2025-12-09,A018,Operations,V0341,Invoice,3920.73,Cheque,GBP,Approved,2025-12-10,INV00048588,EMP00210,USR0116,0,0,0,0,0,1,0,Senior Manager,0,1,1,Low,2025-12,0,Duplicate Invoice
TX0048620,2026-03-30,A016,IT,V0005,Expense,144.1,Direct Debit,GBP,Pending,2025-10-14,INV00048620,EMP00267,USR0133,0,0,0,0,1,0,1,Department Manager,0,1,1,Low,2026-03,0,Invalid Posting Date
TX0048624,2026-01-03,A075,Finance,,Invoice,8248.41,Cheque,EUR,Approved,2026-01-05,INV00048624,EMP00229,USR0153,1,0,0,0,0,0,0,Senior Manager,0,1,1,Low,2026-01,1,Missing Vendor
TX0048656,2025-07-21,A026,IT,V0331,Invoice,686.84,Direct Debit,GBP,Rejected,2025-07-20,INV00048656,EMP00104,USR0139,0,0,0,0,1,0,0,Department Manager,0,1,1,Low,2025-07,0,Invalid Posting Date
TX0048705,2026-03-30,A056,Sales,V0273,Invoice,398.31,Bank Transfer,USD,Approved,2026-01-26,INV00048705,EMP00261,USR0064,0,0,0,0,1,0,1,Department Manager,0,1,1,Low,2026-03,0,Invalid Posting Date
TX0048721,2025-11-14,A033,Procurement,V0177,Payment,1211.76,Card,USD,Approved,2025-11-16,INV00082586,EMP00296,USR0200,0,0,0,0,0,1,0,Senior Manager,0,1,1,Low,2025-11,0,Duplicate Invoice
TX0048745,2026-01-18,A008,HR,V0081,Invoice,448.43,Bank Transfer,GBP,Approved,2026-01-24,INV00001333,EMP00376,USR0077,0,0,0,0,0,1,0,Department Manager,0,1,1,Low,2026-01,0,Duplicate Invoice
TX0048756,2025-07-22,A073,Operations,V0128,Invoice,469.86,Bank Transfer,USD,Approved,2025-07-25,INV00048756,,USR0152,0,1,0,0,0,0,0,Department Manager,0,1,1,Low,2025-07,0,No Exception
TX0048760,2026-03-07,A058,IT,V0453,Invoice,397.87,Card,GBP,Rejected,2026-03-12,INV00048760,,USR0159,0,1,0,0,0,0,0,Department Manager,0,1,1,Low,2026-03,0,No Exception
TX0048791,2026-03-27,A055,Finance,V0238,Invoice,1919.16,Cheque,GBP,Approved,2025-11-20,INV00048791,EMP00051,USR0012,0,0,0,0,1,0,1,Senior Manager,0,1,1,Low,2026-03,0,Invalid Posting Date
TX0048816,2026-03-01,A050,Finance,,Invoice,830.79,Cheque,GBP,Approved,2026-03-04,INV00048816,EMP00259,USR0069,1,0,0,0,0,0,0,Department Manager,0,1,1,Low,2026-03,0,Missing Vendor
TX0048833,2026-03-27,A055,Operations,V0087,Payment,355.89,Card,GBP,Approved,2026-01-31,INV00048833,EMP00468,USR0128,0,0,0,0,1,0,1,Department Manager,0,1,1,Low,2026-03,0,Invalid Posting Date
TX0048835,2025-04-11,A027,IT,,Invoice,192.4,Direct Debit,GBP,Rejected,2025-04-14,INV00048835,EMP00248,USR0077,1,0,0,0,0,0,0,Department Manager,0,1,1,Low,2025-04,0,Missing Vendor
TX0048903,2026-03-30,A062,Marketing,V0071,Credit Note,542.81,Card,GBP,Approved,2025-06-06,INV00048903,EMP00499,USR0022,0,0,0,0,1,0,1,Department Manager,0,1,1,Low,2026-03,0,Invalid Posting Date
TX0048932,2025-05-12,A068,Procurement,V0475,Journal Entry,2767.78,Card,EUR,Approved,2025-05-16,INV00063486,EMP00248,USR0014,0,0,0,0,0,1,0,Senior Manager,0,1,1,Low,2025-05,0,Duplicate Invoice
TX0048952,2025-12-16,A061,Marketing,V0378,Invoice,1480.41,Bank Transfer,GBP,Approved,2025-12-16,INV00015781,EMP00358,USR0027,0,0,0,0,0,1,0,Senior Manager,0,1,1,Low,2025-12,0,Duplicate Invoice
TX0048966,2026-03-29,A047,Sales,V0384,Credit Note,3084.81,Card,EUR,Pending,2026-02-26,INV00048966,EMP00196,USR0031,0,0,0,0,1,0,1,Senior Manager,0,1,1,Low,2026-03,0,Invalid Posting Date
TX0048996,2026-03-30,A044,Sales,V0107,Credit Note,843.42,Bank Transfer,GBP,Pending,2025-05-21,INV00048996,EMP00444,USR0011,0,0,0,0,1,0,1,Department Manager,0,1,1,Low,2026-03,0,Invalid Posting Date
TX0049010,2026-02-10,A047,Sales,V0262,Credit Note,1761.01,Card,EUR,Pending,2026-02-06,INV00049010,EMP00245,USR0184,0,0,0,0,1,0,0,Senior Manager,0,1,1,Low,2026-02,0,Invalid Posting Date
TX0049025,2026-03-29,A061,IT,V0133,Invoice,88.22,Card,USD,Pending,2025-06-27,INV00049025,EMP00355,USR0133,0,0,0,0,1,0,1,Department Manager,0,1,1,Low,2026-03,0,Invalid Posting Date
TX0049050,2025-12-07,A061,IT,V0145,Invoice,6331.35,Card,GBP,Rejected,2025-12-11,INV00000574,EMP00296,USR0056,0,0,0,0,0,1,0,Senior Manager,0,1,1,Low,2025-12,1,Duplicate Invoice
TX0049073,2025-10-14,A069,Operations,,Expense,516.99,Cheque,GBP,Rejected,2025-10-17,INV00049073,EMP00154,USR0189,1,0,0,0,0,0,0,Department Manager,0,1,1,Low,2025-10,0,Missing Vendor
TX0049086,2026-02-02,A075,Finance,V0188,Invoice,1846.52,Card,GBP,Approved,2026-01-30,INV00049086,EMP00205,USR0018,0,0,0,0,1,0,0,Senior Manager,0,1,1,Low,2026-02,0,Invalid Posting Date
TX0049100,2025-08-25,A028,Operations,V0276,Journal Entry,8438.01,Cheque,GBP,Approved,2025-08-28,INV00097796,EMP00297,USR0151,0,0,0,0,0,1,0,Senior Manager,0,1,1,Low,2025-08,1,Duplicate Invoice
TX0049113,2025-04-26,A046,Procurement,V0273,Invoice,277.19,Cheque,GBP,Approved,2025-04-22,INV00049113,EMP00123,USR0167,0,0,0,0,1,0,0,Department Manager,0,1,1,Low,2025-04,0,Invalid Posting Date
TX0049123,2025-06-05,A048,Procurement,V0199,Payment,203.13,Bank Transfer,GBP,Approved,2025-06-05,INV00037109,EMP00123,USR0176,0,0,0,0,0,1,0,Department Manager,0,1,1,Low,2025-06,0,Duplicate Invoice
TX0049144,2026-02-21,A001,Sales,V0401,Payment,2320.08,Cheque,USD,Rejected,2026-02-27,INV00022515,EMP00237,USR0055,0,0,0,0,0,1,0,Senior Manager,0,1,1,Low,2026-02,0,Duplicate Invoice
TX0049149,2026-01-15,A005,Procurement,V0449,Journal Entry,3678.56,Card,USD,Approved,2026-01-20,INV00049149,EMP00098,USR0152,0,0,0,0,0,1,0,Senior Manager,0,1,1,Low,2026-01,0,Duplicate Invoice
TX0049166,2026-03-31,A046,Finance,V0371,Invoice,1679.26,Bank Transfer,USD,Rejected,2026-02-15,INV00049166,EMP00313,USR0159,0,0,0,0,1,0,1,Senior Manager,0,1,1,Low,2026-03,0,Invalid Posting Date
TX0049183,2026-01-08,A026,Operations,V0246,Expense,1515.88,Cheque,GBP,Pending,2026-01-10,INV00049183,EMP00226,USR0083,0,0,0,0,0,1,0,Senior Manager,0,1,1,Low,2026-01,0,Duplicate Invoice
TX0049185,2025-05-02,,Marketing,V0278,Payment,336.92,Direct Debit,GBP,Approved,2025-05-09,INV00049185,EMP00370,USR0134,0,0,1,0,0,0,0,Department Manager,0,1,1,Low,2025-05,0,Missing Account
TX0049188,2025-09-14,A068,Procurement,V0021,Journal Entry,2017.66,Cheque,GBP,Approved,2025-09-21,INV00049188,EMP00465,USR0162,0,0,0,0,0,1,0,Senior Manager,0,1,1,Low,2025-09,0,Duplicate Invoice
TX0049233,2026-03-29,A033,IT,V0006,Payment,1427.85,Cheque,USD,Approved,2025-08-09,INV00049233,EMP00144,USR0115,0,0,0,0,1,0,1,Senior Manager,0,1,1,Low,2026-03,0,Invalid Posting Date
TX0049269,2026-01-21,A014,Finance,,Expense,1464.22,Cheque,GBP,Approved,2026-01-22,INV00049269,EMP00422,USR0039,1,0,0,0,0,0,0,Senior Manager,0,1,1,Low,2026-01,0,Missing Vendor
TX0049326,2026-02-10,A079,Sales,,Expense,281.56,Direct Debit,GBP,Rejected,2026-02-14,INV00049326,EMP00013,USR0063,1,0,0,0,0,0,0,Department Manager,0,1,1,Low,2026-02,0,Missing Vendor
TX0049332,2025-04-21,A047,HR,V0062,Expense,556.99,Card,EUR,Approved,2025-04-21,INV00049332,,USR0089,0,1,0,0,0,0,0,Department Manager,0,1,1,Low,2025-04,0,No Exception
TX0049354,2025-09-08,A067,IT,V0338,Invoice,1121.98,Card,GBP,Approved,2025-09-11,INV00049964,EMP00191,USR0045,0,0,0,0,0,1,0,Senior Manager,0,1,1,Low,2025-09,0,Duplicate Invoice
TX0049355,2026-03-31,A058,Finance,V0180,Expense,1119.73,Card,EUR,Approved,2025-04-13,INV00049355,EMP00240,USR0101,0,0,0,0,1,0,1,Senior Manager,0,1,1,Low,2026-03,0,Invalid Posting Date
TX0049369,2025-10-21,A054,Finance,V0129,Invoice,2384.93,Bank Transfer,USD,Approved,2025-10-24,INV00049369,EMP00232,USR0024,0,0,0,0,0,1,0,Senior Manager,0,1,1,Low,2025-10,0,Duplicate Invoice
TX0049375,2026-02-19,A029,Procurement,V0298,Invoice,4983.04,Direct Debit,GBP,Approved,2026-02-24,INV00049375,,USR0116,0,1,0,0,0,0,0,Senior Manager,1,2,1,Medium,2026-02,0,Missing Approval
TX0049385,2025-07-19,A058,Finance,V0295,Expense,716.27,Cheque,EUR,Approved,2025-07-19,INV00049385,,USR0057,0,1,0,0,0,0,0,Department Manager,0,1,1,Low,2025-07,0,No Exception
TX0049438,2026-03-27,A080,Sales,V0084,Invoice,67108.36,Cheque,GBP,Approved,2025-07-18,INV00049438,EMP00487,USR0128,0,0,0,0,1,0,1,Finance Director,0,1,1,High,2026-03,1,Invalid Posting Date
TX0049486,2026-03-28,A079,Marketing,V0090,Journal Entry,1824.89,Cheque,GBP,Rejected,2025-10-22,INV00049486,EMP00112,USR0184,0,0,0,0,1,0,1,Senior Manager,0,1,1,Low,2026-03,0,Invalid Posting Date
TX0049492,2025-04-22,A031,Sales,V0038,Invoice,695.61,Direct Debit,USD,Approved,2025-04-23,INV00049492,,USR0081,0,1,0,0,0,0,0,Department Manager,0,1,1,Low,2025-04,0,No Exception
TX0049499,2026-03-27,A018,Procurement,V0011,Invoice,1168.26,Cheque,GBP,Approved,2025-05-25,INV00049499,EMP00034,USR0061,0,0,0,0,1,0,1,Senior Manager,0,1,1,Low,2026-03,0,Invalid Posting Date
TX0049531,2026-03-27,A017,HR,V0413,Invoice,442.06,Card,GBP,Approved,2025-11-26,INV00049531,EMP00225,USR0155,0,0,0,0,1,0,1,Department Manager,0,1,1,Low,2026-03,0,Invalid Posting Date
TX0049540,2025-05-21,A056,Marketing,V0215,Invoice,1178.95,Card,GBP,Approved,2025-05-24,INV00049540,,USR0030,0,1,0,0,0,0,0,Senior Manager,1,2,1,Medium,2025-05,0,Missing Approval
TX0049548,2025-11-09,A017,IT,V0302,Payment,182.45,Cheque,USD,Rejected,2025-11-14,INV00049548,,USR0043,0,1,0,0,0,0,0,Department Manager,0,1,1,Low,2025-11,0,No Exception
TX0049554,2025-10-26,A069,Sales,V0218,Invoice,-754.59,Card,GBP,Pending,2025-11-02,INV00049554,EMP00318,USR0190,0,0,0,1,0,0,0,Department Manager,0,1,1,Low,2025-10,0,Invalid Amount
TX0049572,2026-03-27,A035,Sales,V0033,Invoice,326.08,Cheque,USD,Approved,2025-11-12,INV00049572,EMP00258,USR0129,0,0,0,0,1,0,1,Department Manager,0,1,1,Low,2026-03,0,Invalid Posting Date
TX0049577,2026-03-27,A047,Operations,V0116,Expense,546.34,Bank Transfer,USD,Approved,2026-01-01,INV00049577,EMP00295,USR0051,0,0,0,0,1,0,1,Department Manager,0,1,1,Low,2026-03,0,Invalid Posting Date
TX0049587,2025-11-15,A025,Marketing,V0098,Invoice,1189.45,Bank Transfer,EUR,Approved,2025-11-22,INV00049587,,USR0125,0,1,0,0,0,0,0,Senior Manager,1,2,1,Medium,2025-11,0,Missing Approval
TX0049602,2026-02-09,A038,IT,V0336,Invoice,-69.33,Card,GBP,Approved,2026-02-16,INV00049602,EMP00444,USR0008,0,0,0,1,0,0,0,Department Manager,0,1,1,Low,2026-02,0,Invalid Amount
TX0049606,2025-04-11,A067,Operations,V0377,Payment,2125.89,Bank Transfer,GBP,Approved,2025-04-12,INV00036956,EMP00204,USR0091,0,0,0,0,0,1,0,Senior Manager,0,1,1,Low,2025-04,0,Duplicate Invoice
TX0049652,2026-03-27,A063,Operations,V0410,Expense,3484.84,Cheque,USD,Pending,2025-05-20,INV00049652,EMP00139,USR0147,0,0,0,0,1,0,1,Senior Manager,0,1,1,Low,2026-03,0,Invalid Posting Date
TX0049661,2025-10-06,A045,Operations,V0002,Payment,3785.51,Cheque,USD,Approved,2025-10-12,INV00049661,EMP00146,USR0170,0,0,0,0,0,1,0,Senior Manager,0,1,1,Low,2025-10,0,Duplicate Invoice
TX0049668,2026-03-16,,Finance,V0348,Journal Entry,1661.58,Direct Debit,GBP,Approved,2026-03-20,INV00049668,EMP00380,USR0047,0,0,1,0,0,0,0,Senior Manager,0,1,1,Low,2026-03,0,Missing Account
TX0049674,2025-07-18,A028,HR,V0179,Invoice,1529.32,Bank Transfer,GBP,Rejected,2025-07-22,INV00049674,EMP00306,USR0170,0,0,0,0,0,1,0,Senior Manager,0,1,1,Low,2025-07,0,Duplicate Invoice
TX0049686,2025-09-17,A026,HR,,Payment,3879.8,Direct Debit,GBP,Approved,2025-09-18,INV00049686,EMP00248,USR0191,1,0,0,0,0,0,0,Senior Manager,0,1,1,Low,2025-09,0,Missing Vendor
TX0049697,2026-03-29,A037,Sales,V0367,Journal Entry,618.76,Direct Debit,USD,Approved,2026-03-25,INV00049697,EMP00348,USR0063,0,0,0,0,1,0,1,Department Manager,0,1,1,Low,2026-03,0,Invalid Posting Date
TX0049717,2025-09-20,A052,Procurement,V0094,Payment,10316.16,Card,EUR,Approved,2025-09-26,INV00075534,EMP00287,USR0171,0,0,0,0,0,1,0,Finance Director,0,1,1,Medium,2025-09,1,Duplicate Invoice
TX0049784,2025-08-07,A035,Marketing,V0170,Invoice,742.27,Direct Debit,GBP,Approved,2025-08-09,INV00049784,EMP00393,USR0081,0,0,0,0,0,1,0,Department Manager,0,1,1,Low,2025-08,0,Duplicate Invoice
TX0049788,2025-10-19,A071,Sales,V0020,Invoice,1029.3,Card,GBP,Pending,2025-10-24,INV00030999,EMP00079,USR0146,0,0,0,0,0,1,0,Senior Manager,0,1,1,Low,2025-10,0,Duplicate Invoice
TX0049794,2025-08-19,A073,Procurement,V0194,Journal Entry,231.39,Card,GBP,Rejected,2025-08-16,INV00049794,EMP00478,USR0114,0,0,0,0,1,0,0,Department Manager,0,1,1,Low,2025-08,0,Invalid Posting Date
TX0049809,2026-02-15,A006,Procurement,V0255,Invoice,910.54,Card,EUR,Rejected,2026-02-19,INV00049809,EMP00249,USR0074,0,0,0,0,0,1,0,Department Manager,0,1,1,Low,2026-02,0,Duplicate Invoice
TX0049823,2025-06-02,A051,Finance,,Invoice,1558.13,Cheque,GBP,Approved,2025-06-07,INV00049823,EMP00467,USR0182,1,0,0,0,0,0,0,Senior Manager,0,1,1,Low,2025-06,0,Missing Vendor
TX0049826,2025-06-11,A030,Procurement,V0278,Journal Entry,1279.44,Direct Debit,GBP,Pending,2025-06-16,INV00049826,EMP00038,USR0038,0,0,0,0,0,1,0,Senior Manager,0,1,1,Low,2025-06,0,Duplicate Invoice
TX0049834,2025-06-29,,Operations,V0105,Invoice,5339.54,Card,GBP,Pending,2025-07-01,INV00049834,EMP00319,USR0196,0,0,1,0,0,0,1,Senior Manager,0,1,1,Low,2025-06,0,Missing Account
TX0049847,2025-04-20,A017,Operations,V0186,Invoice,1363.12,Bank Transfer,GBP,Pending,2025-04-17,INV00049847,EMP00131,USR0096,0,0,0,0,1,0,0,Senior Manager,0,1,1,Low,2025-04,0,Invalid Posting Date
TX0049859,2026-03-30,A004,IT,V0043,Credit Note,-771.33,Cheque,USD,Pending,2026-04-01,INV00049859,EMP00027,USR0024,0,0,0,1,0,0,1,Department Manager,0,1,1,Low,2026-03,0,Invalid Amount
TX0049893,2025-11-03,A018,Operations,V0307,Journal Entry,6174.71,Bank Transfer,USD,Rejected,2025-11-04,INV00004689,EMP00249,USR0001,0,0,0,0,0,1,0,Senior Manager,0,1,1,Low,2025-11,1,Duplicate Invoice
TX0049925,2026-03-30,A069,Sales,V0251,Invoice,1331.57,Card,EUR,Rejected,2025-09-20,INV00049925,EMP00076,USR0198,0,0,0,0,1,0,1,Senior Manager,0,1,1,Low,2026-03,0,Invalid Posting Date
TX0049931,2026-03-31,A074,Sales,V0121,Journal Entry,669.63,Bank Transfer,EUR,Approved,2026-02-28,INV00049931,EMP00163,USR0185,0,0,0,0,1,0,1,Department Manager,0,1,1,Low,2026-03,0,Invalid Posting Date
TX0049943,2025-12-12,A057,IT,V0211,Invoice,6351.99,Card,EUR,Approved,2025-12-12,INV00006268,EMP00308,USR0154,0,0,0,0,0,1,0,Senior Manager,0,1,1,Low,2025-12,1,Duplicate Invoice
TX0049945,2025-06-24,A051,Procurement,V0266,Expense,-2745.28,Card,USD,Approved,2025-06-30,INV00049945,EMP00372,USR0105,0,0,0,1,0,0,0,Senior Manager,0,1,1,Low,2025-06,0,Invalid Amount
TX0049955,2026-03-29,A020,Operations,V0038,Invoice,357.47,Bank Transfer,GBP,Approved,2026-02-16,INV00049955,EMP00076,USR0100,0,0,0,0,1,0,1,Department Manager,0,1,1,Low,2026-03,0,Invalid Posting Date
TX0049960,2025-11-14,A064,Sales,V0467,Payment,1331.67,Bank Transfer,GBP,Rejected,2025-11-16,INV00049960,EMP00085,USR0159,0,0,0,0,0,1,0,Senior Manager,0,1,1,Low,2025-11,0,Duplicate Invoice
TX0049964,2026-03-31,A031,Sales,V0286,Invoice,3745.19,Direct Debit,GBP,Approved,2026-04-04,INV00049964,EMP00450,USR0087,0,0,0,0,0,1,1,Senior Manager,0,1,1,Low,2026-03,0,Duplicate Invoice
TX0049982,2025-06-11,A005,HR,,Journal Entry,1022.09,Cheque,EUR,Rejected,2025-06-14,INV00049982,EMP00489,USR0042,1,0,0,0,0,0,0,Senior Manager,0,1,1,Low,2025-06,0,Missing Vendor
TX0049984,2025-09-27,A070,Marketing,V0090,Payment,3606.12,Cheque,GBP,Approved,2025-10-03,INV00049984,EMP00082,USR0181,0,0,0,0,0,1,1,Senior Manager,0,1,1,Low,2025-09,0,Duplicate Invoice
TX0049985,2026-03-31,A006,Procurement,V0363,Invoice,2156.92,Bank Transfer,GBP,Approved,2025-10-31,INV00049985,EMP00462,USR0057,0,0,0,0,1,0,1,Senior Manager,0,1,1,Low,2026-03,0,Invalid Posting Date
TX0049990,2025-09-01,A014,Sales,V0176,Journal Entry,606.87,Cheque,GBP,Pending,2025-08-30,INV00049990,EMP00030,USR0122,0,0,0,0,1,0,0,Department Manager,0,1,1,Low,2025-09,0,Invalid Posting Date
TX0050002,2026-03-27,A027,Sales,V0494,Invoice,381.32,Card,GBP,Approved,2026-03-07,INV00050002,EMP00263,USR0102,0,0,0,0,1,0,1,Department Manager,0,1,1,Low,2026-03,0,Invalid Posting Date
TX0050028,2025-12-29,A068,Operations,V0290,Payment,1073.79,Card,GBP,Approved,2025-12-26,INV00050028,EMP00245,USR0105,0,0,0,0,1,0,1,Senior Manager,0,1,1,Low,2025-12,0,Invalid Posting Date
TX0050075,2025-07-13,A015,Procurement,V0494,Invoice,662.29,Direct Debit,GBP,Approved,2025-07-15,INV00050075,EMP00325,USR0031,0,0,0,0,0,1,0,Department Manager,0,1,1,Low,2025-07,0,Duplicate Invoice
TX0050079,2026-03-10,A034,HR,V0007,Invoice,7072.31,Direct Debit,GBP,Approved,2026-03-14,INV00050079,EMP00063,USR0167,0,0,0,0,0,1,0,Senior Manager,0,1,1,Low,2026-03,1,Duplicate Invoice
TX0050092,2025-08-23,A063,Operations,V0500,Invoice,551.75,Card,GBP,Pending,2025-08-24,INV00050092,,USR0114,0,1,0,0,0,0,0,Department Manager,0,1,1,Low,2025-08,0,No Exception
TX0050128,2026-03-28,A071,IT,V0477,Invoice,1126.61,Bank Transfer,EUR,Approved,2026-01-08,INV00050128,EMP00289,USR0079,0,0,0,0,1,0,1,Senior Manager,0,1,1,Low,2026-03,0,Invalid Posting Date
TX0050138,2025-06-15,A044,Sales,V0345,Invoice,2280.3,Card,GBP,Pending,2025-06-21,INV00050138,EMP00413,USR0062,0,0,0,0,0,1,0,Senior Manager,0,1,1,Low,2025-06,0,Duplicate Invoice
TX0050144,2026-03-28,A072,IT,V0305,Invoice,847.47,Card,GBP,Approved,2026-03-24,INV00050144,EMP00391,USR0084,0,0,0,0,1,0,1,Department Manager,0,1,1,Low,2026-03,0,Invalid Posting Date
TX0050179,2026-03-27,A013,Operations,V0429,Payment,1046.46,Cheque,EUR,Approved,2026-03-29,INV00050179,EMP00316,USR0124,0,0,0,0,0,1,1,Senior Manager,0,1,1,Low,2026-03,0,Duplicate Invoice
TX0050193,2025-11-07,A036,Procurement,V0310,Invoice,1387.92,Card,GBP,Rejected,2025-11-13,INV00050193,,USR0076,0,1,0,0,0,0,0,Senior Manager,1,2,1,Medium,2025-11,0,Missing Approval
TX0050195,2025-09-07,A020,Marketing,V0247,Credit Note,552.99,Cheque,GBP,Approved,2025-09-14,INV00050195,EMP00085,USR0125,0,0,0,0,0,1,0,Department Manager,0,1,1,Low,2025-09,0,Duplicate Invoice
TX0050199,2025-06-04,A065,IT,V0090,Expense,445.94,Bank Transfer,GBP,Approved,2025-06-11,INV00050199,EMP00485,USR0155,0,0,0,0,0,1,0,Department Manager,0,1,1,Low,2025-06,0,Duplicate Invoice
TX0050220,2026-03-30,A062,Operations,V0082,Payment,2882.36,Card,GBP,Rejected,2025-07-31,INV00050220,EMP00386,USR0181,0,0,0,0,1,0,1,Senior Manager,0,1,1,Low,2026-03,0,Invalid Posting Date
TX0050243,2026-02-08,A074,IT,V0155,Payment,464.27,Direct Debit,GBP,Pending,2026-02-11,INV00050243,EMP00476,USR0060,0,0,0,0,0,1,0,Department Manager,0,1,1,Low,2026-02,0,Duplicate Invoice
TX0050283,2026-03-12,A020,Sales,V0033,Invoice,1748.78,Card,GBP,Approved,2026-03-16,INV00050283,EMP00131,USR0113,0,0,0,0,0,1,0,Senior Manager,0,1,1,Low,2026-03,0,Duplicate Invoice
TX0050297,2026-03-10,,HR,V0142,Credit Note,8453.3,Card,GBP,Approved,2026-03-11,INV00050297,EMP00119,USR0081,0,0,1,0,0,0,0,Senior Manager,0,1,1,Low,2026-03,1,Missing Account
TX0050381,2025-10-23,A002,Operations,V0453,Journal Entry,5979.35,Card,GBP,Approved,2025-10-28,INV00050381,EMP00383,USR0083,0,0,0,0,0,1,0,Senior Manager,0,1,1,Low,2025-10,1,Duplicate Invoice
TX0050407,2026-03-28,A069,Procurement,V0191,Expense,2137.6,Direct Debit,USD,Pending,2025-09-18,INV00050407,EMP00455,USR0135,0,0,0,0,1,0,1,Senior Manager,0,1,1,Low,2026-03,0,Invalid Posting Date
TX0050453,2025-10-04,A015,Operations,V0030,Invoice,640.29,Bank Transfer,GBP,Approved,2025-10-11,INV00050453,EMP00085,USR0174,0,0,0,0,0,1,0,Department Manager,0,1,1,Low,2025-10,0,Duplicate Invoice
TX0050455,2026-03-04,A071,Finance,V0360,Journal Entry,386.57,Bank Transfer,GBP,Pending,2026-03-05,INV00015627,EMP00255,USR0121,0,0,0,0,0,1,0,Department Manager,0,1,1,Low,2026-03,0,Duplicate Invoice
TX0050481,2025-04-26,A024,Sales,,Credit Note,147.26,Direct Debit,GBP,Approved,2025-05-03,INV00050481,EMP00138,USR0145,1,0,0,0,0,0,0,Department Manager,0,1,1,Low,2025-04,0,Missing Vendor
TX0050491,2025-10-03,A039,Operations,V0245,Invoice,266.63,Card,GBP,Approved,2025-10-09,INV00050491,EMP00082,USR0155,0,0,0,0,0,1,0,Department Manager,0,1,1,Low,2025-10,0,Duplicate Invoice
TX0050493,2025-10-08,A044,Operations,V0177,Invoice,2180.89,Cheque,EUR,Rejected,2025-10-09,INV00050493,,USR0003,0,1,0,0,0,0,0,Senior Manager,1,2,1,Medium,2025-10,0,Missing Approval
TX0050526,2026-03-28,A071,Sales,V0498,Expense,787.05,Cheque,USD,Pending,2026-02-07,INV00050526,EMP00425,USR0047,0,0,0,0,1,0,1,Department Manager,0,1,1,Low,2026-03,0,Invalid Posting Date
TX0050527,2025-10-04,,Sales,V0415,Invoice,1262.19,Cheque,EUR,Approved,2025-10-10,INV00050527,EMP00189,USR0037,0,0,1,0,0,0,0,Senior Manager,0,1,1,Low,2025-10,0,Missing Account
TX0050557,2025-05-31,A080,Finance,V0115,Invoice,650.31,Cheque,GBP,Approved,2025-06-03,INV00050557,EMP00206,USR0109,0,0,0,0,0,1,1,Department Manager,0,1,1,Low,2025-05,0,Duplicate Invoice
TX0050600,2025-07-24,A005,Sales,V0443,Invoice,794.55,Card,GBP,Approved,2025-07-27,INV00050600,,USR0036,0,1,0,0,0,0,0,Department Manager,0,1,1,Low,2025-07,0,No Exception
TX0050605,2025-08-04,A009,Sales,V0208,Payment,3430.55,Cheque,GBP,Approved,2025-08-04,INV00091128,EMP00134,USR0152,0,0,0,0,0,1,0,Senior Manager,0,1,1,Low,2025-08,0,Duplicate Invoice
TX0050643,2026-01-07,A005,Sales,,Journal Entry,788.96,Card,GBP,Approved,2026-01-08,INV00050643,EMP00248,USR0120,1,0,0,0,0,0,0,Department Manager,0,1,1,Low,2026-01,0,Missing Vendor
TX0050645,2026-03-28,A040,HR,,Invoice,1486.01,Card,GBP,Rejected,2026-04-03,INV00050645,EMP00402,USR0006,1,0,0,0,0,0,1,Senior Manager,0,1,1,Low,2026-03,0,Missing Vendor
TX0050696,2025-12-17,A071,Finance,V0113,Payment,-540.58,Direct Debit,GBP,Approved,2025-12-18,INV00050696,EMP00435,USR0052,0,0,0,1,0,0,0,Department Manager,0,1,1,Low,2025-12,0,Invalid Amount
TX0050722,2025-04-14,A052,Sales,V0231,Invoice,-7125.85,Card,GBP,Rejected,2025-04-15,INV00050722,EMP00465,USR0148,0,0,0,1,0,0,0,Senior Manager,0,1,1,Low,2025-04,0,Invalid Amount
TX0050762,2025-07-30,A078,IT,V0025,Invoice,1083.16,Cheque,EUR,Approved,2025-08-05,INV00050762,,USR0199,0,1,0,0,0,0,1,Senior Manager,1,2,1,Medium,2025-07,0,Missing Approval
TX0050767,2026-03-15,A008,Operations,V0094,Payment,3283.19,Card,USD,Approved,2026-03-17,INV00050767,EMP00205,USR0016,0,0,0,0,0,1,0,Senior Manager,0,1,1,Low,2026-03,0,Duplicate Invoice
TX0050789,2026-03-09,A038,Operations,V0207,Expense,1614.47,Direct Debit,GBP,Pending,2026-03-10,INV00097977,EMP00406,USR0081,0,0,0,0,0,1,0,Senior Manager,0,1,1,Low,2026-03,0,Duplicate Invoice
TX0050815,2026-03-30,A078,Marketing,V0216,Journal Entry,3247.97,Bank Transfer,GBP,Approved,2025-07-01,INV00050815,EMP00195,USR0054,0,0,0,0,1,0,1,Senior Manager,0,1,1,Low,2026-03,0,Invalid Posting Date
TX0050823,2025-04-06,A057,Finance,V0216,Invoice,180.08,Card,GBP,Pending,2025-04-09,INV00008019,EMP00045,USR0083,0,0,0,0,0,1,0,Department Manager,0,1,1,Low,2025-04,0,Duplicate Invoice
TX0050863,2025-04-28,A060,HR,V0160,Invoice,1060.34,Card,USD,Pending,2025-05-05,INV00050863,EMP00435,USR0079,0,0,0,0,0,1,1,Senior Manager,0,1,1,Low,2025-04,0,Duplicate Invoice
TX0050864,2026-03-27,A066,Finance,V0285,Payment,1164.28,Cheque,GBP,Pending,2025-07-10,INV00050864,EMP00277,USR0150,0,0,0,0,1,0,1,Senior Manager,0,1,1,Low,2026-03,0,Invalid Posting Date
TX0050867,2025-07-29,A049,Operations,V0257,Invoice,452.42,Bank Transfer,GBP,Approved,2025-07-27,INV00050867,EMP00032,USR0071,0,0,0,0,1,0,1,Department Manager,0,1,1,Low,2025-07,0,Invalid Posting Date
TX0050870,2026-03-27,A031,Procurement,V0430,Payment,589.39,Card,USD,Pending,2026-03-19,INV00050870,EMP00488,USR0107,0,0,0,0,1,0,1,Department Manager,0,1,1,Low,2026-03,0,Invalid Posting Date
TX0050893,2025-10-09,A054,Operations,V0474,Invoice,726.69,Card,EUR,Approved,2025-10-14,INV00050893,,USR0141,0,1,0,0,0,0,0,Department Manager,0,1,1,Low,2025-10,0,No Exception
TX0050924,2025-07-28,A032,Procurement,V0013,Journal Entry,2139.74,Card,GBP,Approved,2025-07-29,INV00045081,EMP00148,USR0086,0,0,0,0,0,1,1,Senior Manager,0,1,1,Low,2025-07,0,Duplicate Invoice
TX0050950,2025-08-05,A034,Procurement,V0005,Invoice,1922.39,Direct Debit,GBP,Approved,2025-08-03,INV00050950,EMP00072,USR0066,0,0,0,0,1,0,0,Senior Manager,0,1,1,Low,2025-08,0,Invalid Posting Date
TX0050954,2025-12-02,A027,Finance,V0147,Invoice,196.77,Cheque,EUR,Approved,2025-12-03,INV00050954,,USR0124,0,1,0,0,0,0,0,Department Manager,0,1,1,Low,2025-12,0,No Exception
TX0050955,2025-11-04,A078,Marketing,V0372,Expense,967.39,Card,USD,Approved,2025-11-06,INV00082507,EMP00380,USR0021,0,0,0,0,0,1,0,Department Manager,0,1,1,Low,2025-11,0,Duplicate Invoice
TX0050959,2025-09-24,A045,Finance,V0035,Invoice,291.77,Cheque,GBP,Approved,2025-09-24,INV00050959,,USR0099,0,1,0,0,0,0,0,Department Manager,0,1,1,Low,2025-09,0,No Exception
TX0050985,2025-06-28,A040,Finance,V0286,Invoice,1193.96,Direct Debit,EUR,Approved,2025-06-26,INV00050985,EMP00327,USR0101,0,0,0,0,1,0,1,Senior Manager,0,1,1,Low,2025-06,0,Invalid Posting Date
TX0050986,2025-08-09,A049,Sales,V0200,Payment,3002.15,Direct Debit,EUR,Rejected,2025-08-10,INV00077652,EMP00476,USR0122,0,0,0,0,0,1,0,Senior Manager,0,1,1,Low,2025-08,0,Duplicate Invoice
TX0050991,2026-03-15,A028,HR,V0459,Payment,793.38,Cheque,GBP,Approved,2026-03-11,INV00050991,EMP00319,USR0020,0,0,0,0,1,0,0,Department Manager,0,1,1,Low,2026-03,0,Invalid Posting Date
TX0051010,2026-02-23,,Finance,V0456,Journal Entry,344.76,Direct Debit,EUR,Approved,2026-02-25,INV00051010,EMP00167,USR0116,0,0,1,0,0,0,0,Department Manager,0,1,1,Low,2026-02,0,Missing Account
TX0051020,2026-03-15,A078,Operations,V0328,Journal Entry,4258.62,Direct Debit,EUR,Approved,2026-03-21,INV00051020,EMP00405,USR0073,0,0,0,0,0,1,0,Senior Manager,0,1,1,Low,2026-03,0,Duplicate Invoice
TX0051039,2026-03-29,A052,Sales,V0428,Invoice,1605.18,Cheque,GBP,Approved,2026-03-20,INV00051039,EMP00259,USR0033,0,0,0,0,1,0,1,Senior Manager,0,1,1,Low,2026-03,0,Invalid Posting Date
TX0051076,2026-03-31,A058,Procurement,V0156,Invoice,910.6,Cheque,GBP,Rejected,2026-03-16,INV00051076,EMP00335,USR0187,0,0,0,0,1,0,1,Department Manager,0,1,1,Low,2026-03,0,Invalid Posting Date
TX0051108,2026-03-29,A002,Procurement,V0151,Invoice,1504.28,Cheque,GBP,Pending,2026-02-05,INV00051108,EMP00334,USR0186,0,0,0,0,1,0,1,Senior Manager,0,1,1,Low,2026-03,0,Invalid Posting Date
TX0051109,2026-03-31,A052,Sales,V0473,Journal Entry,5391.62,Direct Debit,GBP,Approved,2025-05-27,INV00051109,EMP00094,USR0104,0,0,0,0,1,0,1,Senior Manager,0,1,1,Low,2026-03,0,Invalid Posting Date
TX0051167,2026-03-05,A016,HR,V0458,Credit Note,789.02,Cheque,GBP,Approved,2026-03-05,INV00051167,,USR0124,0,1,0,0,0,0,0,Department Manager,0,1,1,Low,2026-03,0,No Exception
TX0051180,2026-03-28,A062,Procurement,V0431,Invoice,905.22,Direct Debit,USD,Approved,2025-06-20,INV00051180,EMP00253,USR0118,0,0,0,0,1,0,1,Department Manager,0,1,1,Low,2026-03,0,Invalid Posting Date
TX0051189,2025-10-16,A004,IT,V0457,Invoice,1236.62,Card,EUR,Approved,2025-10-21,INV00051189,,USR0094,0,1,0,0,0,0,0,Senior Manager,1,2,1,Medium,2025-10,0,Missing Approval
TX0051193,2025-12-18,A009,Marketing,V0352,Payment,-199.92,Cheque,GBP,Rejected,2025-12-20,INV00051193,EMP00190,USR0143,0,0,0,1,0,0,0,Department Manager,0,1,1,Low,2025-12,0,Invalid Amount
TX0051209,2026-03-30,A031,IT,V0349,Invoice,1271.13,Bank Transfer,GBP,Approved,2025-10-09,INV00051209,EMP00130,USR0137,0,0,0,0,1,0,1,Senior Manager,0,1,1,Low,2026-03,0,Invalid Posting Date
TX0051218,2025-10-07,A036,Operations,V0447,Invoice,6744.58,Cheque,GBP,Pending,2025-10-13,INV00051218,,USR0004,0,1,0,0,0,0,0,Senior Manager,1,2,1,Medium,2025-10,1,Missing Approval
TX0051248,2025-06-19,A032,HR,V0037,Invoice,1909.95,Bank Transfer,GBP,Approved,2025-06-24,INV00073662,EMP00475,USR0144,0,0,0,0,0,1,0,Senior Manager,0,1,1,Low,2025-06,0,Duplicate Invoice
TX0051265,2026-02-25,A027,Finance,V0050,Invoice,370.62,Card,GBP,Approved,2026-02-26,INV00051265,,USR0195,0,1,0,0,0,0,0,Department Manager,0,1,1,Low,2026-02,0,No Exception
TX0051267,2025-12-04,A009,Marketing,V0268,Invoice,1364.43,Direct Debit,GBP,Approved,2025-12-05,INV00051267,EMP00292,USR0137,0,0,0,0,0,1,0,Senior Manager,0,1,1,Low,2025-12,0,Duplicate Invoice
TX0051277,2025-09-17,A027,Finance,V0216,Invoice,4571.9,Direct Debit,EUR,Rejected,2025-09-14,INV00051277,EMP00253,USR0143,0,0,0,0,1,1,0,Senior Manager,0,2,1,Medium,2025-09,0,Duplicate Invoice
TX0051283,2026-01-01,A014,Sales,V0221,Invoice,822.18,Bank Transfer,GBP,Rejected,2026-01-04,INV00096853,EMP00319,USR0091,0,0,0,0,0,1,0,Department Manager,0,1,1,Low,2026-01,0,Duplicate Invoice
TX0051446,2025-04-08,A004,Finance,V0463,Invoice,-2109.04,Card,EUR,Pending,2025-04-09,INV00051446,EMP00154,USR0070,0,0,0,1,0,0,0,Senior Manager,0,1,1,Low,2025-04,0,Invalid Amount
TX0051468,2025-12-07,,IT,V0427,Invoice,14939.74,Cheque,GBP,Approved,2025-12-10,INV00051468,EMP00266,USR0157,0,0,1,0,0,0,0,Finance Director,0,1,1,Medium,2025-12,1,Missing Account
TX0051476,2026-03-30,A025,Finance,V0336,Payment,820.32,Cheque,GBP,Approved,2025-04-09,INV00051476,EMP00364,USR0157,0,0,0,0,1,0,1,Department Manager,0,1,1,Low,2026-03,0,Invalid Posting Date
TX0051478,2025-05-30,A060,Marketing,V0094,Payment,2225.17,Bank Transfer,GBP,Approved,2025-06-02,INV00051478,EMP00385,USR0029,0,0,0,0,0,1,1,Senior Manager,0,1,1,Low,2025-05,0,Duplicate Invoice
TX0051509,2025-07-14,A041,Sales,V0280,Invoice,140.49,Direct Debit,EUR,Approved,2025-07-19,INV00051509,,USR0097,0,1,0,0,0,0,0,Department Manager,0,1,1,Low,2025-07,0,No Exception
TX0051541,2026-01-03,A053,Operations,V0047,Credit Note,-2180.9,Direct Debit,GBP,Rejected,2026-01-04,INV00051541,EMP00053,USR0086,0,0,0,1,0,0,0,Senior Manager,0,1,1,Low,2026-01,0,Invalid Amount
TX0051547,2025-08-22,A023,Sales,V0125,Invoice,105.97,Card,GBP,Rejected,2025-08-21,INV00051547,EMP00442,USR0173,0,0,0,0,1,0,0,Department Manager,0,1,1,Low,2025-08,0,Invalid Posting Date
TX0051567,2025-06-24,A048,Operations,V0351,Credit Note,-2679.27,Card,EUR,Approved,2025-06-25,INV00051567,EMP00037,USR0120,0,0,0,1,0,0,0,Senior Manager,0,1,1,Low,2025-06,0,Invalid Amount
TX0051584,2026-03-27,A004,IT,V0500,Expense,1254.46,Bank Transfer,GBP,Approved,2025-07-24,INV00051584,EMP00113,USR0063,0,0,0,0,1,0,1,Senior Manager,0,1,1,Low,2026-03,0,Invalid Posting Date
TX0051591,2025-07-31,A074,IT,V0115,Invoice,363.61,Bank Transfer,GBP,Rejected,2025-08-02,INV00051591,,USR0068,0,1,0,0,0,0,1,Department Manager,0,1,1,Low,2025-07,0,No Exception
TX0051613,2025-11-23,A066,Procurement,V0373,Invoice,1702.36,Direct Debit,GBP,Approved,2025-11-24,INV00051613,,USR0057,0,1,0,0,0,0,0,Senior Manager,1,2,1,Medium,2025-11,0,Missing Approval
TX0051686,2025-11-27,A035,Procurement,V0249,Expense,1106.02,Cheque,GBP,Approved,2025-12-02,INV00051686,EMP00399,USR0102,0,0,0,0,0,1,1,Senior Manager,0,1,1,Low,2025-11,0,Duplicate Invoice
TX0051689,2025-07-14,A026,IT,V0049,Invoice,216.75,Card,GBP,Approved,2025-07-19,INV00050199,EMP00006,USR0109,0,0,0,0,0,1,0,Department Manager,0,1,1,Low,2025-07,0,Duplicate Invoice
TX0051700,2025-06-02,,Sales,V0200,Invoice,1011.29,Card,GBP,Pending,2025-06-02,INV00051700,EMP00452,USR0053,0,0,1,0,0,0,0,Senior Manager,0,1,1,Low,2025-06,0,Missing Account
TX0051726,2025-06-08,A049,HR,V0178,Payment,239.55,Direct Debit,GBP,Approved,2025-06-14,INV00051726,EMP00446,USR0149,0,0,0,0,0,1,0,Department Manager,0,1,1,Low,2025-06,0,Duplicate Invoice
TX0051727,2026-03-27,A080,Operations,V0103,Credit Note,76195.35,Cheque,GBP,Approved,2025-08-22,INV00051727,EMP00294,USR0050,0,0,0,0,1,0,1,Finance Director,0,1,1,High,2026-03,1,Invalid Posting Date
TX0051744,2026-01-01,A069,Marketing,V0079,Invoice,344.91,Direct Debit,USD,Approved,2026-01-06,INV00051744,EMP00311,USR0094,0,0,0,0,0,1,0,Department Manager,0,1,1,Low,2026-01,0,Duplicate Invoice
TX0051745,2026-03-27,A063,Finance,V0180,Expense,4076.11,Cheque,EUR,Approved,2026-03-20,INV00051745,EMP00238,USR0097,0,0,0,0,1,0,1,Senior Manager,0,1,1,Low,2026-03,0,Invalid Posting Date
TX0051750,2026-03-01,A048,Operations,,Invoice,508.82,Cheque,GBP,Approved,2026-03-07,INV00051750,EMP00091,USR0198,1,0,0,0,0,0,0,Department Manager,0,1,1,Low,2026-03,0,Missing Vendor
TX0051751,2025-08-23,A007,Finance,V0306,Expense,719.34,Bank Transfer,GBP,Pending,2025-08-23,INV00029720,EMP00003,USR0021,0,0,0,0,0,1,0,Department Manager,0,1,1,Low,2025-08,0,Duplicate Invoice
TX0051754,2026-01-18,A075,Sales,,Invoice,3754.15,Direct Debit,USD,Pending,2026-01-22,INV00051754,EMP00452,USR0190,1,0,0,0,0,0,0,Senior Manager,0,1,1,Low,2026-01,0,Missing Vendor
TX0051776,2026-03-30,A005,Finance,V0332,Invoice,281.01,Card,GBP,Approved,2025-11-15,INV00051776,EMP00387,USR0137,0,0,0,0,1,0,1,Department Manager,0,1,1,Low,2026-03,0,Invalid Posting Date
TX0051806,2025-06-09,A057,Finance,,Journal Entry,1363.74,Direct Debit,EUR,Approved,2025-06-14,INV00051806,EMP00100,USR0186,1,0,0,0,0,0,0,Senior Manager,0,1,1,Low,2025-06,0,Missing Vendor
TX0051854,2025-04-28,A068,IT,,Invoice,1140.13,Cheque,EUR,Rejected,2025-04-28,INV00051854,EMP00396,USR0138,1,0,0,0,0,0,1,Senior Manager,0,1,1,Low,2025-04,0,Missing Vendor
TX0051914,2025-10-29,A011,IT,V0193,Invoice,158.17,Direct Debit,EUR,Pending,2025-10-25,INV00051914,EMP00376,USR0117,0,0,0,0,1,0,1,Department Manager,0,1,1,Low,2025-10,0,Invalid Posting Date
TX0051918,2025-08-10,A072,Sales,V0116,Invoice,1436.73,Direct Debit,EUR,Approved,2025-08-07,INV00051918,EMP00367,USR0187,0,0,0,0,1,0,0,Senior Manager,0,1,1,Low,2025-08,0,Invalid Posting Date
TX0051988,2025-12-04,A033,Marketing,V0386,Invoice,27.36,Direct Debit,USD,Approved,2025-12-06,INV00051988,EMP00048,USR0135,0,0,0,0,0,1,0,Department Manager,0,1,1,Low,2025-12,0,Duplicate Invoice
TX0052002,2025-06-25,,Sales,V0082,Invoice,531.19,Bank Transfer,GBP,Rejected,2025-06-26,INV00052002,EMP00239,USR0070,0,0,1,0,0,0,0,Department Manager,0,1,1,Low,2025-06,0,Missing Account
TX0052006,2025-12-16,A037,IT,V0192,Invoice,1784.8,Bank Transfer,GBP,Rejected,2025-12-14,INV00052006,EMP00107,USR0008,0,0,0,0,1,0,0,Senior Manager,0,1,1,Low,2025-12,0,Invalid Posting Date
TX0052018,2025-06-04,A008,HR,V0048,Invoice,1275.31,Direct Debit,EUR,Rejected,2025-05-31,INV00052018,EMP00077,USR0075,0,0,0,0,1,0,0,Senior Manager,0,1,1,Low,2025-06,0,Invalid Posting Date
TX0052044,2025-10-01,A036,IT,V0084,Invoice,161.09,Card,GBP,Rejected,2025-10-07,INV00073218,EMP00090,USR0151,0,0,0,0,0,1,0,Department Manager,0,1,1,Low,2025-10,0,Duplicate Invoice
TX0052050,2026-03-28,A045,Procurement,V0493,Expense,260.46,Card,GBP,Approved,2026-01-05,INV00052050,EMP00097,USR0144,0,0,0,0,1,0,1,Department Manager,0,1,1,Low,2026-03,0,Invalid Posting Date
TX0052067,2026-03-17,A078,HR,V0251,Invoice,181.75,Direct Debit,USD,Rejected,2026-03-23,INV00060768,EMP00490,USR0135,0,0,0,0,0,1,0,Department Manager,0,1,1,Low,2026-03,0,Duplicate Invoice
TX0052097,2025-12-15,A042,Marketing,,Invoice,3035.2,Cheque,GBP,Rejected,2025-12-19,INV00052097,EMP00394,USR0199,1,0,0,0,0,0,0,Senior Manager,0,1,1,Low,2025-12,0,Missing Vendor
TX0052112,2026-03-30,A049,Sales,V0065,Invoice,477.21,Card,EUR,Approved,2025-10-09,INV00052112,EMP00181,USR0064,0,0,0,0,1,0,1,Department Manager,0,1,1,Low,2026-03,0,Invalid Posting Date
TX0052137,2026-03-07,A010,IT,V0150,Invoice,1102.91,Cheque,EUR,Pending,2026-03-14,INV00052137,,USR0086,0,1,0,0,0,0,0,Senior Manager,1,2,1,Medium,2026-03,0,Missing Approval
TX0052150,2026-03-29,A062,Procurement,V0179,Invoice,1752.48,Cheque,USD,Approved,2026-03-28,INV00052150,EMP00018,USR0129,0,0,0,0,1,0,1,Senior Manager,0,1,1,Low,2026-03,0,Invalid Posting Date
TX0052151,2025-12-22,A051,Finance,V0099,Credit Note,2514.52,Bank Transfer,USD,Approved,2025-12-24,INV00052151,EMP00498,USR0104,0,0,0,0,0,1,0,Senior Manager,0,1,1,Low,2025-12,0,Duplicate Invoice
TX0052156,2026-03-30,A029,Procurement,V0028,Credit Note,376.67,Card,USD,Approved,2026-03-08,INV00052156,EMP00468,USR0020,0,0,0,0,1,0,1,Department Manager,0,1,1,Low,2026-03,0,Invalid Posting Date
TX0052177,2025-11-22,A063,HR,V0108,Payment,5430.31,Cheque,EUR,Approved,2025-11-27,INV00052177,EMP00312,USR0134,0,0,0,0,0,1,0,Senior Manager,0,1,1,Low,2025-11,0,Duplicate Invoice
TX0052252,2026-03-15,A045,IT,V0026,Invoice,3355.92,Direct Debit,GBP,Pending,2026-03-18,INV00040816,EMP00038,USR0196,0,0,0,0,0,1,0,Senior Manager,0,1,1,Low,2026-03,0,Duplicate Invoice
TX0052282,2026-03-31,A062,Finance,V0165,Payment,2333.62,Cheque,GBP,Approved,2025-08-25,INV00052282,EMP00016,USR0147,0,0,0,0,1,0,1,Senior Manager,0,1,1,Low,2026-03,0,Invalid Posting Date
TX0052287,2025-07-31,A060,Finance,V0497,Payment,310.81,Direct Debit,EUR,Rejected,2025-08-06,INV00099907,EMP00143,USR0096,0,0,0,0,0,1,1,Department Manager,0,1,1,Low,2025-07,0,Duplicate Invoice
TX0052325,2025-10-03,A004,Finance,V0385,Invoice,426.68,Direct Debit,GBP,Approved,2025-10-07,INV00075299,EMP00333,USR0190,0,0,0,0,0,1,0,Department Manager,0,1,1,Low,2025-10,0,Duplicate Invoice
TX0052340,2025-06-06,A007,Sales,V0391,Expense,1297.78,Bank Transfer,GBP,Approved,2025-06-11,INV00052340,,USR0066,0,1,0,0,0,0,0,Senior Manager,1,2,1,Medium,2025-06,0,Missing Approval
TX0052413,2025-10-27,A025,Operations,V0263,Journal Entry,1641.89,Direct Debit,EUR,Approved,2025-10-31,INV00052413,EMP00411,USR0007,0,0,0,0,0,1,1,Senior Manager,0,1,1,Low,2025-10,0,Duplicate Invoice
TX0052445,2025-12-12,A036,Operations,V0210,Expense,3449.32,Direct Debit,GBP,Rejected,2025-12-14,INV00052445,,USR0185,0,1,0,0,0,0,0,Senior Manager,1,2,1,Medium,2025-12,0,Missing Approval
TX0052458,2026-03-11,A080,IT,V0285,Payment,1053.56,Cheque,GBP,Rejected,2026-03-12,INV00052458,,USR0177,0,1,0,0,0,0,0,Senior Manager,1,2,1,Medium,2026-03,0,Missing Approval
TX0052459,2025-11-01,A032,HR,V0224,Journal Entry,3054.92,Card,GBP,Approved,2025-11-05,INV00052459,EMP00466,USR0054,0,0,0,0,0,1,0,Senior Manager,0,1,1,Low,2025-11,0,Duplicate Invoice
TX0052474,2026-02-09,A012,IT,,Invoice,7183.27,Bank Transfer,USD,Approved,2026-02-15,INV00052474,EMP00137,USR0153,1,0,0,0,0,0,0,Senior Manager,0,1,1,Low,2026-02,1,Missing Vendor
TX0052491,2025-10-14,A021,Finance,V0430,Journal Entry,2848.89,Bank Transfer,GBP,Approved,2025-10-21,INV00052491,EMP00024,USR0155,0,0,0,0,0,1,0,Senior Manager,0,1,1,Low,2025-10,0,Duplicate Invoice
TX0052510,2025-07-29,A029,Sales,V0122,Payment,-902.94,Bank Transfer,GBP,Rejected,2025-08-04,INV00052510,EMP00462,USR0160,0,0,0,1,0,0,1,Department Manager,0,1,1,Low,2025-07,0,Invalid Amount
TX0052511,2025-06-13,A071,Sales,V0396,Journal Entry,4091.02,Cheque,USD,Rejected,2025-06-20,INV00092530,EMP00482,USR0041,0,0,0,0,0,1,0,Senior Manager,0,1,1,Low,2025-06,0,Duplicate Invoice
TX0052521,2025-12-13,A053,Sales,V0110,Journal Entry,58.64,Bank Transfer,USD,Approved,2025-12-20,INV00037624,EMP00313,USR0160,0,0,0,0,0,1,0,Department Manager,0,1,1,Low,2025-12,0,Duplicate Invoice
TX0052566,2025-09-04,A080,Operations,V0297,Invoice,4790.84,Bank Transfer,USD,Rejected,2025-09-04,INV00005216,EMP00458,USR0033,0,0,0,0,0,1,0,Senior Manager,0,1,1,Low,2025-09,0,Duplicate Invoice
TX0052585,2025-07-13,A067,Procurement,V0242,Invoice,3102.48,Direct Debit,EUR,Approved,2025-07-14,INV00015461,EMP00235,USR0145,0,0,0,0,0,1,0,Senior Manager,0,1,1,Low,2025-07,0,Duplicate Invoice
TX0052649,2026-02-24,A020,Finance,V0096,Expense,2078.85,Bank Transfer,GBP,Approved,2026-02-22,INV00052649,EMP00390,USR0166,0,0,0,0,1,0,0,Senior Manager,0,1,1,Low,2026-02,0,Invalid Posting Date
TX0052663,2026-03-03,A052,HR,V0232,Expense,661.99,Bank Transfer,GBP,Approved,2026-03-03,INV00019663,EMP00046,USR0014,0,0,0,0,0,1,0,Department Manager,0,1,1,Low,2026-03,0,Duplicate Invoice
TX0052664,2025-10-18,A074,Procurement,,Credit Note,1398.31,Cheque,GBP,Approved,2025-10-24,INV00052664,EMP00382,USR0028,1,0,0,0,0,0,0,Senior Manager,0,1,1,Low,2025-10,0,Missing Vendor
TX0052676,2026-03-26,A012,Finance,V0097,Journal Entry,5034.53,Cheque,USD,Approved,2026-03-30,INV00080648,EMP00293,USR0085,0,0,0,0,0,1,0,Senior Manager,0,1,1,Low,2026-03,0,Duplicate Invoice
TX0052697,2026-02-03,A049,IT,V0011,Journal Entry,642.89,Bank Transfer,USD,Rejected,2026-02-05,INV00036297,EMP00373,USR0036,0,0,0,0,0,1,0,Department Manager,0,1,1,Low,2026-02,0,Duplicate Invoice
TX0052699,2026-02-11,A052,Finance,,Payment,1116.63,Bank Transfer,GBP,Rejected,2026-02-15,INV00052699,EMP00288,USR0148,1,0,0,0,0,0,0,Senior Manager,0,1,1,Low,2026-02,0,Missing Vendor
TX0052714,2026-03-31,A002,Procurement,V0124,Invoice,1108.44,Card,GBP,Approved,2025-04-20,INV00052714,EMP00015,USR0171,0,0,0,0,1,0,1,Senior Manager,0,1,1,Low,2026-03,0,Invalid Posting Date
TX0052746,2026-03-28,A077,IT,V0081,Invoice,1821.65,Bank Transfer,GBP,Pending,2026-01-11,INV00052746,EMP00320,USR0087,0,0,0,0,1,0,1,Senior Manager,0,1,1,Low,2026-03,0,Invalid Posting Date
TX0052816,2025-09-26,,Procurement,V0121,Invoice,176.28,Cheque,GBP,Approved,2025-09-28,INV00052816,EMP00183,USR0080,0,0,1,0,0,0,0,Department Manager,0,1,1,Low,2025-09,0,Missing Account
TX0052834,2025-06-01,A067,Procurement,V0330,Invoice,-647.12,Card,GBP,Approved,2025-06-01,INV00052834,EMP00275,USR0101,0,0,0,1,0,0,0,Department Manager,0,1,1,Low,2025-06,0,Invalid Amount
TX0052835,2025-09-02,A069,Finance,V0371,Invoice,-2552.01,Cheque,USD,Approved,2025-09-03,INV00052835,EMP00288,USR0092,0,0,0,1,0,0,0,Senior Manager,0,1,1,Low,2025-09,0,Invalid Amount
TX0052853,2025-12-07,A047,Marketing,V0188,Expense,7511.51,Cheque,GBP,Approved,2025-12-07,INV00052853,EMP00005,USR0173,0,0,0,0,0,1,0,Senior Manager,0,1,1,Low,2025-12,1,Duplicate Invoice
TX0052857,2025-06-26,A038,Sales,V0232,Invoice,782.53,Cheque,GBP,Approved,2025-06-30,INV00052857,,USR0075,0,1,0,0,0,0,0,Department Manager,0,1,1,Low,2025-06,0,No Exception
TX0052859,2026-03-15,A002,Finance,V0260,Invoice,-1257.51,Cheque,GBP,Rejected,2026-03-22,INV00052859,EMP00474,USR0070,0,0,0,1,0,0,0,Senior Manager,0,1,1,Low,2026-03,0,Invalid Amount
TX0052885,2025-06-08,A013,Operations,V0282,Credit Note,854.52,Cheque,USD,Approved,2025-06-09,INV00052885,EMP00043,USR0147,0,0,0,0,0,1,0,Department Manager,0,1,1,Low,2025-06,0,Duplicate Invoice
TX0052889,2025-12-04,A076,Operations,V0145,Invoice,2152.8,Bank Transfer,GBP,Rejected,2025-12-03,INV00052889,EMP00459,USR0161,0,0,0,0,1,0,0,Senior Manager,0,1,1,Low,2025-12,0,Invalid Posting Date
TX0052893,2026-02-09,,Operations,V0025,Expense,560.14,Bank Transfer,GBP,Approved,2026-02-13,INV00052893,EMP00292,USR0082,0,0,1,0,0,0,0,Department Manager,0,1,1,Low,2026-02,0,Missing Account
TX0052895,2026-03-08,A008,IT,V0455,Invoice,1551.91,Cheque,EUR,Pending,2026-03-07,INV00052895,EMP00405,USR0007,0,0,0,0,1,0,0,Senior Manager,0,1,1,Low,2026-03,0,Invalid Posting Date
TX0052905,2026-03-27,A025,Marketing,V0317,Journal Entry,2621.58,Bank Transfer,GBP,Pending,2025-06-05,INV00052905,EMP00048,USR0082,0,0,0,0,1,0,1,Senior Manager,0,1,1,Low,2026-03,0,Invalid Posting Date
TX0052926,2025-09-01,A001,Operations,V0400,Payment,102.54,Bank Transfer,GBP,Approved,2025-09-05,INV00052926,EMP00161,USR0143,0,0,0,0,0,1,0,Department Manager,0,1,1,Low,2025-09,0,Duplicate Invoice
TX0052992,2026-01-05,A056,HR,V0146,Invoice,2426.69,Card,GBP,Pending,2026-01-05,INV00052992,EMP00411,USR0180,0,0,0,0,0,1,0,Senior Manager,0,1,1,Low,2026-01,0,Duplicate Invoice
TX0052994,2026-03-27,A034,Marketing,V0438,Credit Note,997.47,Card,GBP,Rejected,2026-01-27,INV00052994,EMP00336,USR0156,0,0,0,0,1,0,1,Department Manager,0,1,1,Low,2026-03,0,Invalid Posting Date
TX0052998,2026-03-31,A065,Marketing,V0247,Payment,1710.69,Bank Transfer,USD,Pending,2026-02-18,INV00052998,EMP00025,USR0068,0,0,0,0,1,0,1,Senior Manager,0,1,1,Low,2026-03,0,Invalid Posting Date
TX0053027,2025-09-25,A031,Sales,V0048,Invoice,610.63,Direct Debit,GBP,Pending,2025-09-30,INV00053027,,USR0055,0,1,0,0,0,0,0,Department Manager,0,1,1,Low,2025-09,0,No Exception
TX0053033,2026-03-27,A002,Procurement,V0405,Journal Entry,1551.81,Bank Transfer,GBP,Approved,2025-10-24,INV00053033,EMP00285,USR0155,0,0,0,0,1,0,1,Senior Manager,0,1,1,Low,2026-03,0,Invalid Posting Date
TX0053043,2025-06-15,A017,Sales,V0077,Invoice,3414.9,Card,USD,Approved,2025-06-22,INV00053043,EMP00190,USR0151,0,0,0,0,0,1,0,Senior Manager,0,1,1,Low,2025-06,0,Duplicate Invoice
TX0053049,2025-04-22,A028,Sales,V0028,Invoice,2609.47,Cheque,EUR,Approved,2025-04-22,INV00053049,,USR0108,0,1,0,0,0,0,0,Senior Manager,1,2,1,Medium,2025-04,0,Missing Approval
TX0053065,2025-04-10,A002,Finance,V0485,Expense,760.71,Card,GBP,Approved,2025-04-12,INV00053065,EMP00374,USR0005,0,0,0,0,0,1,0,Department Manager,0,1,1,Low,2025-04,0,Duplicate Invoice
TX0053068,2025-10-08,A067,Operations,V0058,Payment,2830.04,Direct Debit,GBP,Approved,2025-10-14,INV00053068,EMP00114,USR0107,0,0,0,0,0,1,0,Senior Manager,0,1,1,Low,2025-10,0,Duplicate Invoice
TX0053071,2025-11-29,A050,HR,V0458,Invoice,750.66,Bank Transfer,GBP,Rejected,2025-12-03,INV00053071,EMP00284,USR0006,0,0,0,0,0,1,1,Department Manager,0,1,1,Low,2025-11,0,Duplicate Invoice
TX0053084,2026-03-30,A056,IT,V0358,Invoice,1860.71,Cheque,GBP,Approved,2026-03-31,INV00053084,EMP00041,USR0026,0,0,0,0,0,1,1,Senior Manager,0,1,1,Low,2026-03,0,Duplicate Invoice
TX0053114,2026-03-28,A017,Operations,V0142,Credit Note,1098.62,Card,GBP,Pending,2025-08-03,INV00053114,EMP00225,USR0070,0,0,0,0,1,0,1,Senior Manager,0,1,1,Low,2026-03,0,Invalid Posting Date
TX0053119,2026-03-30,A009,Finance,V0085,Invoice,5568.26,Bank Transfer,EUR,Approved,2025-09-25,INV00053119,EMP00329,USR0080,0,0,0,0,1,0,1,Senior Manager,0,1,1,Low,2026-03,0,Invalid Posting Date
TX0053177,2026-03-27,A038,Marketing,V0137,Invoice,234.0,Bank Transfer,GBP,Approved,2025-07-22,INV00053177,EMP00316,USR0152,0,0,0,0,1,0,1,Department Manager,0,1,1,Low,2026-03,0,Invalid Posting Date
TX0053188,2026-03-02,A073,HR,,Credit Note,11909.14,Bank Transfer,EUR,Pending,2026-03-09,INV00053188,EMP00349,USR0017,1,0,0,0,0,0,0,Finance Director,0,1,1,Medium,2026-03,1,Missing Vendor
TX0053289,2025-09-11,A065,Procurement,V0121,Payment,512.13,Card,GBP,Approved,2025-09-15,INV00053289,,USR0178,0,1,0,0,0,0,0,Department Manager,0,1,1,Low,2025-09,0,No Exception
TX0053296,2026-02-18,A001,Finance,V0441,Invoice,6530.07,Direct Debit,GBP,Approved,2026-02-18,INV00037782,EMP00051,USR0121,0,0,0,0,0,1,0,Senior Manager,0,1,1,Low,2026-02,1,Duplicate Invoice
TX0053335,2026-03-30,A078,Procurement,V0164,Journal Entry,8852.76,Card,USD,Approved,2026-01-24,INV00053335,EMP00291,USR0052,0,0,0,0,1,0,1,Senior Manager,0,1,1,Low,2026-03,1,Invalid Posting Date
TX0053344,2025-06-04,A068,Operations,V0061,Invoice,20054.42,Direct Debit,GBP,Rejected,2025-06-05,INV00053344,,USR0148,0,1,0,0,0,0,0,Finance Director,1,2,1,Medium,2025-06,1,Missing Approval
TX0053346,2025-11-28,A057,Sales,V0169,Invoice,2374.79,Card,USD,Approved,2025-11-30,INV00053346,EMP00046,USR0123,0,0,0,0,0,1,1,Senior Manager,0,1,1,Low,2025-11,0,Duplicate Invoice
TX0053357,2025-06-10,A073,HR,V0304,Invoice,5416.52,Card,GBP,Rejected,2025-06-13,INV00092992,EMP00423,USR0183,0,0,0,0,0,1,0,Senior Manager,0,1,1,Low,2025-06,0,Duplicate Invoice
TX0053366,2026-03-28,A030,Marketing,V0038,Invoice,310.15,Card,GBP,Rejected,2025-06-04,INV00053366,EMP00080,USR0007,0,0,0,0,1,0,1,Department Manager,0,1,1,Low,2026-03,0,Invalid Posting Date
TX0053368,2026-03-31,A041,IT,V0195,Credit Note,1391.96,Card,GBP,Approved,2026-03-29,INV00053368,EMP00020,USR0080,0,0,0,0,1,0,1,Senior Manager,0,1,1,Low,2026-03,0,Invalid Posting Date
TX0053453,2026-03-27,A024,Operations,V0395,Expense,870.36,Card,GBP,Approved,2025-04-20,INV00053453,EMP00212,USR0161,0,0,0,0,1,0,1,Department Manager,0,1,1,Low,2026-03,0,Invalid Posting Date
TX0053480,2026-03-29,A016,Finance,V0310,Payment,1471.19,Bank Transfer,USD,Approved,2025-10-10,INV00053480,EMP00406,USR0192,0,0,0,0,1,0,1,Senior Manager,0,1,1,Low,2026-03,0,Invalid Posting Date
TX0053528,2025-09-22,A016,Marketing,V0324,Invoice,436.74,Bank Transfer,GBP,Approved,2025-09-25,INV00053528,EMP00104,USR0074,0,0,0,0,0,1,0,Department Manager,0,1,1,Low,2025-09,0,Duplicate Invoice
TX0053538,2026-03-28,A080,Marketing,V0091,Invoice,1096.99,Bank Transfer,GBP,Pending,2025-05-13,INV00053538,EMP00130,USR0197,0,0,0,0,1,0,1,Senior Manager,0,1,1,Low,2026-03,0,Invalid Posting Date
TX0053556,2026-03-08,A042,Operations,V0204,Invoice,3270.29,Card,GBP,Pending,2026-03-12,INV00053556,,USR0157,0,1,0,0,0,0,0,Senior Manager,1,2,1,Medium,2026-03,0,Missing Approval
TX0053565,2026-03-30,A052,Finance,V0063,Expense,53.09,Card,GBP,Pending,2026-02-23,INV00053565,EMP00335,USR0007,0,0,0,0,1,0,1,Department Manager,0,1,1,Low,2026-03,0,Invalid Posting Date
TX0053570,2025-07-14,A008,Sales,V0437,Journal Entry,1467.0,Card,GBP,Rejected,2025-07-15,INV00053570,EMP00448,USR0123,0,0,0,0,0,1,0,Senior Manager,0,1,1,Low,2025-07,0,Duplicate Invoice
TX0053618,2025-12-31,A072,Finance,V0181,Journal Entry,-1035.69,Bank Transfer,EUR,Rejected,2026-01-03,INV00053618,EMP00162,USR0166,0,0,0,1,0,0,1,Senior Manager,0,1,1,Low,2025-12,0,Invalid Amount
TX0053646,2025-06-23,A056,Operations,,Payment,934.72,Card,EUR,Approved,2025-06-23,INV00053646,EMP00338,USR0130,1,0,0,0,0,0,0,Department Manager,0,1,1,Low,2025-06,0,Missing Vendor
TX0053694,2026-03-29,A062,Finance,V0224,Invoice,2339.96,Direct Debit,EUR,Rejected,2025-08-19,INV00053694,EMP00004,USR0144,0,0,0,0,1,0,1,Senior Manager,0,1,1,Low,2026-03,0,Invalid Posting Date
TX0053707,2025-11-04,A034,Finance,V0239,Payment,782.31,Card,GBP,Pending,2025-11-10,INV00049369,EMP00388,USR0030,0,0,0,0,0,1,0,Department Manager,0,1,1,Low,2025-11,0,Duplicate Invoice
TX0053728,2025-06-02,A025,Operations,,Journal Entry,2079.77,Card,GBP,Rejected,2025-06-02,INV00053728,EMP00167,USR0022,1,0,0,0,0,0,0,Senior Manager,0,1,1,Low,2025-06,0,Missing Vendor
TX0053731,2026-03-27,A049,Finance,V0500,Invoice,2177.47,Card,EUR,Pending,2025-08-12,INV00053731,EMP00172,USR0060,0,0,0,0,1,0,1,Senior Manager,0,1,1,Low,2026-03,0,Invalid Posting Date
TX0053733,2025-04-08,A065,Marketing,V0453,Expense,725.23,Bank Transfer,GBP,Approved,2025-04-12,INV00053733,,USR0007,0,1,0,0,0,0,0,Department Manager,0,1,1,Low,2025-04,0,No Exception
TX0053810,2025-07-17,A005,HR,V0294,Expense,154.79,Cheque,GBP,Rejected,2025-07-24,INV00029131,EMP00336,USR0034,0,0,0,0,0,1,0,Department Manager,0,1,1,Low,2025-07,0,Duplicate Invoice
TX0053842,2026-03-29,A048,IT,V0415,Invoice,1781.35,Direct Debit,GBP,Approved,2025-07-23,INV00053842,EMP00226,USR0182,0,0,0,0,1,1,1,Senior Manager,0,2,1,Medium,2026-03,0,Duplicate Invoice
TX0053848,2026-03-17,A074,Sales,V0235,Invoice,1417.85,Bank Transfer,GBP,Rejected,2026-03-17,INV00053848,,USR0102,0,1,0,0,0,0,0,Senior Manager,1,2,1,Medium,2026-03,0,Missing Approval
TX0053850,2026-03-27,A059,Operations,V0336,Invoice,4181.89,Direct Debit,GBP,Approved,2026-03-12,INV00053850,EMP00245,USR0030,0,0,0,0,1,0,1,Senior Manager,0,1,1,Low,2026-03,0,Invalid Posting Date
TX0053861,2025-11-02,A029,Finance,V0495,Invoice,2423.47,Cheque,GBP,Approved,2025-11-09,INV00053861,,USR0034,0,1,0,0,0,0,0,Senior Manager,1,2,1,Medium,2025-11,0,Missing Approval
TX0053864,2025-04-24,A025,Operations,,Invoice,452.52,Cheque,GBP,Pending,2025-04-28,INV00053864,EMP00289,USR0143,1,0,0,0,0,0,0,Department Manager,0,1,1,Low,2025-04,0,Missing Vendor
TX0053930,2025-11-22,A017,Sales,V0261,Payment,2577.94,Card,USD,Approved,2025-11-26,INV00053930,EMP00001,USR0101,0,0,0,0,0,1,0,Senior Manager,0,1,1,Low,2025-11,0,Duplicate Invoice
TX0053979,2025-04-28,A009,Finance,V0490,Invoice,2612.7,Bank Transfer,EUR,Rejected,2025-04-29,INV00053979,EMP00209,USR0126,0,0,0,0,0,1,1,Senior Manager,0,1,1,Low,2025-04,0,Duplicate Invoice
TX0054004,2025-11-22,A009,Marketing,V0483,Journal Entry,2392.15,Cheque,GBP,Approved,2025-11-25,INV00060771,EMP00150,USR0034,0,0,0,0,0,1,0,Senior Manager,0,1,1,Low,2025-11,0,Duplicate Invoice
TX0054018,2025-10-21,A018,Finance,V0485,Invoice,1595.94,Cheque,GBP,Approved,2025-10-27,INV00054018,,USR0164,0,1,0,0,0,0,0,Senior Manager,1,2,1,Medium,2025-10,0,Missing Approval
TX0054024,2026-03-28,A043,HR,V0064,Invoice,166.14,Bank Transfer,EUR,Rejected,2025-05-22,INV00054024,EMP00353,USR0153,0,0,0,0,1,0,1,Department Manager,0,1,1,Low,2026-03,0,Invalid Posting Date
TX0054121,2025-05-08,A065,Procurement,V0073,Expense,88.21,Bank Transfer,EUR,Pending,2025-05-11,INV00052151,EMP00117,USR0002,0,0,0,0,0,1,0,Department Manager,0,1,1,Low,2025-05,0,Duplicate Invoice
TX0054146,2025-12-09,A037,Sales,V0222,Invoice,946.78,Card,GBP,Rejected,2025-12-11,INV00043009,EMP00473,USR0094,0,0,0,0,0,1,0,Department Manager,0,1,1,Low,2025-12,0,Duplicate Invoice
TX0054168,2025-08-18,A010,Operations,V0029,Invoice,2472.59,Bank Transfer,EUR,Rejected,2025-08-22,INV00082200,EMP00499,USR0059,0,0,0,0,0,1,0,Senior Manager,0,1,1,Low,2025-08,0,Duplicate Invoice
TX0054174,2025-06-27,A056,HR,V0289,Expense,2878.63,Bank Transfer,GBP,Approved,2025-06-30,INV00054174,,USR0127,0,1,0,0,0,0,1,Senior Manager,1,2,1,Medium,2025-06,0,Missing Approval
TX0054212,2026-02-07,A014,Marketing,V0189,Expense,1596.48,Card,GBP,Approved,2026-02-08,INV00054212,,USR0177,0,1,0,0,0,0,0,Senior Manager,1,2,1,Medium,2026-02,0,Missing Approval
TX0054222,2026-01-14,A006,Finance,V0057,Invoice,709.68,Cheque,GBP,Rejected,2026-01-14,INV00096126,EMP00057,USR0103,0,0,0,0,0,1,0,Department Manager,0,1,1,Low,2026-01,0,Duplicate Invoice
TX0054251,2025-06-18,A053,Marketing,V0123,Journal Entry,450.67,Direct Debit,GBP,Approved,2025-06-19,INV00017503,EMP00447,USR0103,0,0,0,0,0,1,0,Department Manager,0,1,1,Low,2025-06,0,Duplicate Invoice
TX0054273,2026-03-27,A068,IT,V0376,Expense,1398.65,Direct Debit,GBP,Approved,2025-05-27,INV00054273,EMP00245,USR0188,0,0,0,0,1,0,1,Senior Manager,0,1,1,Low,2026-03,0,Invalid Posting Date
TX0054275,2025-05-16,A066,Procurement,,Expense,810.69,Cheque,EUR,Pending,2025-05-23,INV00054275,EMP00098,USR0084,1,0,0,0,0,0,0,Department Manager,0,1,1,Low,2025-05,0,Missing Vendor
TX0054307,2025-10-30,A028,IT,V0032,Invoice,3281.61,Cheque,GBP,Pending,2025-11-04,INV00020087,EMP00151,USR0181,0,0,0,0,0,1,1,Senior Manager,0,1,1,Low,2025-10,0,Duplicate Invoice
TX0054309,2026-03-29,A057,IT,V0497,Payment,258.13,Cheque,GBP,Approved,2025-12-04,INV00054309,EMP00487,USR0200,0,0,0,0,1,0,1,Department Manager,0,1,1,Low,2026-03,0,Invalid Posting Date
TX0054340,2025-10-07,A052,Procurement,V0481,Expense,307.62,Cheque,GBP,Approved,2025-10-12,INV00054340,,USR0134,0,1,0,0,0,0,0,Department Manager,0,1,1,Low,2025-10,0,No Exception
TX0054364,2025-11-25,A065,IT,V0254,Journal Entry,1100.69,Bank Transfer,EUR,Approved,2025-11-26,INV00036400,EMP00156,USR0187,0,0,0,0,0,1,0,Senior Manager,0,1,1,Low,2025-11,0,Duplicate Invoice
TX0054375,2025-07-08,A008,Operations,V0292,Expense,121.81,Card,GBP,Pending,2025-07-14,INV00054375,EMP00117,USR0018,0,0,0,0,0,1,0,Department Manager,0,1,1,Low,2025-07,0,Duplicate Invoice
TX0054394,2026-03-31,A065,Procurement,V0069,Payment,3302.28,Card,GBP,Approved,2025-11-07,INV00054394,EMP00069,USR0012,0,0,0,0,1,0,1,Senior Manager,0,1,1,Low,2026-03,0,Invalid Posting Date
TX0054397,2026-03-26,A021,Operations,V0088,Invoice,1356.46,Direct Debit,USD,Approved,2026-03-28,INV00054397,EMP00393,USR0097,0,0,0,0,0,1,0,Senior Manager,0,1,1,Low,2026-03,0,Duplicate Invoice
TX0054409,2026-02-17,A068,Sales,V0334,Invoice,608.21,Direct Debit,GBP,Approved,2026-02-24,INV00054409,,USR0057,0,1,0,0,0,0,0,Department Manager,0,1,1,Low,2026-02,0,No Exception
TX0054470,2025-09-16,A021,Operations,V0239,Invoice,2230.41,Direct Debit,GBP,Approved,2025-09-16,INV00054470,,USR0054,0,1,0,0,0,0,0,Senior Manager,1,2,1,Medium,2025-09,0,Missing Approval
TX0054490,2025-06-08,A056,Finance,V0500,Expense,511.11,Bank Transfer,GBP,Approved,2025-06-15,INV00056835,EMP00177,USR0112,0,0,0,0,0,1,0,Department Manager,0,1,1,Low,2025-06,0,Duplicate Invoice
TX0054513,2025-06-04,A069,IT,V0214,Invoice,931.06,Cheque,USD,Approved,2025-06-08,INV00054513,,USR0117,0,1,0,0,0,0,0,Department Manager,0,1,1,Low,2025-06,0,No Exception
TX0054569,2025-10-29,A071,Procurement,V0426,Invoice,823.31,Cheque,USD,Approved,2025-11-01,INV00054569,EMP00089,USR0139,0,0,0,0,0,1,1,Department Manager,0,1,1,Low,2025-10,0,Duplicate Invoice
TX0054589,2026-01-13,A063,HR,,Journal Entry,498.79,Bank Transfer,EUR,Approved,2026-01-17,INV00054589,EMP00175,USR0167,1,0,0,0,0,0,0,Department Manager,0,1,1,Low,2026-01,0,Missing Vendor
TX0054590,2025-10-11,A074,HR,V0115,Payment,-1666.54,Cheque,EUR,Pending,2025-10-12,INV00054590,EMP00420,USR0062,0,0,0,1,0,0,0,Senior Manager,0,1,1,Low,2025-10,0,Invalid Amount
TX0054662,2025-10-06,A042,Procurement,V0308,Credit Note,642.47,Cheque,GBP,Approved,2025-10-10,INV00027538,EMP00315,USR0005,0,0,0,0,0,1,0,Department Manager,0,1,1,Low,2025-10,0,Duplicate Invoice
TX0054663,2025-07-08,A070,Procurement,V0213,Payment,3795.93,Card,USD,Pending,2025-07-12,INV00084341,EMP00186,USR0021,0,0,0,0,0,1,0,Senior Manager,0,1,1,Low,2025-07,0,Duplicate Invoice
TX0054697,2026-03-27,A067,Sales,V0243,Journal Entry,67.87,Bank Transfer,GBP,Rejected,2025-08-18,INV00054697,EMP00354,USR0042,0,0,0,0,1,0,1,Department Manager,0,1,1,Low,2026-03,0,Invalid Posting Date
TX0054700,2026-03-26,A011,Operations,V0467,Invoice,5522.39,Card,USD,Pending,2026-03-28,INV00054700,,USR0008,0,1,0,0,0,0,0,Senior Manager,1,2,1,Medium,2026-03,0,Missing Approval
TX0054725,2025-08-16,,Operations,V0351,Invoice,1757.12,Card,USD,Approved,2025-08-21,INV00054725,EMP00201,USR0005,0,0,1,0,0,0,0,Senior Manager,0,1,1,Low,2025-08,0,Missing Account
TX0054729,2026-03-31,A067,HR,V0130,Invoice,270.1,Cheque,USD,Approved,2025-07-05,INV00054729,EMP00128,USR0171,0,0,0,0,1,0,1,Department Manager,0,1,1,Low,2026-03,0,Invalid Posting Date
TX0054742,2026-03-02,A047,IT,V0314,Invoice,8323.89,Direct Debit,GBP,Rejected,2026-02-26,INV00067359,EMP00015,USR0161,0,0,0,0,1,1,0,Senior Manager,0,2,1,Medium,2026-03,1,Duplicate Invoice
TX0054749,2026-03-13,A012,Procurement,,Journal Entry,841.35,Card,GBP,Approved,2026-03-17,INV00054749,EMP00356,USR0054,1,0,0,0,0,0,0,Department Manager,0,1,1,Low,2026-03,0,Missing Vendor
TX0054766,2025-08-27,A047,IT,V0121,Journal Entry,-817.38,Card,EUR,Rejected,2025-08-29,INV00054766,EMP00236,USR0131,0,0,0,1,0,0,1,Department Manager,0,1,1,Low,2025-08,0,Invalid Amount
TX0054795,2025-04-11,A033,HR,V0174,Expense,596.8,Bank Transfer,EUR,Approved,2025-04-14,INV00054795,EMP00308,USR0122,0,0,0,0,0,1,0,Department Manager,0,1,1,Low,2025-04,0,Duplicate Invoice
TX0054835,2025-04-27,A077,Operations,V0417,Invoice,440.12,Cheque,GBP,Approved,2025-04-25,INV00054835,EMP00496,USR0169,0,0,0,0,1,0,1,Department Manager,0,1,1,Low,2025-04,0,Invalid Posting Date
TX0054897,2025-04-30,A066,IT,V0296,Payment,756.0,Cheque,EUR,Approved,2025-05-03,INV00054897,,USR0069,0,1,0,0,0,0,1,Department Manager,0,1,1,Low,2025-04,0,No Exception
TX0054969,2025-09-12,A011,Marketing,V0316,Invoice,1436.96,Card,GBP,Pending,2025-09-14,INV00005020,EMP00246,USR0131,0,0,0,0,0,1,0,Senior Manager,0,1,1,Low,2025-09,0,Duplicate Invoice
TX0054978,2026-03-01,A048,Sales,,Journal Entry,527.38,Cheque,EUR,Pending,2026-03-05,INV00054978,EMP00265,USR0034,1,0,0,0,0,0,0,Department Manager,0,1,1,Low,2026-03,0,Missing Vendor
TX0054985,2026-03-28,A071,Operations,V0458,Journal Entry,238.1,Cheque,GBP,Approved,2025-04-10,INV00054985,EMP00413,USR0145,0,0,0,0,1,0,1,Department Manager,0,1,1,Low,2026-03,0,Invalid Posting Date
TX0054997,2025-12-08,A024,Operations,V0053,Invoice,1295.13,Cheque,GBP,Approved,2025-12-09,INV00017920,EMP00399,USR0073,0,0,0,0,0,1,0,Senior Manager,0,1,1,Low,2025-12,0,Duplicate Invoice
TX0055000,2025-10-27,A025,Marketing,,Expense,2953.24,Card,GBP,Pending,2025-10-27,INV00055000,EMP00170,USR0107,1,0,0,0,0,0,1,Senior Manager,0,1,1,Low,2025-10,0,Missing Vendor
TX0055043,2025-08-19,A063,IT,V0135,Invoice,328.78,Card,GBP,Pending,2025-08-19,INV00055043,EMP00012,USR0004,0,0,0,0,0,1,0,Department Manager,0,1,1,Low,2025-08,0,Duplicate Invoice
TX0055052,2025-05-24,A059,Operations,V0311,Invoice,1501.12,Card,GBP,Approved,2025-05-28,INV00055052,,USR0150,0,1,0,0,0,0,0,Senior Manager,1,2,1,Medium,2025-05,0,Missing Approval
TX0055064,2026-03-06,A031,HR,V0043,Invoice,2108.34,Direct Debit,GBP,Approved,2026-03-11,INV00055064,,USR0045,0,1,0,0,0,0,0,Senior Manager,1,2,1,Medium,2026-03,0,Missing Approval
TX0055083,2025-04-07,A067,Finance,V0301,Invoice,627.94,Cheque,GBP,Pending,2025-04-09,INV00055083,,USR0184,0,1,0,0,0,0,0,Department Manager,0,1,1,Low,2025-04,0,No Exception
TX0055088,2025-04-13,,Marketing,V0411,Credit Note,4359.44,Bank Transfer,GBP,Pending,2025-04-19,INV00055088,EMP00322,USR0044,0,0,1,0,0,0,0,Senior Manager,0,1,1,Low,2025-04,0,Missing Account
TX0055099,2025-11-01,A006,Sales,V0196,Invoice,-1499.5,Bank Transfer,EUR,Approved,2025-11-01,INV00055099,EMP00355,USR0059,0,0,0,1,0,0,0,Senior Manager,0,1,1,Low,2025-11,0,Invalid Amount
TX0055167,2025-09-25,A008,Sales,V0461,Journal Entry,793.73,Bank Transfer,USD,Rejected,2025-10-02,INV00055167,,USR0008,0,1,0,0,0,0,0,Department Manager,0,1,1,Low,2025-09,0,No Exception
TX0055176,2026-03-29,A055,Operations,V0038,Invoice,649.6,Direct Debit,GBP,Approved,2025-08-19,INV00055176,EMP00294,USR0177,0,0,0,0,1,0,1,Department Manager,0,1,1,Low,2026-03,0,Invalid Posting Date
TX0055191,2026-02-03,A069,Finance,V0219,Expense,651.7,Cheque,EUR,Approved,2026-02-10,INV00002938,EMP00099,USR0148,0,0,0,0,0,1,0,Department Manager,0,1,1,Low,2026-02,0,Duplicate Invoice
TX0055207,2025-06-12,A030,IT,V0342,Journal Entry,1574.53,Cheque,USD,Rejected,2025-06-18,INV00055207,,USR0134,0,1,0,0,0,0,0,Senior Manager,1,2,1,Medium,2025-06,0,Missing Approval
TX0055208,2026-03-03,A060,Operations,V0326,Invoice,231.36,Cheque,GBP,Approved,2026-03-07,INV00055208,EMP00188,USR0132,0,0,0,0,0,1,0,Department Manager,0,1,1,Low,2026-03,0,Duplicate Invoice
TX0055224,2025-10-28,A055,IT,V0202,Journal Entry,4557.08,Cheque,GBP,Approved,2025-11-04,INV00055224,EMP00055,USR0078,0,0,0,0,0,1,1,Senior Manager,0,1,1,Low,2025-10,0,Duplicate Invoice
TX0055233,2026-03-08,A006,Finance,V0461,Invoice,4432.98,Cheque,EUR,Approved,2026-03-05,INV00055233,EMP00001,USR0028,0,0,0,0,1,0,0,Senior Manager,0,1,1,Low,2026-03,0,Invalid Posting Date
TX0055239,2025-08-01,A005,Operations,V0228,Invoice,149.59,Bank Transfer,GBP,Pending,2025-08-06,INV00055239,EMP00073,USR0001,0,0,0,0,0,1,0,Department Manager,0,1,1,Low,2025-08,0,Duplicate Invoice
TX0055245,2025-12-10,A077,Procurement,,Invoice,473.78,Direct Debit,GBP,Rejected,2025-12-15,INV00055245,EMP00386,USR0138,1,0,0,0,0,0,0,Department Manager,0,1,1,Low,2025-12,0,Missing Vendor
TX0055286,2025-12-13,A030,Operations,V0500,Invoice,2233.05,Cheque,GBP,Rejected,2025-12-18,INV00077965,EMP00371,USR0033,0,0,0,0,0,1,0,Senior Manager,0,1,1,Low,2025-12,0,Duplicate Invoice
TX0055318,2025-11-17,A051,Procurement,V0478,Invoice,4666.64,Direct Debit,USD,Approved,2025-11-20,INV00055318,EMP00441,USR0190,0,0,0,0,0,1,0,Senior Manager,0,1,1,Low,2025-11,0,Duplicate Invoice
TX0055326,2025-07-29,A044,Finance,V0109,Payment,1159.82,Cheque,USD,Rejected,2025-08-02,INV00091331,EMP00372,USR0192,0,0,0,0,0,1,1,Senior Manager,0,1,1,Low,2025-07,0,Duplicate Invoice
TX0055339,2025-11-07,A017,Procurement,V0092,Invoice,1076.25,Bank Transfer,GBP,Approved,2025-11-11,INV00013736,EMP00140,USR0043,0,0,0,0,0,1,0,Senior Manager,0,1,1,Low,2025-11,0,Duplicate Invoice
TX0055341,2025-08-20,A018,Operations,V0292,Credit Note,9394.96,Direct Debit,GBP,Pending,2025-08-26,INV00070852,EMP00466,USR0200,0,0,0,0,0,1,0,Senior Manager,0,1,1,Low,2025-08,1,Duplicate Invoice
TX0055376,2026-02-24,A015,Finance,V0044,Invoice,475.29,Cheque,USD,Rejected,2026-02-28,INV00055376,EMP00084,USR0133,0,0,0,0,0,1,0,Department Manager,0,1,1,Low,2026-02,0,Duplicate Invoice
TX0055394,2026-03-27,A034,Marketing,V0184,Invoice,277.55,Cheque,USD,Approved,2026-01-04,INV00055394,EMP00086,USR0076,0,0,0,0,1,0,1,Department Manager,0,1,1,Low,2026-03,0,Invalid Posting Date
TX0055416,2025-04-10,A070,Finance,,Payment,1174.03,Card,GBP,Approved,2025-04-10,INV00055416,EMP00082,USR0091,1,0,0,0,0,0,0,Senior Manager,0,1,1,Low,2025-04,0,Missing Vendor
TX0055432,2025-11-28,A080,Sales,V0209,Payment,829.06,Card,GBP,Approved,2025-12-03,INV00055432,EMP00016,USR0014,0,0,0,0,0,1,1,Department Manager,0,1,1,Low,2025-11,0,Duplicate Invoice
TX0055474,2026-03-30,A079,Operations,V0006,Journal Entry,388.37,Bank Transfer,GBP,Pending,2025-09-05,INV00055474,EMP00276,USR0053,0,0,0,0,1,0,1,Department Manager,0,1,1,Low,2026-03,0,Invalid Posting Date
TX0055496,2025-12-22,A021,Marketing,V0200,Invoice,5156.03,Bank Transfer,GBP,Approved,2025-12-27,INV00077960,EMP00216,USR0073,0,0,0,0,0,1,0,Senior Manager,0,1,1,Low,2025-12,0,Duplicate Invoice
TX0055512,2025-08-14,A041,Sales,V0299,Invoice,313.48,Direct Debit,GBP,Approved,2025-08-17,INV00025453,EMP00084,USR0092,0,0,0,0,0,1,0,Department Manager,0,1,1,Low,2025-08,0,Duplicate Invoice
TX0055522,2025-08-01,A010,Procurement,V0153,Payment,1518.57,Card,USD,Approved,2025-07-30,INV00055522,EMP00105,USR0164,0,0,0,0,1,0,0,Senior Manager,0,1,1,Low,2025-08,0,Invalid Posting Date
TX0055535,2025-11-27,A008,IT,V0198,Invoice,1132.79,Cheque,EUR,Approved,2025-12-03,INV00055535,,USR0024,0,1,0,0,0,0,1,Senior Manager,1,2,1,Medium,2025-11,0,Missing Approval
TX0055542,2025-04-27,A004,IT,V0455,Invoice,13399.85,Bank Transfer,EUR,Pending,2025-04-30,INV00065410,EMP00238,USR0171,0,0,0,0,0,1,1,Finance Director,0,1,1,Medium,2025-04,1,Duplicate Invoice
TX0055577,2026-03-14,A042,IT,V0276,Expense,3144.13,Card,GBP,Approved,2026-03-18,INV00098400,EMP00136,USR0051,0,0,0,0,0,1,0,Senior Manager,0,1,1,Low,2026-03,0,Duplicate Invoice
TX0055645,2025-06-18,A059,IT,,Invoice,109.29,Card,USD,Rejected,2025-06-23,INV00055645,EMP00021,USR0191,1,0,0,0,0,0,0,Department Manager,0,1,1,Low,2025-06,0,Missing Vendor
TX0055687,2026-03-13,A026,Sales,V0247,Credit Note,569.08,Bank Transfer,GBP,Pending,2026-03-11,INV00055687,EMP00416,USR0147,0,0,0,0,1,0,0,Department Manager,0,1,1,Low,2026-03,0,Invalid Posting Date
TX0055688,2025-08-26,A053,IT,V0447,Journal Entry,1537.28,Direct Debit,USD,Approved,2025-08-27,INV00055688,,USR0067,0,1,0,0,0,0,0,Senior Manager,1,2,1,Medium,2025-08,0,Missing Approval
TX0055704,2025-07-02,A049,Operations,V0076,Expense,422.09,Direct Debit,GBP,Approved,2025-07-01,INV00055704,EMP00090,USR0195,0,0,0,0,1,0,0,Department Manager,0,1,1,Low,2025-07,0,Invalid Posting Date
TX0055741,2026-03-27,A012,Finance,V0433,Payment,2262.63,Direct Debit,GBP,Approved,2025-05-21,INV00055741,EMP00235,USR0114,0,0,0,0,1,0,1,Senior Manager,0,1,1,Low,2026-03,0,Invalid Posting Date
TX0055827,2025-10-01,A023,Operations,,Invoice,2990.65,Cheque,GBP,Rejected,2025-10-08,INV00055827,EMP00249,USR0122,1,0,0,0,0,0,0,Senior Manager,0,1,1,Low,2025-10,0,Missing Vendor
TX0055844,2026-03-28,A020,HR,V0326,Payment,682.35,Bank Transfer,GBP,Approved,2025-10-11,INV00055844,EMP00397,USR0055,0,0,0,0,1,0,1,Department Manager,0,1,1,Low,2026-03,0,Invalid Posting Date
TX0055876,2026-03-27,A049,Procurement,V0027,Invoice,242.9,Cheque,EUR,Rejected,2026-01-17,INV00055876,EMP00076,USR0002,0,0,0,0,1,0,1,Department Manager,0,1,1,Low,2026-03,0,Invalid Posting Date
TX0055885,2025-11-01,A062,HR,V0006,Invoice,4778.25,Direct Debit,USD,Rejected,2025-11-02,INV00055885,,USR0017,0,1,0,0,0,0,0,Senior Manager,1,2,1,Medium,2025-11,0,Missing Approval
TX0055925,2026-01-02,A049,Marketing,V0018,Journal Entry,-308.4,Cheque,GBP,Approved,2026-01-07,INV00055925,EMP00404,USR0034,0,0,0,1,0,0,0,Department Manager,0,1,1,Low,2026-01,0,Invalid Amount
TX0055930,2025-11-13,A021,Marketing,V0078,Payment,1511.16,Direct Debit,EUR,Rejected,2025-11-15,INV00055930,EMP00311,USR0141,0,0,0,0,0,1,0,Senior Manager,0,1,1,Low,2025-11,0,Duplicate Invoice
TX0055933,2026-01-13,A012,HR,,Credit Note,321.41,Card,GBP,Pending,2026-01-16,INV00055933,EMP00248,USR0177,1,0,0,0,0,0,0,Department Manager,0,1,1,Low,2026-01,0,Missing Vendor
TX0055939,2026-03-24,A040,Marketing,V0107,Invoice,451.39,Direct Debit,GBP,Pending,2026-03-24,INV00055939,EMP00354,USR0145,0,0,0,0,0,1,0,Department Manager,0,1,1,Low,2026-03,0,Duplicate Invoice
TX0055942,2026-03-08,A046,Finance,V0031,Journal Entry,37605.38,Cheque,USD,Approved,2026-03-13,INV00055942,,USR0124,0,1,0,0,0,0,0,Finance Director,1,2,1,Medium,2026-03,1,Missing Approval
TX0055951,2025-06-14,A057,Operations,V0085,Journal Entry,537.28,Direct Debit,USD,Pending,2025-06-14,INV00044953,EMP00290,USR0141,0,0,0,0,0,1,0,Department Manager,0,1,1,Low,2025-06,0,Duplicate Invoice
TX0055954,2025-11-03,A063,Procurement,V0040,Expense,2341.54,Card,GBP,Rejected,2025-11-05,INV00055954,,USR0085,0,1,0,0,0,0,0,Senior Manager,1,2,1,Medium,2025-11,0,Missing Approval
TX0055956,2025-04-20,A045,Operations,,Invoice,376.25,Direct Debit,GBP,Approved,2025-04-20,INV00055956,EMP00199,USR0118,1,0,0,0,0,0,0,Department Manager,0,1,1,Low,2025-04,0,Missing Vendor
TX0055985,2026-03-28,A002,Operations,V0226,Invoice,5617.21,Direct Debit,EUR,Approved,2025-06-13,INV00055985,EMP00475,USR0054,0,0,0,0,1,0,1,Senior Manager,0,1,1,Low,2026-03,0,Invalid Posting Date
TX0056013,2025-11-03,A009,Procurement,V0289,Payment,647.15,Direct Debit,EUR,Pending,2025-11-10,INV00071223,EMP00020,USR0119,0,0,0,0,0,1,0,Department Manager,0,1,1,Low,2025-11,0,Duplicate Invoice
TX0056014,2025-11-16,A059,Marketing,V0365,Payment,1325.41,Cheque,GBP,Approved,2025-11-23,INV00056014,EMP00435,USR0056,0,0,0,0,0,1,0,Senior Manager,0,1,1,Low,2025-11,0,Duplicate Invoice
TX0056028,2025-08-03,A032,Operations,,Invoice,1536.59,Card,GBP,Rejected,2025-08-08,INV00056028,EMP00207,USR0130,1,0,0,0,0,0,0,Senior Manager,0,1,1,Low,2025-08,0,Missing Vendor
TX0056031,2025-09-20,A008,Operations,V0369,Payment,-244.94,Direct Debit,GBP,Pending,2025-09-21,INV00056031,EMP00322,USR0179,0,0,0,1,0,0,0,Department Manager,0,1,1,Low,2025-09,0,Invalid Amount
TX0056074,2025-08-24,A003,IT,V0135,Expense,7463.62,Cheque,GBP,Approved,2025-08-31,INV00082364,EMP00253,USR0112,0,0,0,0,0,1,0,Senior Manager,0,1,1,Low,2025-08,1,Duplicate Invoice
TX0056085,2025-05-30,A071,Finance,V0425,Invoice,491.13,Direct Debit,USD,Rejected,2025-06-05,INV00018743,EMP00279,USR0006,0,0,0,0,0,1,1,Department Manager,0,1,1,Low,2025-05,0,Duplicate Invoice
TX0056098,2025-10-01,A026,Operations,V0174,Journal Entry,2490.59,Bank Transfer,EUR,Pending,2025-10-03,INV00056098,EMP00162,USR0088,0,0,0,0,0,1,0,Senior Manager,0,1,1,Low,2025-10,0,Duplicate Invoice
TX0056143,2025-04-15,A010,Marketing,,Payment,3153.6,Card,USD,Pending,2025-04-16,INV00056143,EMP00004,USR0130,1,0,0,0,0,0,0,Senior Manager,0,1,1,Low,2025-04,0,Missing Vendor
TX0056146,2025-06-27,A040,HR,V0316,Credit Note,6691.83,Direct Debit,GBP,Pending,2025-06-28,INV00056146,EMP00488,USR0117,0,0,0,0,0,1,1,Senior Manager,0,1,1,Low,2025-06,1,Duplicate Invoice
TX0056186,2025-09-24,A051,IT,V0317,Expense,2203.46,Direct Debit,GBP,Approved,2025-10-01,INV00064291,EMP00210,USR0104,0,0,0,0,0,1,0,Senior Manager,0,1,1,Low,2025-09,0,Duplicate Invoice
TX0056196,2025-07-09,A026,IT,V0049,Invoice,4557.14,Card,USD,Approved,2025-07-11,INV00023146,EMP00420,USR0174,0,0,0,0,0,1,0,Senior Manager,0,1,1,Low,2025-07,0,Duplicate Invoice
TX0056276,2026-03-24,A018,Procurement,V0106,Expense,-548.09,Bank Transfer,USD,Rejected,2026-03-28,INV00056276,EMP00099,USR0061,0,0,0,1,0,0,0,Department Manager,0,1,1,Low,2026-03,0,Invalid Amount
TX0056282,2025-08-23,A068,Operations,,Payment,547.5,Cheque,GBP,Pending,2025-08-28,INV00056282,EMP00067,USR0092,1,0,0,0,0,0,0,Department Manager,0,1,1,Low,2025-08,0,Missing Vendor
TX0056294,2025-09-12,A053,Operations,V0118,Credit Note,1946.19,Direct Debit,EUR,Approved,2025-09-18,INV00056294,EMP00329,USR0129,0,0,0,0,0,1,0,Senior Manager,0,1,1,Low,2025-09,0,Duplicate Invoice
TX0056298,2025-12-17,A004,Operations,V0193,Invoice,1065.15,Direct Debit,GBP,Rejected,2025-12-19,INV00056298,,USR0082,0,1,0,0,0,0,0,Senior Manager,1,2,1,Medium,2025-12,0,Missing Approval
TX0056300,2026-01-24,A049,Operations,V0404,Credit Note,3727.86,Bank Transfer,USD,Rejected,2026-01-30,INV00056300,EMP00096,USR0112,0,0,0,0,0,1,0,Senior Manager,0,1,1,Low,2026-01,0,Duplicate Invoice
TX0056338,2025-05-28,A074,Procurement,V0057,Journal Entry,2061.98,Bank Transfer,GBP,Approved,2025-06-01,INV00056338,EMP00397,USR0143,0,0,0,0,0,1,1,Senior Manager,0,1,1,Low,2025-05,0,Duplicate Invoice
TX0056344,2025-12-21,A031,Sales,V0081,Invoice,142.27,Direct Debit,GBP,Rejected,2025-12-28,INV00066294,EMP00254,USR0030,0,0,0,0,0,1,0,Department Manager,0,1,1,Low,2025-12,0,Duplicate Invoice
TX0056346,2025-07-04,A022,Sales,V0151,Payment,401.63,Cheque,EUR,Pending,2025-07-06,INV00056346,EMP00206,USR0145,0,0,0,0,0,1,0,Department Manager,0,1,1,Low,2025-07,0,Duplicate Invoice
TX0056350,2026-03-29,A007,IT,V0241,Invoice,137.27,Bank Transfer,GBP,Approved,2025-10-09,INV00056350,EMP00285,USR0101,0,0,0,0,1,0,1,Department Manager,0,1,1,Low,2026-03,0,Invalid Posting Date
TX0056358,2026-03-28,A019,Sales,V0165,Payment,733.54,Card,GBP,Approved,2025-12-22,INV00056358,EMP00096,USR0138,0,0,0,0,1,0,1,Department Manager,0,1,1,Low,2026-03,0,Invalid Posting Date
TX0056365,2026-01-05,A038,Sales,V0002,Expense,366.2,Cheque,GBP,Approved,2026-01-08,INV00019264,EMP00080,USR0092,0,0,0,0,0,1,0,Department Manager,0,1,1,Low,2026-01,0,Duplicate Invoice
TX0056395,2025-04-05,A024,Marketing,V0371,Invoice,496.15,Cheque,EUR,Approved,2025-04-11,INV00066270,EMP00286,USR0192,0,0,0,0,0,1,0,Department Manager,0,1,1,Low,2025-04,0,Duplicate Invoice
TX0056402,2026-03-30,A059,Procurement,V0267,Journal Entry,2146.07,Card,EUR,Approved,2025-06-01,INV00056402,EMP00079,USR0093,0,0,0,0,1,0,1,Senior Manager,0,1,1,Low,2026-03,0,Invalid Posting Date
TX0056430,2025-04-23,A003,Operations,V0011,Invoice,1304.66,Card,USD,Rejected,2025-04-26,INV00056430,,USR0027,0,1,0,0,0,1,0,Senior Manager,1,3,1,High,2025-04,0,Duplicate Invoice
TX0056433,2026-03-29,A033,Operations,V0462,Expense,1128.55,Direct Debit,USD,Approved,2025-11-02,INV00056433,EMP00227,USR0195,0,0,0,0,1,0,1,Senior Manager,0,1,1,Low,2026-03,0,Invalid Posting Date
TX0056444,2026-02-25,A077,Finance,V0086,Invoice,19068.68,Direct Debit,GBP,Approved,2026-02-26,INV00056444,EMP00205,USR0127,0,0,0,0,0,1,0,Finance Director,0,1,1,Medium,2026-02,1,Duplicate Invoice
TX0056457,2026-03-30,A054,IT,V0195,Invoice,1864.3,Card,USD,Approved,2025-07-15,INV00056457,EMP00075,USR0084,0,0,0,0,1,0,1,Senior Manager,0,1,1,Low,2026-03,0,Invalid Posting Date
TX0056467,2026-03-31,A034,Operations,V0347,Expense,843.96,Card,GBP,Approved,2026-03-01,INV00056467,EMP00134,USR0008,0,0,0,0,1,0,1,Department Manager,0,1,1,Low,2026-03,0,Invalid Posting Date
TX0056513,2026-01-30,A048,Sales,V0388,Invoice,11776.31,Cheque,GBP,Approved,2026-02-06,INV00056513,EMP00147,USR0167,0,0,0,0,0,1,1,Finance Director,0,1,1,Medium,2026-01,1,Duplicate Invoice
TX0056535,2025-09-26,,Operations,V0312,Expense,393.95,Bank Transfer,GBP,Pending,2025-09-26,INV00056535,EMP00458,USR0005,0,0,1,0,0,0,0,Department Manager,0,1,1,Low,2025-09,0,Missing Account
TX0056545,2025-12-03,A059,HR,V0499,Invoice,1311.76,Cheque,GBP,Rejected,2025-12-05,INV00056545,EMP00330,USR0057,0,0,0,0,0,1,0,Senior Manager,0,1,1,Low,2025-12,0,Duplicate Invoice
TX0056554,2025-05-02,A063,IT,V0272,Invoice,3200.08,Cheque,GBP,Approved,2025-05-01,INV00056554,EMP00336,USR0191,0,0,0,0,1,0,0,Senior Manager,0,1,1,Low,2025-05,0,Invalid Posting Date
TX0056580,2025-05-10,A041,IT,V0314,Journal Entry,8739.57,Direct Debit,GBP,Approved,2025-05-11,INV00056580,EMP00347,USR0130,0,0,0,0,0,1,0,Senior Manager,0,1,1,Low,2025-05,1,Duplicate Invoice
TX0056581,2026-01-19,A069,Marketing,,Invoice,109.45,Bank Transfer,EUR,Rejected,2026-01-26,INV00056581,EMP00146,USR0159,1,0,0,0,0,0,0,Department Manager,0,1,1,Low,2026-01,0,Missing Vendor
TX0056587,2026-03-27,A057,Finance,V0081,Invoice,1199.72,Card,GBP,Rejected,2025-06-25,INV00056587,EMP00285,USR0186,0,0,0,0,1,0,1,Senior Manager,0,1,1,Low,2026-03,0,Invalid Posting Date
TX0056610,2026-02-13,A034,HR,V0493,Invoice,620.93,Cheque,EUR,Approved,2026-02-20,INV00056014,EMP00278,USR0100,0,0,0,0,0,1,0,Department Manager,0,1,1,Low,2026-02,0,Duplicate Invoice
TX0056629,2025-12-03,A016,Finance,V0347,Invoice,1393.54,Bank Transfer,EUR,Rejected,2025-12-05,INV00087608,EMP00339,USR0097,0,0,0,0,0,1,0,Senior Manager,0,1,1,Low,2025-12,0,Duplicate Invoice
TX0056630,2026-03-03,A073,Marketing,V0177,Payment,968.34,Bank Transfer,GBP,Approved,2026-03-04,INV00080574,EMP00071,USR0080,0,0,0,0,0,1,0,Department Manager,0,1,1,Low,2026-03,0,Duplicate Invoice
TX0056638,2026-03-30,A052,IT,V0489,Invoice,2066.65,Card,USD,Pending,2025-09-05,INV00056638,EMP00157,USR0197,0,0,0,0,1,0,1,Senior Manager,0,1,1,Low,2026-03,0,Invalid Posting Date
TX0056698,2026-03-27,A056,Operations,V0253,Invoice,1387.82,Bank Transfer,GBP,Approved,2025-05-10,INV00056698,EMP00413,USR0025,0,0,0,0,1,0,1,Senior Manager,0,1,1,Low,2026-03,0,Invalid Posting Date
TX0056743,2026-03-28,A030,Marketing,V0233,Invoice,204.34,Card,GBP,Approved,2025-10-19,INV00056743,EMP00216,USR0150,0,0,0,0,1,0,1,Department Manager,0,1,1,Low,2026-03,0,Invalid Posting Date
TX0056778,2025-09-24,A080,HR,V0006,Expense,-27211.22,Direct Debit,GBP,Approved,2025-09-28,INV00056778,EMP00174,USR0068,0,0,0,1,0,0,0,Finance Director,0,1,1,Medium,2025-09,0,Invalid Amount
TX0056792,2026-03-01,A034,Sales,V0456,Expense,399.94,Card,EUR,Rejected,2026-02-27,INV00056792,EMP00469,USR0032,0,0,0,0,1,0,0,Department Manager,0,1,1,Low,2026-03,0,Invalid Posting Date
TX0056800,2025-08-31,A018,Sales,V0415,Expense,166.68,Bank Transfer,USD,Approved,2025-09-01,INV00001231,EMP00371,USR0114,0,0,0,0,0,1,1,Department Manager,0,1,1,Low,2025-08,0,Duplicate Invoice
TX0056819,2026-03-16,A013,Finance,V0230,Credit Note,469.61,Card,GBP,Pending,2026-03-16,INV00056819,EMP00119,USR0074,0,0,0,0,0,1,0,Department Manager,0,1,1,Low,2026-03,0,Duplicate Invoice
TX0056828,2025-12-29,A045,Finance,V0058,Invoice,15470.9,Bank Transfer,USD,Approved,2026-01-01,INV00056828,,USR0077,0,1,0,0,0,0,1,Finance Director,1,2,1,Medium,2025-12,1,Missing Approval
TX0056829,2026-02-21,A032,Finance,V0119,Invoice,-8419.22,Cheque,GBP,Pending,2026-02-27,INV00056829,EMP00267,USR0009,0,0,0,1,0,0,0,Senior Manager,0,1,1,Low,2026-02,0,Invalid Amount
TX0056832,2026-03-28,A033,Procurement,V0242,Invoice,3411.65,Bank Transfer,USD,Rejected,2025-10-16,INV00056832,EMP00018,USR0067,0,0,0,0,1,0,1,Senior Manager,0,1,1,Low,2026-03,0,Invalid Posting Date
TX0056835,2025-11-21,A004,Operations,V0275,Journal Entry,3590.47,Card,GBP,Approved,2025-11-22,INV00056835,EMP00091,USR0019,0,0,0,0,0,1,0,Senior Manager,0,1,1,Low,2025-11,0,Duplicate Invoice
TX0056857,2025-08-11,A054,Marketing,V0349,Journal Entry,550.85,Cheque,GBP,Approved,2025-08-16,INV00056857,,USR0017,0,1,0,0,0,0,0,Department Manager,0,1,1,Low,2025-08,0,No Exception
TX0056860,2025-06-21,A048,Finance,V0296,Invoice,2966.13,Bank Transfer,GBP,Approved,2025-06-27,INV00040351,EMP00274,USR0171,0,0,0,0,0,1,0,Senior Manager,0,1,1,Low,2025-06,0,Duplicate Invoice
TX0056867,2026-02-22,A070,IT,V0228,Journal Entry,-11903.63,Bank Transfer,GBP,Pending,2026-02-21,INV00056867,EMP00498,USR0164,0,0,0,1,1,0,0,Finance Director,0,2,1,Medium,2026-02,0,Invalid Amount
TX0056880,2025-11-13,A051,Procurement,V0496,Expense,1434.75,Direct Debit,GBP,Pending,2025-11-18,INV00056880,,USR0041,0,1,0,0,0,0,0,Senior Manager,1,2,1,Medium,2025-11,0,Missing Approval
TX0056889,2026-03-29,A044,Marketing,V0310,Invoice,517.07,Bank Transfer,GBP,Approved,2026-02-25,INV00056889,,USR0182,0,1,0,0,1,0,1,Department Manager,0,2,1,Medium,2026-03,0,Invalid Posting Date
TX0056902,2026-03-24,A046,Sales,V0275,Expense,-1923.87,Bank Transfer,GBP,Approved,2026-03-27,INV00056902,EMP00298,USR0094,0,0,0,1,0,0,0,Senior Manager,0,1,1,Low,2026-03,0,Invalid Amount
TX0056905,2026-03-24,A016,Finance,V0039,Expense,1838.39,Cheque,GBP,Rejected,2026-03-31,INV00056346,EMP00212,USR0177,0,0,0,0,0,1,0,Senior Manager,0,1,1,Low,2026-03,0,Duplicate Invoice
TX0056924,2025-06-04,A048,Finance,V0432,Invoice,-459.37,Card,GBP,Approved,2025-06-06,INV00056924,EMP00049,USR0070,0,0,0,1,0,0,0,Department Manager,0,1,1,Low,2025-06,0,Invalid Amount
TX0056936,2026-01-31,A029,Procurement,V0104,Credit Note,1580.78,Card,GBP,Pending,2026-02-05,INV00064798,EMP00369,USR0006,0,0,0,0,0,1,1,Senior Manager,0,1,1,Low,2026-01,0,Duplicate Invoice
TX0056941,2025-09-02,A019,Operations,V0471,Invoice,2494.57,Cheque,GBP,Approved,2025-09-04,INV00045692,EMP00007,USR0098,0,0,0,0,0,1,0,Senior Manager,0,1,1,Low,2025-09,0,Duplicate Invoice
TX0056965,2025-06-05,A075,Operations,V0367,Invoice,1316.77,Direct Debit,GBP,Pending,2025-06-06,INV00011969,EMP00002,USR0158,0,0,0,0,0,1,0,Senior Manager,0,1,1,Low,2025-06,0,Duplicate Invoice
TX0056967,2025-12-26,A019,Finance,V0276,Payment,996.52,Cheque,GBP,Approved,2026-01-02,INV00061815,EMP00302,USR0035,0,0,0,0,0,1,0,Department Manager,0,1,1,Low,2025-12,0,Duplicate Invoice
TX0057012,2026-03-27,A078,IT,V0435,Invoice,302.85,Card,GBP,Pending,2026-03-28,INV00057012,,USR0167,0,1,0,0,0,0,1,Department Manager,0,1,1,Low,2026-03,0,No Exception
TX0057077,2025-12-14,A045,IT,V0489,Payment,-142.67,Direct Debit,EUR,Approved,2025-12-21,INV00057077,EMP00045,USR0179,0,0,0,1,0,0,0,Department Manager,0,1,1,Low,2025-12,0,Invalid Amount
TX0057090,2025-11-07,A023,Operations,V0377,Journal Entry,220.73,Direct Debit,GBP,Approved,2025-11-08,INV00038869,EMP00336,USR0134,0,0,0,0,0,1,0,Department Manager,0,1,1,Low,2025-11,0,Duplicate Invoice
TX0057118,2025-10-30,A022,Procurement,V0295,Payment,12314.09,Direct Debit,GBP,Approved,2025-11-03,INV00057118,,USR0010,0,1,0,0,0,0,1,Finance Director,1,2,1,Medium,2025-10,1,Missing Approval
TX0057146,2025-11-10,A077,Operations,V0152,Credit Note,536.3,Direct Debit,EUR,Approved,2025-11-16,INV00059269,EMP00179,USR0144,0,0,0,0,0,1,0,Department Manager,0,1,1,Low,2025-11,0,Duplicate Invoice
TX0057235,2026-02-28,A026,Procurement,V0117,Payment,180.78,Card,GBP,Rejected,2026-03-04,INV00057235,EMP00119,USR0193,0,0,0,0,0,1,1,Department Manager,0,1,1,Low,2026-02,0,Duplicate Invoice
TX0057262,2026-03-30,A038,IT,V0007,Invoice,839.38,Direct Debit,GBP,Approved,2025-06-13,INV00057262,EMP00356,USR0022,0,0,0,0,1,0,1,Department Manager,0,1,1,Low,2026-03,0,Invalid Posting Date
TX0057293,2025-04-26,A038,Finance,V0300,Credit Note,6488.63,Direct Debit,USD,Approved,2025-04-28,INV00057293,,USR0084,0,1,0,0,0,0,0,Senior Manager,1,2,1,Medium,2025-04,1,Missing Approval
TX0057309,2026-03-29,A028,Operations,V0056,Journal Entry,1038.06,Card,GBP,Approved,2025-04-28,INV00057309,EMP00016,USR0153,0,0,0,0,1,0,1,Senior Manager,0,1,1,Low,2026-03,0,Invalid Posting Date
TX0057311,2026-03-31,A025,Operations,V0456,Journal Entry,1710.41,Card,GBP,Approved,2025-09-15,INV00057311,EMP00033,USR0066,0,0,0,0,1,0,1,Senior Manager,0,1,1,Low,2026-03,0,Invalid Posting Date
TX0057319,2026-03-29,A027,IT,V0365,Invoice,829.43,Cheque,GBP,Rejected,2025-11-29,INV00061770,EMP00490,USR0169,0,0,0,0,1,1,1,Department Manager,0,2,1,Medium,2026-03,0,Duplicate Invoice
TX0057324,2026-03-28,A018,Operations,V0120,Payment,211.1,Cheque,GBP,Approved,2026-01-10,INV00057324,EMP00411,USR0127,0,0,0,0,1,0,1,Department Manager,0,1,1,Low,2026-03,0,Invalid Posting Date
TX0057327,2026-03-28,A047,IT,,Payment,593.58,Bank Transfer,USD,Approved,2026-02-02,INV00057327,EMP00018,USR0096,1,0,0,0,1,0,1,Department Manager,0,2,1,Medium,2026-03,0,Missing Vendor
TX0057328,2026-02-08,A065,Procurement,V0294,Expense,344.93,Direct Debit,USD,Approved,2026-02-12,INV00057328,,USR0090,0,1,0,0,0,0,0,Department Manager,0,1,1,Low,2026-02,0,No Exception
TX0057364,2025-12-20,A050,HR,V0485,Expense,12962.1,Direct Debit,GBP,Approved,2025-12-21,INV00081824,EMP00466,USR0005,0,0,0,0,0,1,0,Finance Director,0,1,1,Medium,2025-12,1,Duplicate Invoice
TX0057399,2026-03-20,A064,Procurement,V0424,Payment,812.91,Cheque,GBP,Rejected,2026-03-26,INV00092272,EMP00096,USR0191,0,0,0,0,0,1,0,Department Manager,0,1,1,Low,2026-03,0,Duplicate Invoice
TX0057400,2025-10-07,A053,HR,V0414,Invoice,3724.29,Direct Debit,USD,Approved,2025-10-07,INV00057400,,USR0168,0,1,0,0,0,0,0,Senior Manager,1,2,1,Medium,2025-10,0,Missing Approval
TX0057420,2026-01-09,A047,IT,V0252,Invoice,358.33,Direct Debit,GBP,Approved,2026-01-13,INV00057420,EMP00202,USR0028,0,0,0,0,0,1,0,Department Manager,0,1,1,Low,2026-01,0,Duplicate Invoice
TX0057455,2025-05-02,A062,IT,V0326,Expense,1296.39,Cheque,EUR,Approved,2025-05-03,INV00009661,EMP00326,USR0102,0,0,0,0,0,1,0,Senior Manager,0,1,1,Low,2025-05,0,Duplicate Invoice
TX0057496,2025-08-05,A043,Operations,V0172,Journal Entry,-1799.8,Bank Transfer,GBP,Approved,2025-08-09,INV00057496,EMP00377,USR0067,0,0,0,1,0,0,0,Senior Manager,0,1,1,Low,2025-08,0,Invalid Amount
TX0057504,2025-09-18,A064,Operations,V0114,Invoice,2015.7,Cheque,GBP,Rejected,2025-09-18,INV00057504,,USR0171,0,1,0,0,0,0,0,Senior Manager,1,2,1,Medium,2025-09,0,Missing Approval
TX0057532,2025-12-29,A079,Operations,V0348,Credit Note,732.49,Bank Transfer,EUR,Approved,2026-01-03,INV00057235,EMP00179,USR0186,0,0,0,0,0,1,1,Department Manager,0,1,1,Low,2025-12,0,Duplicate Invoice
TX0057579,2025-04-25,A011,Finance,V0287,Expense,7658.56,Card,GBP,Approved,2025-04-29,INV00094482,EMP00064,USR0132,0,0,0,0,0,1,0,Senior Manager,0,1,1,Low,2025-04,1,Duplicate Invoice
TX0057590,2026-03-30,A078,HR,V0070,Payment,1917.41,Cheque,GBP,Rejected,2025-05-24,INV00057590,EMP00305,USR0015,0,0,0,0,1,0,1,Senior Manager,0,1,1,Low,2026-03,0,Invalid Posting Date
TX0057606,2026-03-29,A001,Finance,V0218,Invoice,939.52,Card,EUR,Pending,2025-09-23,INV00057606,EMP00278,USR0176,0,0,0,0,1,0,1,Department Manager,0,1,1,Low,2026-03,0,Invalid Posting Date
TX0057611,2025-07-11,A023,Finance,V0234,Credit Note,157.46,Direct Debit,EUR,Approved,2025-07-07,INV00057611,EMP00293,USR0107,0,0,0,0,1,0,0,Department Manager,0,1,1,Low,2025-07,0,Invalid Posting Date
TX0057638,2026-03-30,A011,Marketing,V0286,Invoice,1447.13,Cheque,EUR,Approved,2025-09-05,INV00057638,EMP00208,USR0023,0,0,0,0,1,0,1,Senior Manager,0,1,1,Low,2026-03,0,Invalid Posting Date
TX0057642,2025-08-26,A037,HR,V0358,Expense,762.15,Direct Debit,GBP,Approved,2025-08-26,INV00012086,EMP00159,USR0038,0,0,0,0,0,1,0,Department Manager,0,1,1,Low,2025-08,0,Duplicate Invoice
TX0057651,2025-04-19,A062,Sales,V0144,Invoice,179.47,Card,USD,Approved,2025-04-23,INV00057651,,USR0161,0,1,0,0,0,0,0,Department Manager,0,1,1,Low,2025-04,0,No Exception
TX0057654,2026-03-30,A033,HR,V0134,Payment,164.51,Direct Debit,EUR,Rejected,2026-01-14,INV00057654,EMP00398,USR0019,0,0,0,0,1,0,1,Department Manager,0,1,1,Low,2026-03,0,Invalid Posting Date
TX0057681,2026-03-27,A029,IT,V0110,Invoice,836.32,Cheque,GBP,Approved,2025-05-18,INV00057681,EMP00333,USR0167,0,0,0,0,1,0,1,Department Manager,0,1,1,Low,2026-03,0,Invalid Posting Date
TX0057685,2025-07-15,A001,Sales,V0158,Payment,8816.06,Card,USD,Rejected,2025-07-22,INV00035068,EMP00028,USR0068,0,0,0,0,0,1,0,Senior Manager,0,1,1,Low,2025-07,1,Duplicate Invoice
TX0057688,2025-11-16,A076,IT,V0361,Invoice,1103.88,Direct Debit,GBP,Approved,2025-11-18,INV00057688,EMP00427,USR0101,0,0,0,0,0,1,0,Senior Manager,0,1,1,Low,2025-11,0,Duplicate Invoice
TX0057723,2026-03-30,A073,IT,V0256,Expense,849.11,Cheque,EUR,Approved,2025-06-06,INV00057723,EMP00364,USR0041,0,0,0,0,1,0,1,Department Manager,0,1,1,Low,2026-03,0,Invalid Posting Date
TX0057731,2026-01-28,A002,Procurement,V0288,Payment,-405.65,Bank Transfer,USD,Approved,2026-01-28,INV00057731,EMP00433,USR0091,0,0,0,1,0,0,1,Department Manager,0,1,1,Low,2026-01,0,Invalid Amount
TX0057819,2025-10-28,A006,Finance,V0403,Invoice,86126.98,Direct Debit,GBP,Rejected,2025-10-29,INV00057819,,USR0087,0,1,0,0,0,0,1,Finance Director,1,2,1,High,2025-10,1,Missing Approval
TX0057833,2025-07-11,A024,Operations,,Payment,3296.36,Cheque,EUR,Rejected,2025-07-12,INV00057833,EMP00162,USR0199,1,0,0,0,0,0,0,Senior Manager,0,1,1,Low,2025-07,0,Missing Vendor
TX0057841,2025-04-14,A079,Marketing,V0071,Journal Entry,-2033.16,Card,GBP,Approved,2025-04-17,INV00057841,EMP00467,USR0127,0,0,0,1,0,0,0,Senior Manager,0,1,1,Low,2025-04,0,Invalid Amount
TX0057863,2025-10-30,A028,Operations,V0420,Invoice,477.94,Card,GBP,Rejected,2025-11-02,INV00057863,EMP00293,USR0115,0,0,0,0,0,1,1,Department Manager,0,1,1,Low,2025-10,0,Duplicate Invoice
TX0057878,2026-03-27,A024,Finance,V0119,Journal Entry,14035.59,Card,GBP,Approved,2025-07-29,INV00057878,EMP00294,USR0031,0,0,0,0,1,0,1,Finance Director,0,1,1,Medium,2026-03,1,Invalid Posting Date
TX0057927,2026-03-29,A070,Finance,V0087,Credit Note,2585.74,Card,GBP,Pending,2026-03-11,INV00057927,EMP00428,USR0008,0,0,0,0,1,0,1,Senior Manager,0,1,1,Low,2026-03,0,Invalid Posting Date
TX0057937,2025-11-30,A072,Sales,V0388,Invoice,678.38,Card,GBP,Approved,2025-12-06,INV00057937,EMP00367,USR0103,0,0,0,0,0,1,1,Department Manager,0,1,1,Low,2025-11,0,Duplicate Invoice
TX0057967,2026-03-31,A074,Procurement,V0468,Credit Note,961.69,Card,GBP,Approved,2025-04-26,INV00057967,EMP00002,USR0088,0,0,0,0,1,0,1,Department Manager,0,1,1,Low,2026-03,0,Invalid Posting Date
TX0057995,2025-05-24,A001,IT,,Credit Note,593.7,Bank Transfer,EUR,Rejected,2025-05-29,INV00057995,EMP00314,USR0181,1,0,0,0,0,0,0,Department Manager,0,1,1,Low,2025-05,0,Missing Vendor
TX0058117,2025-07-23,A007,IT,V0038,Credit Note,1617.07,Bank Transfer,GBP,Pending,2025-07-25,INV00058117,EMP00278,USR0043,0,0,0,0,0,1,0,Senior Manager,0,1,1,Low,2025-07,0,Duplicate Invoice
TX0058129,2025-10-24,A074,Operations,,Payment,4226.31,Bank Transfer,USD,Pending,2025-10-25,INV00058129,EMP00318,USR0012,1,0,0,0,0,0,0,Senior Manager,0,1,1,Low,2025-10,0,Missing Vendor
TX0058135,2025-08-09,A052,Sales,V0276,Invoice,684.62,Bank Transfer,GBP,Approved,2025-08-16,INV00058135,EMP00061,USR0163,0,0,0,0,0,1,0,Department Manager,0,1,1,Low,2025-08,0,Duplicate Invoice
TX0058146,2026-03-29,A029,HR,V0043,Invoice,3961.1,Bank Transfer,GBP,Approved,2025-05-08,INV00058146,EMP00259,USR0135,0,0,0,0,1,0,1,Senior Manager,0,1,1,Low,2026-03,0,Invalid Posting Date
TX0058162,2025-04-21,A035,Operations,V0399,Invoice,880.78,Card,USD,Approved,2025-04-25,INV00058162,,USR0137,0,1,0,0,0,0,0,Department Manager,0,1,1,Low,2025-04,0,No Exception
TX0058171,2025-07-04,A075,Sales,V0458,Invoice,1933.98,Direct Debit,EUR,Rejected,2025-07-04,INV00058171,EMP00326,USR0180,0,0,0,0,0,1,0,Senior Manager,0,1,1,Low,2025-07,0,Duplicate Invoice
TX0058213,2025-06-25,A072,Operations,V0303,Journal Entry,568.96,Direct Debit,USD,Approved,2025-06-22,INV00058213,EMP00465,USR0030,0,0,0,0,1,0,0,Department Manager,0,1,1,Low,2025-06,0,Invalid Posting Date
TX0058233,2026-03-27,A028,HR,V0371,Invoice,3964.81,Card,EUR,Approved,2025-09-23,INV00058233,EMP00245,USR0099,0,0,0,0,1,0,1,Senior Manager,0,1,1,Low,2026-03,0,Invalid Posting Date
TX0058245,2025-11-17,A044,HR,V0149,Payment,1576.02,Bank Transfer,GBP,Approved,2025-11-18,INV00058245,EMP00064,USR0151,0,0,0,0,0,1,0,Senior Manager,0,1,1,Low,2025-11,0,Duplicate Invoice
TX0058270,2026-01-26,A071,IT,V0287,Invoice,1114.02,Card,GBP,Approved,2026-01-24,INV00058270,EMP00011,USR0096,0,0,0,0,1,0,0,Senior Manager,0,1,1,Low,2026-01,0,Invalid Posting Date
TX0058284,2026-03-27,A014,Marketing,V0315,Credit Note,6210.04,Card,GBP,Approved,2025-10-09,INV00058284,EMP00051,USR0185,0,0,0,0,1,0,1,Senior Manager,0,1,1,Low,2026-03,1,Invalid Posting Date
TX0058288,2025-08-21,A054,Marketing,V0491,Expense,2431.94,Cheque,GBP,Rejected,2025-08-24,INV00058288,,USR0199,0,1,0,0,0,0,0,Senior Manager,1,2,1,Medium,2025-08,0,Missing Approval
TX0058290,2025-09-04,A070,Operations,V0066,Invoice,3602.51,Card,EUR,Pending,2025-09-11,INV00081773,EMP00349,USR0079,0,0,0,0,0,1,0,Senior Manager,0,1,1,Low,2025-09,0,Duplicate Invoice
TX0058323,2025-11-01,A048,Finance,V0125,Expense,1749.12,Direct Debit,GBP,Approved,2025-11-06,INV00027734,EMP00421,USR0135,0,0,0,0,0,1,0,Senior Manager,0,1,1,Low,2025-11,0,Duplicate Invoice
TX0058348,2025-07-19,A038,Marketing,V0243,Expense,756.23,Cheque,GBP,Pending,2025-07-21,INV00058348,,USR0075,0,1,0,0,0,0,0,Department Manager,0,1,1,Low,2025-07,0,No Exception
TX0058368,2025-08-12,A004,HR,V0218,Payment,5366.18,Cheque,EUR,Pending,2025-08-12,INV00068414,EMP00267,USR0200,0,0,0,0,0,1,0,Senior Manager,0,1,1,Low,2025-08,0,Duplicate Invoice
TX0058405,2026-03-28,A035,Procurement,V0074,Expense,1217.25,Bank Transfer,GBP,Approved,2025-06-26,INV00058405,EMP00050,USR0002,0,0,0,0,1,0,1,Senior Manager,0,1,1,Low,2026-03,0,Invalid Posting Date
TX0058407,2026-03-30,A014,Procurement,V0355,Expense,8969.82,Card,EUR,Approved,2025-11-04,INV00058407,EMP00069,USR0197,0,0,0,0,1,0,1,Senior Manager,0,1,1,Low,2026-03,1,Invalid Posting Date
TX0058411,2025-12-28,A037,Finance,V0043,Invoice,3887.47,Direct Debit,GBP,Approved,2026-01-04,INV00058411,,USR0130,0,1,0,0,0,0,1,Senior Manager,1,2,1,Medium,2025-12,0,Missing Approval
TX0058414,2025-04-12,A044,Procurement,V0129,Payment,1172.12,Cheque,USD,Rejected,2025-04-15,INV00058414,,USR0155,0,1,0,0,0,0,0,Senior Manager,1,2,1,Medium,2025-04,0,Missing Approval
TX0058465,2025-04-13,A020,Operations,V0207,Expense,109.11,Cheque,USD,Approved,2025-04-16,INV00058465,,USR0107,0,1,0,0,0,0,0,Department Manager,0,1,1,Low,2025-04,0,No Exception
TX0058466,2026-03-28,A034,Finance,V0211,Invoice,2525.81,Bank Transfer,GBP,Approved,2025-11-21,INV00058466,EMP00044,USR0141,0,0,0,0,1,0,1,Senior Manager,0,1,1,Low,2026-03,0,Invalid Posting Date
TX0058517,2026-01-21,A005,Sales,,Invoice,231.31,Card,GBP,Approved,2026-01-26,INV00058517,EMP00491,USR0199,1,0,0,0,0,0,0,Department Manager,0,1,1,Low,2026-01,0,Missing Vendor
TX0058530,2025-05-28,A012,IT,,Journal Entry,3746.06,Direct Debit,GBP,Approved,2025-06-04,INV00058530,EMP00368,USR0074,1,0,0,0,0,0,1,Senior Manager,0,1,1,Low,2025-05,0,Missing Vendor
TX0058541,2025-07-01,A060,IT,V0381,Payment,1546.59,Direct Debit,GBP,Approved,2025-07-01,INV00038433,EMP00140,USR0175,0,0,0,0,0,1,0,Senior Manager,0,1,1,Low,2025-07,0,Duplicate Invoice
TX0058551,2026-02-08,A054,IT,V0001,Payment,3445.95,Bank Transfer,GBP,Approved,2026-02-14,INV00058551,,USR0156,0,1,0,0,0,0,0,Senior Manager,1,2,1,Medium,2026-02,0,Missing Approval
TX0058552,2025-08-23,A027,IT,V0440,Invoice,2683.34,Bank Transfer,GBP,Pending,2025-08-25,INV00049188,EMP00259,USR0090,0,0,0,0,0,1,0,Senior Manager,0,1,1,Low,2025-08,0,Duplicate Invoice
TX0058556,2025-06-01,A002,IT,V0117,Payment,-267.97,Cheque,EUR,Approved,2025-06-05,INV00058556,EMP00499,USR0068,0,0,0,1,0,0,0,Department Manager,0,1,1,Low,2025-06,0,Invalid Amount
TX0058575,2026-03-30,A023,Operations,V0108,Payment,1186.54,Cheque,USD,Approved,2025-10-24,INV00058575,EMP00300,USR0182,0,0,0,0,1,0,1,Senior Manager,0,1,1,Low,2026-03,0,Invalid Posting Date
TX0058593,2025-09-08,A015,Finance,V0215,Invoice,1779.06,Card,GBP,Approved,2025-09-07,INV00058593,EMP00034,USR0094,0,0,0,0,1,0,0,Senior Manager,0,1,1,Low,2025-09,0,Invalid Posting Date
TX0058608,2025-12-01,A074,Finance,V0060,Invoice,4183.32,Cheque,GBP,Rejected,2025-12-07,INV00058608,,USR0073,0,1,0,0,0,0,0,Senior Manager,1,2,1,Medium,2025-12,0,Missing Approval
TX0058613,2026-03-30,A066,Operations,V0286,Journal Entry,328.38,Cheque,GBP,Pending,2026-02-03,INV00058613,EMP00244,USR0136,0,0,0,0,1,0,1,Department Manager,0,1,1,Low,2026-03,0,Invalid Posting Date
TX0058640,2025-10-30,A067,Sales,V0023,Payment,3826.7,Cheque,USD,Pending,2025-11-05,INV00058640,,USR0004,0,1,0,0,0,0,1,Senior Manager,1,2,1,Medium,2025-10,0,Missing Approval
TX0058693,2025-06-14,A041,Finance,V0052,Invoice,-1045.7,Cheque,EUR,Approved,2025-06-18,INV00058693,EMP00129,USR0091,0,0,0,1,0,0,0,Senior Manager,0,1,1,Low,2025-06,0,Invalid Amount
TX0058734,2025-05-31,A029,Procurement,V0088,Invoice,-140.88,Bank Transfer,GBP,Rejected,2025-06-07,INV00058734,EMP00059,USR0107,0,0,0,1,0,0,1,Department Manager,0,1,1,Low,2025-05,0,Invalid Amount
TX0058754,2025-11-05,A044,Procurement,V0068,Invoice,734.45,Cheque,GBP,Approved,2025-11-11,INV00058754,EMP00293,USR0159,0,0,0,0,0,1,0,Department Manager,0,1,1,Low,2025-11,0,Duplicate Invoice
TX0058766,2025-06-26,A046,Operations,V0166,Invoice,2671.06,Cheque,GBP,Approved,2025-06-30,INV00008787,EMP00236,USR0136,0,0,0,0,0,1,0,Senior Manager,0,1,1,Low,2025-06,0,Duplicate Invoice
TX0058801,2026-03-28,A050,IT,V0184,Payment,984.77,Direct Debit,GBP,Approved,2025-09-08,INV00058801,EMP00238,USR0099,0,0,0,0,1,0,1,Department Manager,0,1,1,Low,2026-03,0,Invalid Posting Date
TX0058813,2025-10-19,A051,Procurement,,Expense,1284.34,Bank Transfer,EUR,Approved,2025-10-22,INV00058813,EMP00103,USR0037,1,0,0,0,0,0,0,Senior Manager,0,1,1,Low,2025-10,0,Missing Vendor
TX0058886,2025-06-05,A043,IT,V0392,Invoice,330.67,Bank Transfer,GBP,Pending,2025-06-06,INV00000691,EMP00046,USR0012,0,0,0,0,0,1,0,Department Manager,0,1,1,Low,2025-06,0,Duplicate Invoice
TX0058896,2025-11-13,A040,Marketing,V0485,Journal Entry,546.91,Card,USD,Approved,2025-11-19,INV00018374,EMP00063,USR0134,0,0,0,0,0,1,0,Department Manager,0,1,1,Low,2025-11,0,Duplicate Invoice
TX0058905,2025-04-20,A017,Marketing,V0357,Invoice,891.49,Bank Transfer,EUR,Approved,2025-04-23,INV00065644,EMP00221,USR0104,0,0,0,0,0,1,0,Department Manager,0,1,1,Low,2025-04,0,Duplicate Invoice
TX0058911,2026-02-01,A056,Operations,V0286,Expense,1041.23,Card,GBP,Rejected,2026-02-02,INV00058911,,USR0127,0,1,0,0,0,0,0,Senior Manager,1,2,1,Medium,2026-02,0,Missing Approval
TX0058970,2026-01-17,A027,Operations,V0412,Expense,2669.42,Cheque,GBP,Rejected,2026-01-23,INV00058970,,USR0199,0,1,0,0,0,0,0,Senior Manager,1,2,1,Medium,2026-01,0,Missing Approval
TX0058999,2025-08-31,A009,Marketing,V0257,Payment,2175.68,Cheque,GBP,Rejected,2025-09-01,INV00058999,EMP00143,USR0047,0,0,0,0,0,1,1,Senior Manager,0,1,1,Low,2025-08,0,Duplicate Invoice
TX0059003,2026-03-30,A028,IT,V0339,Journal Entry,1282.99,Direct Debit,EUR,Approved,2025-05-01,INV00059003,EMP00333,USR0125,0,0,0,0,1,0,1,Senior Manager,0,1,1,Low,2026-03,0,Invalid Posting Date
TX0059035,2025-06-09,A038,Operations,V0164,Credit Note,392.42,Direct Debit,GBP,Pending,2025-06-13,INV00059035,EMP00017,USR0063,0,0,0,0,0,1,0,Department Manager,0,1,1,Low,2025-06,0,Duplicate Invoice
TX0059039,2025-09-26,A027,IT,V0290,Credit Note,626.9,Cheque,GBP,Approved,2025-09-26,INV00059039,EMP00323,USR0195,0,0,0,0,0,1,0,Department Manager,0,1,1,Low,2025-09,0,Duplicate Invoice
TX0059069,2026-03-29,A010,Sales,V0324,Invoice,1109.51,Direct Debit,EUR,Approved,2025-06-30,INV00059069,EMP00373,USR0134,0,0,0,0,1,0,1,Senior Manager,0,1,1,Low,2026-03,0,Invalid Posting Date
TX0059076,2025-04-24,A067,Finance,V0133,Journal Entry,1234.48,Cheque,EUR,Approved,2025-04-23,INV00059076,EMP00165,USR0032,0,0,0,0,1,0,0,Senior Manager,0,1,1,Low,2025-04,0,Invalid Posting Date
TX0059094,2025-04-16,A078,Operations,V0117,Invoice,967.02,Bank Transfer,GBP,Approved,2025-04-14,INV00059094,EMP00440,USR0077,0,0,0,0,1,0,0,Department Manager,0,1,1,Low,2025-04,0,Invalid Posting Date
TX0059138,2025-09-24,A070,IT,V0095,Payment,1118.56,Direct Debit,GBP,Approved,2025-09-28,INV00059138,,USR0053,0,1,0,0,0,0,0,Senior Manager,1,2,1,Medium,2025-09,0,Missing Approval
TX0059147,2026-03-28,A020,Procurement,V0407,Expense,385.9,Cheque,USD,Approved,2025-06-06,INV00059147,EMP00312,USR0020,0,0,0,0,1,0,1,Department Manager,0,1,1,Low,2026-03,0,Invalid Posting Date
TX0059235,2025-04-28,A034,Procurement,V0417,Invoice,1020.28,Bank Transfer,GBP,Rejected,2025-05-03,INV00059235,,USR0056,0,1,0,0,0,0,1,Senior Manager,1,2,1,Medium,2025-04,0,Missing Approval
TX0059269,2026-01-10,A033,Procurement,V0489,Payment,159.79,Bank Transfer,GBP,Pending,2026-01-15,INV00059269,EMP00267,USR0062,0,0,0,0,0,1,0,Department Manager,0,1,1,Low,2026-01,0,Duplicate Invoice
TX0059285,2025-06-23,A073,IT,V0147,Invoice,1348.28,Bank Transfer,USD,Approved,2025-06-24,INV00059285,,USR0015,0,1,0,0,0,0,0,Senior Manager,1,2,1,Medium,2025-06,0,Missing Approval
TX0059320,2026-02-07,A071,Marketing,V0446,Invoice,3123.85,Direct Debit,GBP,Pending,2026-02-09,INV00090791,EMP00405,USR0158,0,0,0,0,0,1,0,Senior Manager,0,1,1,Low,2026-02,0,Duplicate Invoice
TX0059324,2025-07-30,A001,Marketing,V0158,Payment,2114.02,Card,GBP,Approved,2025-08-02,INV00059324,,USR0021,0,1,0,0,0,0,1,Senior Manager,1,2,1,Medium,2025-07,0,Missing Approval
TX0059350,2025-11-04,A072,HR,V0163,Expense,2689.22,Card,EUR,Pending,2025-11-04,INV00004728,EMP00396,USR0196,0,0,0,0,0,1,0,Senior Manager,0,1,1,Low,2025-11,0,Duplicate Invoice
TX0059397,2025-08-23,A021,Finance,V0387,Invoice,559.18,Cheque,USD,Approved,2025-08-25,INV00024053,EMP00348,USR0110,0,0,0,0,0,1,0,Department Manager,0,1,1,Low,2025-08,0,Duplicate Invoice
TX0059456,2025-10-09,A053,Finance,V0275,Payment,-431.47,Direct Debit,USD,Rejected,2025-10-16,INV00059456,EMP00017,USR0129,0,0,0,1,0,0,0,Department Manager,0,1,1,Low,2025-10,0,Invalid Amount
TX0059465,2026-03-27,A061,Operations,V0020,Invoice,2076.59,Cheque,EUR,Rejected,2025-11-27,INV00059465,EMP00083,USR0200,0,0,0,0,1,1,1,Senior Manager,0,2,1,Medium,2026-03,0,Duplicate Invoice
TX0059483,2025-07-27,A022,Finance,,Payment,4058.0,Cheque,EUR,Approved,2025-07-29,INV00059483,EMP00253,USR0146,1,0,0,0,0,0,1,Senior Manager,0,1,1,Low,2025-07,0,Missing Vendor
TX0059492,2025-06-06,A058,Procurement,V0029,Invoice,12189.89,Bank Transfer,GBP,Approved,2025-06-10,INV00088703,EMP00271,USR0200,0,0,0,0,0,1,0,Finance Director,0,1,1,Medium,2025-06,1,Duplicate Invoice
TX0059505,2026-03-28,A040,IT,V0312,Credit Note,8473.71,Card,GBP,Approved,2025-09-26,INV00059505,EMP00163,USR0175,0,0,0,0,1,0,1,Senior Manager,0,1,1,Low,2026-03,1,Invalid Posting Date
TX0059510,2025-05-02,A034,Sales,V0115,Payment,149.93,Direct Debit,GBP,Approved,2025-05-06,INV00076700,EMP00210,USR0087,0,0,0,0,0,1,0,Department Manager,0,1,1,Low,2025-05,0,Duplicate Invoice
TX0059526,2026-03-27,A060,Finance,V0105,Journal Entry,3882.97,Direct Debit,GBP,Pending,2025-04-26,INV00059526,EMP00242,USR0184,0,0,0,0,1,0,1,Senior Manager,0,1,1,Low,2026-03,0,Invalid Posting Date
TX0059570,2026-01-25,A033,Finance,V0122,Payment,376.64,Bank Transfer,EUR,Approved,2026-01-29,INV00001551,EMP00070,USR0028,0,0,0,0,0,1,0,Department Manager,0,1,1,Low,2026-01,0,Duplicate Invoice
TX0059581,2025-09-28,A019,Operations,V0277,Payment,5931.51,Bank Transfer,GBP,Approved,2025-10-02,INV00059581,,USR0127,0,1,0,0,0,0,1,Senior Manager,1,2,1,Medium,2025-09,1,Missing Approval
TX0059585,2026-01-16,A020,HR,V0148,Credit Note,853.12,Cheque,GBP,Approved,2026-01-13,INV00059585,EMP00347,USR0033,0,0,0,0,1,0,0,Department Manager,0,1,1,Low,2026-01,0,Invalid Posting Date
TX0059589,2025-10-02,A076,Finance,V0042,Invoice,392.67,Card,EUR,Rejected,2025-10-04,INV00059589,,USR0052,0,1,0,0,0,0,0,Department Manager,0,1,1,Low,2025-10,0,No Exception
TX0059638,2026-03-30,A056,Marketing,V0077,Invoice,2107.06,Direct Debit,GBP,Rejected,2025-08-26,INV00059638,EMP00234,USR0156,0,0,0,0,1,0,1,Senior Manager,0,1,1,Low,2026-03,0,Invalid Posting Date
TX0059650,2025-12-25,A072,Operations,V0376,Invoice,826.69,Bank Transfer,EUR,Rejected,2025-12-25,INV00059650,EMP00471,USR0092,0,0,0,0,0,1,0,Department Manager,0,1,1,Low,2025-12,0,Duplicate Invoice
TX0059658,2026-02-19,A040,HR,V0104,Payment,2476.03,Cheque,GBP,Approved,2026-02-23,INV00059658,,USR0093,0,1,0,0,0,0,0,Senior Manager,1,2,1,Medium,2026-02,0,Missing Approval
TX0059696,2026-03-27,A037,Operations,V0298,Journal Entry,80.6,Card,EUR,Pending,2026-01-07,INV00059696,EMP00102,USR0144,0,0,0,0,1,0,1,Department Manager,0,1,1,Low,2026-03,0,Invalid Posting Date
TX0059715,2025-08-27,A039,Finance,V0372,Invoice,6989.53,Card,EUR,Pending,2025-08-27,INV00015664,EMP00069,USR0168,0,0,0,0,0,1,1,Senior Manager,0,1,1,Low,2025-08,1,Duplicate Invoice
TX0059725,2026-03-29,A055,IT,V0478,Payment,1135.66,Direct Debit,GBP,Rejected,2025-04-19,INV00059725,EMP00274,USR0051,0,0,0,0,1,0,1,Senior Manager,0,1,1,Low,2026-03,0,Invalid Posting Date
TX0059738,2025-06-03,A071,Sales,V0107,Invoice,709.91,Cheque,GBP,Rejected,2025-06-07,INV00059738,,USR0052,0,1,0,0,0,0,0,Department Manager,0,1,1,Low,2025-06,0,No Exception
TX0059739,2025-12-03,A061,Operations,V0137,Payment,466.53,Cheque,GBP,Approved,2025-12-03,INV00086291,EMP00446,USR0005,0,0,0,0,0,1,0,Department Manager,0,1,1,Low,2025-12,0,Duplicate Invoice
TX0059751,2025-06-16,A054,Operations,,Invoice,3433.13,Bank Transfer,EUR,Approved,2025-06-16,INV00059751,EMP00445,USR0137,1,0,0,0,0,0,0,Senior Manager,0,1,1,Low,2025-06,0,Missing Vendor
TX0059761,2025-08-25,A079,Finance,V0437,Journal Entry,4215.52,Cheque,EUR,Approved,2025-08-29,INV00097650,EMP00264,USR0198,0,0,0,0,0,1,0,Senior Manager,0,1,1,Low,2025-08,0,Duplicate Invoice
TX0059771,2026-03-24,A034,Finance,V0160,Expense,1796.72,Cheque,GBP,Pending,2026-03-26,INV00022156,EMP00106,USR0026,0,0,0,0,0,1,0,Senior Manager,0,1,1,Low,2026-03,0,Duplicate Invoice
TX0059786,2026-03-27,A036,Finance,V0492,Invoice,6109.85,Card,USD,Rejected,2025-07-16,INV00059786,EMP00178,USR0022,0,0,0,0,1,0,1,Senior Manager,0,1,1,Low,2026-03,1,Invalid Posting Date
TX0059809,2025-08-31,A007,Finance,V0132,Expense,559.74,Bank Transfer,USD,Pending,2025-09-07,INV00059809,EMP00391,USR0059,0,0,0,0,0,1,1,Department Manager,0,1,1,Low,2025-08,0,Duplicate Invoice
TX0059849,2025-12-10,A042,IT,V0266,Payment,1610.69,Direct Debit,EUR,Approved,2025-12-14,INV00063352,EMP00493,USR0185,0,0,0,0,0,1,0,Senior Manager,0,1,1,Low,2025-12,0,Duplicate Invoice
TX0059859,2025-07-02,,Operations,V0003,Invoice,1371.45,Cheque,GBP,Approved,2025-07-06,INV00059859,EMP00373,USR0136,0,0,1,0,0,0,0,Senior Manager,0,1,1,Low,2025-07,0,Missing Account
TX0059869,2025-04-09,A029,Operations,V0095,Journal Entry,-14477.58,Card,EUR,Approved,2025-04-12,INV00059869,EMP00262,USR0081,0,0,0,1,0,0,0,Finance Director,0,1,1,Medium,2025-04,0,Invalid Amount
TX0059894,2026-03-30,A004,Operations,V0057,Invoice,1428.45,Direct Debit,USD,Approved,2025-05-03,INV00059894,EMP00037,USR0163,0,0,0,0,1,0,1,Senior Manager,0,1,1,Low,2026-03,0,Invalid Posting Date
TX0059929,2026-03-28,A006,HR,V0286,Invoice,8227.22,Card,GBP,Pending,2026-03-26,INV00059929,EMP00259,USR0047,0,0,0,0,1,0,1,Senior Manager,0,1,1,Low,2026-03,1,Invalid Posting Date
TX0059947,2026-03-28,A047,Marketing,V0047,Payment,9871.22,Cheque,GBP,Rejected,2025-04-21,INV00059947,EMP00018,USR0066,0,0,0,0,1,0,1,Senior Manager,0,1,1,Low,2026-03,1,Invalid Posting Date
TX0059956,2025-08-09,A015,Operations,V0426,Invoice,3387.72,Bank Transfer,USD,Approved,2025-08-06,INV00059956,EMP00497,USR0150,0,0,0,0,1,0,0,Senior Manager,0,1,1,Low,2025-08,0,Invalid Posting Date
TX0059976,2025-07-05,A070,Operations,V0031,Invoice,4245.01,Direct Debit,GBP,Approved,2025-07-11,INV00059976,EMP00155,USR0150,0,0,0,0,0,1,0,Senior Manager,0,1,1,Low,2025-07,0,Duplicate Invoice
TX0059987,2025-10-25,A018,HR,V0095,Payment,2089.5,Card,GBP,Approved,2025-10-28,INV00015295,EMP00261,USR0100,0,0,0,0,0,1,0,Senior Manager,0,1,1,Low,2025-10,0,Duplicate Invoice
TX0060005,2026-03-27,A029,Procurement,V0293,Invoice,209.89,Bank Transfer,USD,Rejected,2025-05-18,INV00060005,EMP00018,USR0094,0,0,0,0,1,0,1,Department Manager,0,1,1,Low,2026-03,0,Invalid Posting Date
TX0060010,2026-03-31,A003,Operations,V0495,Invoice,613.89,Cheque,GBP,Rejected,2026-02-19,INV00060010,EMP00216,USR0191,0,0,0,0,1,0,1,Department Manager,0,1,1,Low,2026-03,0,Invalid Posting Date
TX0060030,2026-03-29,A021,Procurement,V0125,Expense,5743.61,Card,USD,Pending,2025-05-25,INV00060030,EMP00409,USR0111,0,0,0,0,1,0,1,Senior Manager,0,1,1,Low,2026-03,0,Invalid Posting Date
TX0060056,2025-09-08,A044,Operations,V0118,Invoice,5247.16,Card,GBP,Rejected,2025-09-13,INV00060056,EMP00260,USR0167,0,0,0,0,0,1,0,Senior Manager,0,1,1,Low,2025-09,0,Duplicate Invoice
TX0060069,2026-03-17,A014,Sales,V0220,Invoice,-692.83,Direct Debit,GBP,Rejected,2026-03-19,INV00060069,EMP00447,USR0059,0,0,0,1,0,0,0,Department Manager,0,1,1,Low,2026-03,0,Invalid Amount
TX0060110,2026-03-28,A080,Operations,V0059,Invoice,421.94,Bank Transfer,GBP,Approved,2026-02-11,INV00060110,EMP00064,USR0040,0,0,0,0,1,0,1,Department Manager,0,1,1,Low,2026-03,0,Invalid Posting Date
TX0060152,2026-03-31,A018,Procurement,V0149,Invoice,3144.03,Bank Transfer,GBP,Approved,2025-12-09,INV00060152,EMP00439,USR0174,0,0,0,0,1,0,1,Senior Manager,0,1,1,Low,2026-03,0,Invalid Posting Date
TX0060175,2026-03-29,A051,Procurement,V0461,Payment,764.33,Card,GBP,Pending,2025-07-28,INV00060175,EMP00426,USR0080,0,0,0,0,1,0,1,Department Manager,0,1,1,Low,2026-03,0,Invalid Posting Date
TX0060182,2025-11-17,A012,Marketing,V0481,Journal Entry,2646.37,Cheque,GBP,Approved,2025-11-18,INV00060182,,USR0116,0,1,0,0,0,0,0,Senior Manager,1,2,1,Medium,2025-11,0,Missing Approval
TX0060198,2025-07-31,A043,IT,V0498,Payment,-279.72,Card,EUR,Rejected,2025-08-02,INV00005439,EMP00382,USR0045,0,0,0,1,0,1,1,Department Manager,0,2,1,Medium,2025-07,0,Invalid Amount
TX0060223,2025-12-18,A048,Procurement,V0314,Invoice,763.99,Card,EUR,Approved,2025-12-25,INV00083305,EMP00494,USR0186,0,0,0,0,0,1,0,Department Manager,0,1,1,Low,2025-12,0,Duplicate Invoice
TX0060294,2025-12-05,A057,Finance,V0336,Invoice,1349.47,Card,EUR,Rejected,2025-12-05,INV00028287,EMP00172,USR0121,0,0,0,0,0,1,0,Senior Manager,0,1,1,Low,2025-12,0,Duplicate Invoice
TX0060298,2025-11-06,A003,IT,V0281,Journal Entry,227.36,Direct Debit,GBP,Approved,2025-11-08,INV00060298,EMP00146,USR0077,0,0,0,0,0,1,0,Department Manager,0,1,1,Low,2025-11,0,Duplicate Invoice
TX0060308,2026-02-03,A053,Finance,V0427,Invoice,1759.26,Direct Debit,GBP,Pending,2026-02-10,INV00060308,,USR0064,0,1,0,0,0,0,0,Senior Manager,1,2,1,Medium,2026-02,0,Missing Approval
TX0060309,2026-03-30,A075,Finance,V0029,Journal Entry,7546.8,Cheque,GBP,Pending,2025-12-25,INV00060309,EMP00345,USR0112,0,0,0,0,1,0,1,Senior Manager,0,1,1,Low,2026-03,1,Invalid Posting Date
TX0060335,2026-03-31,A001,Operations,V0165,Invoice,265.5,Bank Transfer,EUR,Approved,2025-04-18,INV00060335,EMP00113,USR0036,0,0,0,0,1,0,1,Department Manager,0,1,1,Low,2026-03,0,Invalid Posting Date
TX0060339,2025-06-14,,Operations,V0439,Expense,642.37,Cheque,USD,Approved,2025-06-17,INV00060339,EMP00324,USR0108,0,0,1,0,0,0,0,Department Manager,0,1,1,Low,2025-06,0,Missing Account
TX0060384,2026-03-18,A002,Sales,V0045,Invoice,4238.73,Bank Transfer,GBP,Approved,2026-03-21,INV00072859,EMP00003,USR0180,0,0,0,0,0,1,0,Senior Manager,0,1,1,Low,2026-03,0,Duplicate Invoice
TX0060408,2025-10-26,A065,Operations,V0067,Expense,-847.92,Cheque,USD,Rejected,2025-11-01,INV00060408,EMP00054,USR0087,0,0,0,1,0,0,0,Department Manager,0,1,1,Low,2025-10,0,Invalid Amount
TX0060420,2026-01-22,A079,Finance,V0021,Expense,3182.98,Direct Debit,GBP,Approved,2026-01-25,INV00060420,EMP00027,USR0026,0,0,0,0,0,1,0,Senior Manager,0,1,1,Low,2026-01,0,Duplicate Invoice
TX0060437,2026-03-31,A006,Procurement,V0188,Invoice,691.78,Direct Debit,GBP,Approved,2025-08-23,INV00060437,EMP00351,USR0092,0,0,0,0,1,0,1,Department Manager,0,1,1,Low,2026-03,0,Invalid Posting Date
TX0060444,2025-06-25,A006,HR,V0361,Payment,800.99,Card,GBP,Pending,2025-06-30,INV00060444,,USR0111,0,1,0,0,0,0,0,Department Manager,0,1,1,Low,2025-06,0,No Exception
TX0060477,2025-12-15,A053,IT,V0409,Payment,2156.17,Cheque,GBP,Rejected,2025-12-22,INV00060477,EMP00029,USR0040,0,0,0,0,0,1,0,Senior Manager,0,1,1,Low,2025-12,0,Duplicate Invoice
TX0060575,2025-08-08,A018,Operations,V0258,Invoice,740.8,Bank Transfer,GBP,Approved,2025-08-13,INV00060575,,USR0121,0,1,0,0,0,0,0,Department Manager,0,1,1,Low,2025-08,0,No Exception
TX0060612,2025-07-20,A052,IT,V0005,Payment,3379.58,Card,GBP,Approved,2025-07-24,INV00038943,EMP00120,USR0017,0,0,0,0,0,1,0,Senior Manager,0,1,1,Low,2025-07,0,Duplicate Invoice
TX0060618,2025-07-17,A054,Marketing,V0424,Credit Note,159.4,Card,USD,Approved,2025-07-17,INV00060618,,USR0153,0,1,0,0,0,0,0,Department Manager,0,1,1,Low,2025-07,0,No Exception
TX0060654,2026-01-31,A016,IT,V0028,Invoice,-859.61,Card,GBP,Approved,2026-02-05,INV00060654,EMP00252,USR0015,0,0,0,1,0,0,1,Department Manager,0,1,1,Low,2026-01,0,Invalid Amount
TX0060674,2025-06-01,A078,HR,V0434,Invoice,2326.29,Cheque,GBP,Approved,2025-05-28,INV00060674,EMP00338,USR0179,0,0,0,0,1,0,0,Senior Manager,0,1,1,Low,2025-06,0,Invalid Posting Date
TX0060680,2025-08-26,A044,Operations,V0262,Expense,13162.36,Card,GBP,Approved,2025-08-31,INV00096506,EMP00446,USR0006,0,0,0,0,0,1,0,Finance Director,0,1,1,Medium,2025-08,1,Duplicate Invoice
TX0060690,2026-03-29,A013,Procurement,V0214,Invoice,1978.85,Card,EUR,Approved,2026-03-27,INV00060690,EMP00388,USR0086,0,0,0,0,1,0,1,Senior Manager,0,1,1,Low,2026-03,0,Invalid Posting Date
TX0060719,2026-02-11,A060,Operations,V0068,Invoice,2426.97,Direct Debit,EUR,Pending,2026-02-17,INV00060719,EMP00435,USR0021,0,0,0,0,0,1,0,Senior Manager,0,1,1,Low,2026-02,0,Duplicate Invoice
TX0060744,2026-03-23,A041,Finance,V0195,Payment,2194.84,Direct Debit,EUR,Pending,2026-03-26,INV00060744,EMP00232,USR0057,0,0,0,0,0,1,0,Senior Manager,0,1,1,Low,2026-03,0,Duplicate Invoice
TX0060748,2025-08-12,A079,Sales,V0354,Expense,1248.38,Bank Transfer,GBP,Approved,2025-08-17,INV00060748,,USR0172,0,1,0,0,0,0,0,Senior Manager,1,2,1,Medium,2025-08,0,Missing Approval
TX0060751,2025-05-01,A060,Finance,V0306,Journal Entry,691.34,Direct Debit,GBP,Rejected,2025-05-01,INV00060751,,USR0176,0,1,0,0,0,0,0,Department Manager,0,1,1,Low,2025-05,0,No Exception
TX0060768,2025-04-30,A027,Sales,V0391,Expense,28690.7,Cheque,GBP,Pending,2025-05-02,INV00060768,,USR0150,0,1,0,0,0,1,1,Finance Director,1,3,1,High,2025-04,1,Duplicate Invoice
TX0060771,2025-05-14,A008,Finance,V0348,Invoice,1422.49,Bank Transfer,GBP,Pending,2025-05-17,INV00060771,EMP00006,USR0007,0,0,0,0,0,1,0,Senior Manager,0,1,1,Low,2025-05,0,Duplicate Invoice
TX0060811,2025-09-22,A057,IT,,Invoice,5030.96,Cheque,USD,Rejected,2025-09-24,INV00060811,EMP00133,USR0174,1,0,0,0,0,0,0,Senior Manager,0,1,1,Low,2025-09,0,Missing Vendor
TX0060831,2025-12-23,A001,Sales,,Payment,989.62,Direct Debit,USD,Approved,2025-12-29,INV00060831,EMP00298,USR0053,1,0,0,0,0,0,0,Department Manager,0,1,1,Low,2025-12,0,Missing Vendor
TX0060834,2025-05-26,A043,Finance,V0175,Invoice,89.94,Card,USD,Approved,2025-05-27,INV00061706,EMP00442,USR0190,0,0,0,0,0,1,0,Department Manager,0,1,1,Low,2025-05,0,Duplicate Invoice
TX0060835,2025-11-24,A033,HR,V0022,Invoice,1065.95,Bank Transfer,EUR,Approved,2025-11-25,INV00029057,EMP00240,USR0164,0,0,0,0,0,1,0,Senior Manager,0,1,1,Low,2025-11,0,Duplicate Invoice
TX0060843,2025-10-21,A030,Marketing,V0141,Journal Entry,637.81,Direct Debit,USD,Approved,2025-10-26,INV00060843,,USR0151,0,1,0,0,0,0,0,Department Manager,0,1,1,Low,2025-10,0,No Exception
TX0060856,2026-03-29,A008,Operations,V0037,Invoice,417.13,Card,GBP,Approved,2026-03-03,INV00060856,EMP00241,USR0144,0,0,0,0,1,0,1,Department Manager,0,1,1,Low,2026-03,0,Invalid Posting Date
TX0060893,2025-07-26,A035,Procurement,V0384,Journal Entry,-415.88,Direct Debit,GBP,Rejected,2025-07-26,INV00060893,EMP00236,USR0153,0,0,0,1,0,0,0,Department Manager,0,1,1,Low,2025-07,0,Invalid Amount
TX0060894,2025-07-07,A056,Marketing,V0445,Journal Entry,2168.53,Cheque,GBP,Approved,2025-07-14,INV00060894,EMP00032,USR0139,0,0,0,0,0,1,0,Senior Manager,0,1,1,Low,2025-07,0,Duplicate Invoice
TX0060912,2026-03-09,A066,IT,V0010,Invoice,998.86,Bank Transfer,GBP,Approved,2026-03-12,INV00097107,EMP00189,USR0125,0,0,0,0,0,1,0,Department Manager,0,1,1,Low,2026-03,0,Duplicate Invoice
TX0060921,2025-04-06,A027,Sales,V0248,Invoice,743.92,Card,GBP,Rejected,2025-04-02,INV00060921,EMP00369,USR0168,0,0,0,0,1,0,0,Department Manager,0,1,1,Low,2025-04,0,Invalid Posting Date
TX0060930,2025-04-01,A030,IT,V0291,Invoice,461.33,Cheque,GBP,Approved,2025-03-30,INV00060930,EMP00326,USR0106,0,0,0,0,1,0,0,Department Manager,0,1,1,Low,2025-04,0,Invalid Posting Date
TX0060939,2026-03-29,A041,Procurement,V0142,Invoice,7186.25,Card,GBP,Pending,2025-05-15,INV00060939,EMP00333,USR0062,0,0,0,0,1,0,1,Senior Manager,0,1,1,Low,2026-03,1,Invalid Posting Date
TX0060991,2026-03-31,A061,Operations,V0038,Invoice,1075.49,Direct Debit,USD,Approved,2025-09-30,INV00060991,EMP00425,USR0066,0,0,0,0,1,0,1,Senior Manager,0,1,1,Low,2026-03,0,Invalid Posting Date
TX0061005,2025-10-06,A062,Procurement,V0269,Invoice,204.26,Direct Debit,USD,Approved,2025-10-11,INV00061005,EMP00073,USR0198,0,0,0,0,0,1,0,Department Manager,0,1,1,Low,2025-10,0,Duplicate Invoice
TX0061027,2025-12-01,A057,Procurement,V0465,Payment,-273.54,Direct Debit,GBP,Approved,2025-12-07,INV00061027,EMP00385,USR0016,0,0,0,1,0,0,0,Department Manager,0,1,1,Low,2025-12,0,Invalid Amount
TX0061028,2025-06-02,A052,Operations,V0058,Invoice,9126.41,Cheque,USD,Approved,2025-06-02,INV00099912,EMP00446,USR0005,0,0,0,0,0,1,0,Senior Manager,0,1,1,Low,2025-06,1,Duplicate Invoice
TX0061034,2026-03-29,A060,Operations,V0158,Invoice,492.12,Direct Debit,GBP,Approved,2025-11-05,INV00050195,EMP00010,USR0063,0,0,0,0,1,1,1,Department Manager,0,2,1,Medium,2026-03,0,Duplicate Invoice
TX0061036,2025-06-11,A051,HR,,Invoice,166.5,Card,GBP,Pending,2025-06-12,INV00061036,EMP00043,USR0099,1,0,0,0,0,0,0,Department Manager,0,1,1,Low,2025-06,0,Missing Vendor
TX0061055,2025-06-09,A033,Marketing,V0007,Credit Note,2926.19,Bank Transfer,EUR,Pending,2025-06-11,INV00066150,EMP00076,USR0177,0,0,0,0,0,1,0,Senior Manager,0,1,1,Low,2025-06,0,Duplicate Invoice
TX0061089,2025-10-12,A073,IT,V0144,Invoice,1887.07,Direct Debit,USD,Approved,2025-10-17,INV00061089,,USR0055,0,1,0,0,0,0,0,Senior Manager,1,2,1,Medium,2025-10,0,Missing Approval
TX0061115,2026-01-19,A072,Procurement,V0340,Invoice,1066.02,Card,USD,Approved,2026-01-26,INV00013929,EMP00267,USR0032,0,0,0,0,0,1,0,Senior Manager,0,1,1,Low,2026-01,0,Duplicate Invoice
TX0061130,2025-06-12,A025,Finance,V0342,Invoice,2527.01,Bank Transfer,GBP,Approved,2025-06-18,INV00061130,EMP00252,USR0122,0,0,0,0,0,1,0,Senior Manager,0,1,1,Low,2025-06,0,Duplicate Invoice
TX0061142,2026-03-27,A078,HR,V0143,Invoice,4162.63,Cheque,GBP,Approved,2025-06-12,INV00061142,EMP00078,USR0106,0,0,0,0,1,0,1,Senior Manager,0,1,1,Low,2026-03,0,Invalid Posting Date
TX0061143,2026-01-14,A005,Finance,V0376,Payment,4958.55,Direct Debit,GBP,Approved,2026-01-16,INV00032866,EMP00493,USR0067,0,0,0,0,0,1,0,Senior Manager,0,1,1,Low,2026-01,0,Duplicate Invoice
TX0061159,2026-03-30,A007,Finance,V0449,Payment,622.28,Cheque,GBP,Approved,2025-07-18,INV00061159,EMP00309,USR0138,0,0,0,0,1,0,1,Department Manager,0,1,1,Low,2026-03,0,Invalid Posting Date
TX0061242,2025-08-20,A029,Finance,V0353,Invoice,1056.97,Bank Transfer,EUR,Approved,2025-08-25,INV00061242,EMP00046,USR0200,0,0,0,0,0,1,0,Senior Manager,0,1,1,Low,2025-08,0,Duplicate Invoice
TX0061297,2025-07-12,A057,Procurement,V0159,Payment,1310.37,Cheque,GBP,Rejected,2025-07-13,INV00061297,EMP00294,USR0053,0,0,0,0,0,1,0,Senior Manager,0,1,1,Low,2025-07,0,Duplicate Invoice
TX0061310,2025-10-25,A004,Operations,V0409,Payment,191.13,Cheque,GBP,Pending,2025-10-27,INV00061310,,USR0145,0,1,0,0,0,0,0,Department Manager,0,1,1,Low,2025-10,0,No Exception
TX0061338,2025-04-21,A051,IT,V0371,Payment,351.65,Cheque,GBP,Rejected,2025-04-25,INV00061338,,USR0174,0,1,0,0,0,0,0,Department Manager,0,1,1,Low,2025-04,0,No Exception
TX0061350,2025-11-16,A021,Finance,V0113,Expense,1575.93,Bank Transfer,USD,Approved,2025-11-17,INV00061350,,USR0069,0,1,0,0,0,0,0,Senior Manager,1,2,1,Medium,2025-11,0,Missing Approval
TX0061387,2026-01-24,,IT,V0035,Payment,1293.95,Card,USD,Rejected,2026-01-30,INV00061387,EMP00027,USR0191,0,0,1,0,0,0,0,Senior Manager,0,1,1,Low,2026-01,0,Missing Account
TX0061393,2025-10-01,A011,Operations,V0074,Invoice,120.23,Card,EUR,Rejected,2025-10-02,INV00061393,EMP00365,USR0046,0,0,0,0,0,1,0,Department Manager,0,1,1,Low,2025-10,0,Duplicate Invoice
TX0061461,2025-06-03,A061,Procurement,V0383,Invoice,142.87,Card,GBP,Approved,2025-06-04,INV00061461,EMP00472,USR0078,0,0,0,0,0,1,0,Department Manager,0,1,1,Low,2025-06,0,Duplicate Invoice
TX0061462,2025-10-29,A018,IT,V0404,Invoice,1029.64,Bank Transfer,USD,Rejected,2025-10-29,INV00061462,EMP00480,USR0092,0,0,0,0,0,1,1,Senior Manager,0,1,1,Low,2025-10,0,Duplicate Invoice
TX0061543,2025-11-15,A067,Sales,,Payment,3067.55,Card,EUR,Approved,2025-11-17,INV00061543,EMP00050,USR0113,1,0,0,0,0,0,0,Senior Manager,0,1,1,Low,2025-11,0,Missing Vendor
TX0061549,2026-03-31,A012,Finance,V0294,Invoice,2428.3,Bank Transfer,GBP,Approved,2026-04-03,INV00061549,EMP00007,USR0059,0,0,0,0,0,1,1,Senior Manager,0,1,1,Low,2026-03,0,Duplicate Invoice
TX0061570,2025-09-26,A014,Marketing,V0115,Expense,4747.3,Card,GBP,Pending,2025-09-27,INV00067247,EMP00164,USR0047,0,0,0,0,0,1,0,Senior Manager,0,1,1,Low,2025-09,0,Duplicate Invoice
TX0061578,2025-07-17,A054,Finance,V0074,Payment,285.37,Card,USD,Approved,2025-07-21,INV00061578,EMP00191,USR0030,0,0,0,0,0,1,0,Department Manager,0,1,1,Low,2025-07,0,Duplicate Invoice
TX0061584,2026-03-31,A069,Finance,V0065,Expense,3216.58,Cheque,USD,Rejected,2025-12-19,INV00061584,EMP00294,USR0175,0,0,0,0,1,0,1,Senior Manager,0,1,1,Low,2026-03,0,Invalid Posting Date
TX0061601,2025-09-10,A043,Procurement,V0489,Invoice,3414.58,Direct Debit,USD,Pending,2025-09-17,INV00061601,,USR0195,0,1,0,0,0,0,0,Senior Manager,1,2,1,Medium,2025-09,0,Missing Approval
TX0061608,2025-12-18,A034,Sales,V0302,Journal Entry,390.25,Card,GBP,Approved,2025-12-24,INV00009162,EMP00014,USR0102,0,0,0,0,0,1,0,Department Manager,0,1,1,Low,2025-12,0,Duplicate Invoice
TX0061656,2025-09-06,A009,Procurement,V0276,Invoice,1700.99,Card,USD,Approved,2025-09-13,INV00061656,,USR0094,0,1,0,0,0,0,0,Senior Manager,1,2,1,Medium,2025-09,0,Missing Approval
TX0061670,2025-10-15,A035,Operations,V0254,Payment,2050.51,Card,EUR,Approved,2025-10-21,INV00069418,EMP00457,USR0003,0,0,0,0,0,1,0,Senior Manager,0,1,1,Low,2025-10,0,Duplicate Invoice
TX0061681,2026-03-28,A035,Procurement,V0160,Payment,604.38,Bank Transfer,EUR,Approved,2026-03-17,INV00061681,EMP00337,USR0122,0,0,0,0,1,0,1,Department Manager,0,1,1,Low,2026-03,0,Invalid Posting Date
TX0061706,2026-03-28,A080,Operations,V0274,Journal Entry,1237.88,Direct Debit,USD,Pending,2025-04-25,INV00061706,EMP00403,USR0002,0,0,0,0,1,1,1,Senior Manager,0,2,1,Medium,2026-03,0,Duplicate Invoice
TX0061710,2025-05-30,A027,Finance,V0353,Invoice,3031.5,Cheque,USD,Rejected,2025-06-05,INV00088808,EMP00313,USR0026,0,0,0,0,0,1,1,Senior Manager,0,1,1,Low,2025-05,0,Duplicate Invoice
TX0061720,2025-06-17,A019,Operations,V0025,Expense,946.7,Card,EUR,Pending,2025-06-15,INV00061720,EMP00140,USR0189,0,0,0,0,1,0,0,Department Manager,0,1,1,Low,2025-06,0,Invalid Posting Date
TX0061767,2026-03-27,A050,Sales,V0175,Expense,2369.89,Direct Debit,GBP,Approved,2025-09-11,INV00061767,EMP00427,USR0011,0,0,0,0,1,0,1,Senior Manager,0,1,1,Low,2026-03,0,Invalid Posting Date
TX0061768,2025-09-13,A066,Operations,V0500,Invoice,501.74,Cheque,USD,Approved,2025-09-12,INV00061768,EMP00270,USR0129,0,0,0,0,1,0,0,Department Manager,0,1,1,Low,2025-09,0,Invalid Posting Date
TX0061770,2025-08-11,A068,Operations,V0237,Payment,942.64,Direct Debit,USD,Approved,2025-08-18,INV00061770,EMP00397,USR0067,0,0,0,0,0,1,0,Department Manager,0,1,1,Low,2025-08,0,Duplicate Invoice
TX0061774,2026-01-07,A023,IT,V0483,Invoice,1104.06,Card,USD,Approved,2026-01-12,INV00061774,EMP00267,USR0024,0,0,0,0,0,1,0,Senior Manager,0,1,1,Low,2026-01,0,Duplicate Invoice
TX0061787,2025-08-19,A059,Operations,,Invoice,1048.08,Cheque,USD,Rejected,2025-08-20,INV00061787,EMP00087,USR0080,1,0,0,0,0,0,0,Senior Manager,0,1,1,Low,2025-08,0,Missing Vendor
TX0061815,2025-09-14,A059,Operations,V0324,Invoice,377.57,Card,EUR,Approved,2025-09-18,INV00061815,EMP00332,USR0033,0,0,0,0,0,1,0,Department Manager,0,1,1,Low,2025-09,0,Duplicate Invoice
TX0061913,2026-03-29,A004,Operations,V0135,Invoice,402.01,Card,GBP,Rejected,2025-12-25,INV00061913,EMP00403,USR0046,0,0,0,0,1,0,1,Department Manager,0,1,1,Low,2026-03,0,Invalid Posting Date
TX0061964,2026-03-18,A076,Operations,V0238,Invoice,672.64,Direct Debit,GBP,Pending,2026-03-19,INV00061964,,USR0044,0,1,0,0,0,0,0,Department Manager,0,1,1,Low,2026-03,0,No Exception
TX0062002,2025-04-13,A047,Finance,V0353,Invoice,261.67,Cheque,EUR,Rejected,2025-04-14,INV00062002,,USR0012,0,1,0,0,0,0,0,Department Manager,0,1,1,Low,2025-04,0,No Exception
TX0062006,2025-07-12,A020,Sales,V0301,Expense,703.8,Bank Transfer,GBP,Approved,2025-07-19,INV00062006,EMP00427,USR0108,0,0,0,0,0,1,0,Department Manager,0,1,1,Low,2025-07,0,Duplicate Invoice
TX0062027,2026-03-27,A016,Sales,V0442,Expense,610.19,Direct Debit,GBP,Pending,2025-11-13,INV00062027,EMP00412,USR0101,0,0,0,0,1,0,1,Department Manager,0,1,1,Low,2026-03,0,Invalid Posting Date
TX0062040,2026-03-30,A050,Sales,V0225,Invoice,2849.27,Bank Transfer,USD,Pending,2025-11-02,INV00062040,EMP00431,USR0004,0,0,0,0,1,0,1,Senior Manager,0,1,1,Low,2026-03,0,Invalid Posting Date
TX0062092,2025-08-29,A017,Procurement,V0305,Expense,687.56,Cheque,GBP,Rejected,2025-08-29,INV00062092,,USR0152,0,1,0,0,0,0,1,Department Manager,0,1,1,Low,2025-08,0,No Exception
TX0062121,2026-03-31,A032,IT,V0273,Journal Entry,1939.1,Direct Debit,GBP,Rejected,2025-07-08,INV00062121,EMP00342,USR0006,0,0,0,0,1,0,1,Senior Manager,0,1,1,Low,2026-03,0,Invalid Posting Date
TX0062123,2025-08-03,A076,Finance,V0031,Expense,3576.66,Card,GBP,Pending,2025-08-04,INV00062123,EMP00398,USR0149,0,0,0,0,0,1,0,Senior Manager,0,1,1,Low,2025-08,0,Duplicate Invoice
TX0062125,2025-08-04,A017,Finance,V0056,Journal Entry,2143.9,Cheque,GBP,Approved,2025-08-05,INV00062125,,USR0154,0,1,0,0,0,0,0,Senior Manager,1,2,1,Medium,2025-08,0,Missing Approval
TX0062149,2026-03-29,A026,IT,V0318,Journal Entry,3561.18,Direct Debit,EUR,Approved,2025-09-10,INV00062149,EMP00364,USR0085,0,0,0,0,1,0,1,Senior Manager,0,1,1,Low,2026-03,0,Invalid Posting Date
TX0062153,2025-07-11,A012,Finance,V0322,Invoice,2218.62,Bank Transfer,EUR,Approved,2025-07-18,INV00083040,EMP00190,USR0096,0,0,0,0,0,1,0,Senior Manager,0,1,1,Low,2025-07,0,Duplicate Invoice
TX0062187,2026-03-30,A062,Marketing,V0386,Expense,37.58,Bank Transfer,USD,Pending,2025-05-05,INV00062187,EMP00186,USR0033,0,0,0,0,1,0,1,Department Manager,0,1,1,Low,2026-03,0,Invalid Posting Date
TX0062213,2025-08-18,A023,Operations,V0024,Credit Note,1655.11,Cheque,GBP,Rejected,2025-08-18,INV00079371,EMP00452,USR0023,0,0,0,0,0,1,0,Senior Manager,0,1,1,Low,2025-08,0,Duplicate Invoice
TX0062267,2026-03-27,A008,HR,V0115,Invoice,577.36,Bank Transfer,EUR,Approved,2025-07-02,INV00062267,EMP00118,USR0165,0,0,0,0,1,0,1,Department Manager,0,1,1,Low,2026-03,0,Invalid Posting Date
TX0062293,2025-08-12,A069,Marketing,V0100,Payment,1785.74,Bank Transfer,EUR,Approved,2025-08-13,INV00081036,EMP00447,USR0118,0,0,0,0,0,1,0,Senior Manager,0,1,1,Low,2025-08,0,Duplicate Invoice
TX0062355,2026-03-27,A015,Finance,V0176,Payment,497.42,Card,GBP,Pending,2025-07-14,INV00062355,EMP00328,USR0157,0,0,0,0,1,0,1,Department Manager,0,1,1,Low,2026-03,0,Invalid Posting Date
TX0062361,2025-04-09,A022,IT,V0130,Payment,2159.54,Direct Debit,GBP,Approved,2025-04-09,INV00062361,,USR0064,0,1,0,0,0,0,0,Senior Manager,1,2,1,Medium,2025-04,0,Missing Approval
TX0062363,2025-06-07,A058,Sales,,Invoice,761.69,Card,GBP,Approved,2025-06-12,INV00062363,EMP00297,USR0008,1,0,0,0,0,0,0,Department Manager,0,1,1,Low,2025-06,0,Missing Vendor
TX0062383,2025-04-16,A055,Finance,V0153,Invoice,1888.24,Cheque,GBP,Rejected,2025-04-23,INV00062383,,USR0163,0,1,0,0,0,0,0,Senior Manager,1,2,1,Medium,2025-04,0,Missing Approval
TX0062388,2025-12-01,A065,Finance,V0323,Invoice,1380.26,Direct Debit,USD,Approved,2025-11-27,INV00062388,EMP00088,USR0041,0,0,0,0,1,0,0,Senior Manager,0,1,1,Low,2025-12,0,Invalid Posting Date
TX0062411,2025-08-01,,IT,V0221,Payment,1297.22,Cheque,EUR,Approved,2025-08-01,INV00062411,EMP00199,USR0129,0,0,1,0,0,0,0,Senior Manager,0,1,1,Low,2025-08,0,Missing Account
TX0062420,2026-03-27,A077,Operations,V0106,Credit Note,1917.66,Bank Transfer,EUR,Rejected,2025-08-23,INV00062420,EMP00224,USR0042,0,0,0,0,1,0,1,Senior Manager,0,1,1,Low,2026-03,0,Invalid Posting Date
TX0062424,2025-06-23,A025,Finance,V0199,Expense,4869.2,Card,USD,Pending,2025-06-23,INV00000088,EMP00388,USR0154,0,0,0,0,0,1,0,Senior Manager,0,1,1,Low,2025-06,0,Duplicate Invoice
TX0062446,2025-07-29,A023,Operations,V0329,Invoice,861.65,Card,USD,Approved,2025-08-04,INV00062446,,USR0163,0,1,0,0,0,0,1,Department Manager,0,1,1,Low,2025-07,0,No Exception
TX0062491,2026-03-27,A072,HR,V0117,Invoice,56.88,Bank Transfer,EUR,Pending,2025-09-26,INV00062491,EMP00439,USR0127,0,0,0,0,1,0,1,Department Manager,0,1,1,Low,2026-03,0,Invalid Posting Date
TX0062503,2025-04-13,A048,Operations,V0256,Invoice,1005.32,Card,USD,Rejected,2025-04-15,INV00062503,,USR0124,0,1,0,0,0,0,0,Senior Manager,1,2,1,Medium,2025-04,0,Missing Approval
TX0062515,2025-09-29,A028,Finance,V0134,Invoice,5016.69,Bank Transfer,GBP,Rejected,2025-10-06,INV00062515,,USR0172,0,1,0,0,0,0,1,Senior Manager,1,2,1,Medium,2025-09,0,Missing Approval
TX0062542,2025-09-23,A075,Operations,,Invoice,174.06,Direct Debit,GBP,Approved,2025-09-23,INV00062542,EMP00073,USR0087,1,0,0,0,0,0,0,Department Manager,0,1,1,Low,2025-09,0,Missing Vendor
TX0062549,2026-03-29,A049,Sales,V0073,Payment,3733.98,Cheque,GBP,Pending,2025-04-05,INV00062549,EMP00162,USR0083,0,0,0,0,1,0,1,Senior Manager,0,1,1,Low,2026-03,0,Invalid Posting Date
TX0062573,2026-03-27,A060,Sales,V0389,Payment,2284.31,Cheque,GBP,Approved,2026-03-23,INV00062573,EMP00071,USR0143,0,0,0,0,1,0,1,Senior Manager,0,1,1,Low,2026-03,0,Invalid Posting Date
TX0062597,2025-08-27,A008,HR,V0176,Payment,896.99,Cheque,GBP,Pending,2025-09-01,INV00062597,EMP00129,USR0034,0,0,0,0,0,1,1,Department Manager,0,1,1,Low,2025-08,0,Duplicate Invoice
TX0062600,2026-03-31,A039,Sales,V0263,Invoice,697.7,Cheque,USD,Approved,2026-01-03,INV00062600,EMP00237,USR0070,0,0,0,0,1,0,1,Department Manager,0,1,1,Low,2026-03,0,Invalid Posting Date
TX0062602,2026-03-30,A052,Marketing,V0306,Credit Note,1672.85,Card,GBP,Pending,2025-11-25,INV00062602,EMP00300,USR0053,0,0,0,0,1,0,1,Senior Manager,0,1,1,Low,2026-03,0,Invalid Posting Date
TX0062615,2025-08-27,A032,IT,V0337,Invoice,8964.86,Bank Transfer,GBP,Rejected,2025-09-02,INV00062615,EMP00441,USR0049,0,0,0,0,0,1,1,Senior Manager,0,1,1,Low,2025-08,1,Duplicate Invoice
TX0062623,2026-03-03,A019,Finance,,Invoice,1277.2,Card,USD,Rejected,2026-03-05,INV00062623,EMP00300,USR0143,1,0,0,0,0,0,0,Senior Manager,0,1,1,Low,2026-03,0,Missing Vendor
TX0062626,2025-05-26,A018,HR,,Payment,1838.38,Card,EUR,Approved,2025-05-26,INV00062626,EMP00463,USR0131,1,0,0,0,0,0,0,Senior Manager,0,1,1,Low,2025-05,0,Missing Vendor
TX0062645,2026-03-28,A049,Finance,V0223,Expense,614.08,Cheque,GBP,Approved,2025-09-14,INV00062645,EMP00470,USR0054,0,0,0,0,1,0,1,Department Manager,0,1,1,Low,2026-03,0,Invalid Posting Date
TX0062647,2026-03-30,A040,Sales,V0283,Invoice,1678.01,Direct Debit,USD,Rejected,2025-07-10,INV00062647,EMP00286,USR0092,0,0,0,0,1,0,1,Senior Manager,0,1,1,Low,2026-03,0,Invalid Posting Date
TX0062661,2025-11-22,A046,Finance,V0291,Payment,2613.0,Cheque,USD,Approved,2025-11-28,INV00062661,EMP00465,USR0019,0,0,0,0,0,1,0,Senior Manager,0,1,1,Low,2025-11,0,Duplicate Invoice
TX0062695,2026-03-30,A047,Sales,V0467,Invoice,3085.63,Bank Transfer,USD,Approved,2025-10-09,INV00062695,EMP00161,USR0098,0,0,0,0,1,0,1,Senior Manager,0,1,1,Low,2026-03,0,Invalid Posting Date
TX0062719,2025-04-07,A068,IT,V0458,Journal Entry,4045.48,Cheque,EUR,Approved,2025-04-10,INV00022740,EMP00102,USR0149,0,0,0,0,0,1,0,Senior Manager,0,1,1,Low,2025-04,0,Duplicate Invoice
TX0062729,2025-08-09,A073,Finance,,Invoice,9705.94,Cheque,EUR,Rejected,2025-08-13,INV00062729,EMP00105,USR0140,1,0,0,0,0,0,0,Senior Manager,0,1,1,Low,2025-08,1,Missing Vendor
TX0062731,2026-03-02,A046,Finance,V0317,Invoice,2294.65,Direct Debit,EUR,Approved,2026-03-03,INV00061242,EMP00369,USR0166,0,0,0,0,0,1,0,Senior Manager,0,1,1,Low,2026-03,0,Duplicate Invoice
TX0062766,2025-06-22,A027,Procurement,,Invoice,791.24,Cheque,GBP,Approved,2025-06-22,INV00062766,EMP00481,USR0029,1,0,0,0,0,0,0,Department Manager,0,1,1,Low,2025-06,0,Missing Vendor
TX0062778,2025-09-12,A078,Marketing,,Invoice,1951.93,Cheque,USD,Rejected,2025-09-14,INV00062778,EMP00237,USR0040,1,0,0,0,0,0,0,Senior Manager,0,1,1,Low,2025-09,0,Missing Vendor
TX0062787,2025-07-07,A058,Finance,V0035,Payment,492.81,Card,GBP,Approved,2025-07-12,INV00062787,EMP00171,USR0199,0,0,0,0,0,1,0,Department Manager,0,1,1,Low,2025-07,0,Duplicate Invoice
TX0062800,2025-08-21,A015,Sales,V0195,Expense,771.02,Bank Transfer,EUR,Approved,2025-08-22,INV00090710,EMP00429,USR0040,0,0,0,0,0,1,0,Department Manager,0,1,1,Low,2025-08,0,Duplicate Invoice
TX0062834,2025-10-11,A022,Sales,V0053,Invoice,2980.7,Card,EUR,Approved,2025-10-15,INV00062834,,USR0001,0,1,0,0,0,0,0,Senior Manager,1,2,1,Medium,2025-10,0,Missing Approval
TX0062846,2026-03-30,A045,Operations,V0305,Invoice,5922.54,Direct Debit,EUR,Approved,2026-01-25,INV00062846,EMP00342,USR0076,0,0,0,0,1,0,1,Senior Manager,0,1,1,Low,2026-03,1,Invalid Posting Date
TX0062862,2026-03-31,A014,Procurement,V0272,Expense,414.43,Bank Transfer,GBP,Rejected,2026-02-01,INV00062862,EMP00329,USR0056,0,0,0,0,1,0,1,Department Manager,0,1,1,Low,2026-03,0,Invalid Posting Date
TX0062865,2026-01-14,A054,Operations,V0142,Expense,787.36,Cheque,USD,Approved,2026-01-17,INV00062865,EMP00220,USR0026,0,0,0,0,0,1,0,Department Manager,0,1,1,Low,2026-01,0,Duplicate Invoice
TX0062873,2025-11-22,A011,Marketing,V0346,Invoice,1092.09,Card,GBP,Pending,2025-11-29,INV00086234,EMP00320,USR0011,0,0,0,0,0,1,0,Senior Manager,0,1,1,Low,2025-11,0,Duplicate Invoice
TX0062889,2026-03-31,A018,Finance,V0422,Invoice,472.75,Card,GBP,Pending,2025-08-16,INV00062889,EMP00134,USR0003,0,0,0,0,1,0,1,Department Manager,0,1,1,Low,2026-03,0,Invalid Posting Date
TX0062921,2026-03-16,A076,Operations,V0192,Payment,4371.94,Bank Transfer,GBP,Rejected,2026-03-19,INV00089799,EMP00250,USR0170,0,0,0,0,0,1,0,Senior Manager,0,1,1,Low,2026-03,0,Duplicate Invoice
TX0062940,2025-12-23,A037,Finance,V0125,Credit Note,972.0,Card,USD,Rejected,2025-12-27,INV00062940,,USR0099,0,1,0,0,0,0,0,Department Manager,0,1,1,Low,2025-12,0,No Exception
TX0062943,2025-05-18,A016,Procurement,V0303,Invoice,981.6,Card,GBP,Approved,2025-05-14,INV00062943,EMP00386,USR0015,0,0,0,0,1,0,0,Department Manager,0,1,1,Low,2025-05,0,Invalid Posting Date
TX0062946,2025-05-25,A039,Marketing,,Invoice,1232.71,Direct Debit,USD,Approved,2025-05-27,INV00062946,EMP00419,USR0192,1,0,0,0,0,0,0,Senior Manager,0,1,1,Low,2025-05,0,Missing Vendor
TX0063018,2026-03-27,A066,Finance,V0051,Journal Entry,497.9,Bank Transfer,EUR,Approved,2025-04-20,INV00063018,EMP00128,USR0060,0,0,0,0,1,0,1,Department Manager,0,1,1,Low,2026-03,0,Invalid Posting Date
TX0063052,2025-12-19,A061,Operations,V0284,Invoice,670.29,Cheque,USD,Approved,2025-12-25,INV00063052,,USR0158,0,1,0,0,0,0,0,Department Manager,0,1,1,Low,2025-12,0,No Exception
TX0063060,2026-03-30,A019,Operations,V0070,Expense,1285.42,Bank Transfer,USD,Approved,2025-12-30,INV00063060,EMP00267,USR0100,0,0,0,0,1,0,1,Senior Manager,0,1,1,Low,2026-03,0,Invalid Posting Date
TX0063078,2026-01-20,,Finance,V0096,Invoice,11505.02,Card,GBP,Rejected,2026-01-24,INV00063078,EMP00362,USR0195,0,0,1,0,0,0,0,Finance Director,0,1,1,Medium,2026-01,1,Missing Account
TX0063083,2025-04-25,A057,Operations,V0376,Invoice,610.26,Bank Transfer,GBP,Pending,2025-04-28,INV00079157,EMP00312,USR0150,0,0,0,0,0,1,0,Department Manager,0,1,1,Low,2025-04,0,Duplicate Invoice
TX0063100,2025-10-13,A014,Procurement,V0438,Payment,108.51,Bank Transfer,USD,Pending,2025-10-14,INV00063100,EMP00216,USR0036,0,0,0,0,0,1,0,Department Manager,0,1,1,Low,2025-10,0,Duplicate Invoice
TX0063121,2025-12-22,A034,Operations,V0301,Expense,104.48,Direct Debit,USD,Approved,2025-12-24,INV00063121,EMP00176,USR0027,0,0,0,0,0,1,0,Department Manager,0,1,1,Low,2025-12,0,Duplicate Invoice
TX0063138,2025-12-10,A044,Sales,V0197,Invoice,694.93,Bank Transfer,GBP,Rejected,2025-12-16,INV00040247,EMP00495,USR0188,0,0,0,0,0,1,0,Department Manager,0,1,1,Low,2025-12,0,Duplicate Invoice
TX0063145,2025-07-18,A040,Marketing,V0283,Invoice,1431.22,Direct Debit,GBP,Approved,2025-07-21,INV00063145,,USR0036,0,1,0,0,0,0,0,Senior Manager,1,2,1,Medium,2025-07,0,Missing Approval
TX0063175,2026-03-03,A001,Finance,V0248,Expense,1349.91,Bank Transfer,EUR,Rejected,2026-03-04,INV00040890,EMP00020,USR0144,0,0,0,0,0,1,0,Senior Manager,0,1,1,Low,2026-03,0,Duplicate Invoice
TX0063198,2026-01-06,A046,Operations,,Payment,190.2,Direct Debit,USD,Rejected,2026-01-06,INV00063198,EMP00421,USR0087,1,0,0,0,0,0,0,Department Manager,0,1,1,Low,2026-01,0,Missing Vendor
TX0063216,2026-02-21,A055,HR,V0075,Invoice,1861.67,Cheque,USD,Pending,2026-02-25,INV00040360,EMP00437,USR0087,0,0,0,0,0,1,0,Senior Manager,0,1,1,Low,2026-02,0,Duplicate Invoice
TX0063227,2025-12-03,A015,Sales,V0062,Invoice,438.59,Direct Debit,GBP,Pending,2025-11-30,INV00063227,EMP00488,USR0135,0,0,0,0,1,0,0,Department Manager,0,1,1,Low,2025-12,0,Invalid Posting Date
TX0063242,2025-05-20,A070,HR,,Invoice,1091.79,Bank Transfer,GBP,Approved,2025-05-21,INV00063242,EMP00003,USR0131,1,0,0,0,0,0,0,Senior Manager,0,1,1,Low,2025-05,0,Missing Vendor
TX0063312,2025-11-02,A022,Operations,V0144,Expense,-2788.0,Direct Debit,GBP,Approved,2025-11-09,INV00063312,EMP00320,USR0061,0,0,0,1,0,0,0,Senior Manager,0,1,1,Low,2025-11,0,Invalid Amount
TX0063329,2025-05-30,A072,Sales,,Invoice,573.87,Cheque,USD,Pending,2025-05-30,INV00063329,EMP00479,USR0140,1,0,0,0,0,0,1,Department Manager,0,1,1,Low,2025-05,0,Missing Vendor
TX0063343,2026-02-18,A067,IT,V0375,Invoice,268.38,Bank Transfer,GBP,Rejected,2026-02-24,INV00063343,EMP00048,USR0166,0,0,0,0,0,1,0,Department Manager,0,1,1,Low,2026-02,0,Duplicate Invoice
TX0063352,2025-04-13,A068,Procurement,V0293,Invoice,1110.33,Bank Transfer,USD,Approved,2025-04-13,INV00063352,EMP00354,USR0125,0,0,0,0,0,1,0,Senior Manager,0,1,1,Low,2025-04,0,Duplicate Invoice
TX0063373,2026-01-10,A068,Marketing,V0217,Journal Entry,21375.9,Card,GBP,Pending,2026-01-17,INV00063373,,USR0095,0,1,0,0,0,0,0,Finance Director,1,2,1,Medium,2026-01,1,Missing Approval
TX0063382,2025-08-05,,Finance,V0151,Invoice,1934.7,Direct Debit,USD,Rejected,2025-08-09,INV00063382,EMP00237,USR0045,0,0,1,0,0,0,0,Senior Manager,0,1,1,Low,2025-08,0,Missing Account
TX0063408,2025-08-27,A043,HR,V0322,Expense,1969.03,Card,USD,Rejected,2025-08-27,INV00063408,EMP00315,USR0192,0,0,0,0,0,1,1,Senior Manager,0,1,1,Low,2025-08,0,Duplicate Invoice
TX0063457,2026-03-27,A035,Finance,V0185,Invoice,555.74,Direct Debit,USD,Rejected,2026-03-28,INV00039457,EMP00062,USR0009,0,0,0,0,0,1,1,Department Manager,0,1,1,Low,2026-03,0,Duplicate Invoice
TX0063481,2025-07-04,A080,HR,V0255,Invoice,-75.51,Card,GBP,Rejected,2025-07-05,INV00063481,EMP00353,USR0065,0,0,0,1,0,0,0,Department Manager,0,1,1,Low,2025-07,0,Invalid Amount
TX0063486,2026-02-21,A063,Operations,V0018,Payment,890.22,Cheque,EUR,Rejected,2026-02-28,INV00063486,EMP00312,USR0083,0,0,0,0,0,1,0,Department Manager,0,1,1,Low,2026-02,0,Duplicate Invoice
TX0063513,2025-08-12,A066,IT,,Invoice,2377.39,Cheque,USD,Rejected,2025-08-11,INV00063513,EMP00089,USR0170,1,0,0,0,1,0,0,Senior Manager,0,2,1,Medium,2025-08,0,Missing Vendor
TX0063537,2025-10-03,A080,Sales,V0104,Invoice,4635.99,Cheque,GBP,Approved,2025-10-04,INV00063537,,USR0137,0,1,0,0,0,0,0,Senior Manager,1,2,1,Medium,2025-10,0,Missing Approval
TX0063539,2025-12-18,A050,Operations,V0379,Invoice,985.09,Direct Debit,GBP,Pending,2025-12-17,INV00063539,EMP00355,USR0097,0,0,0,0,1,0,0,Department Manager,0,1,1,Low,2025-12,0,Invalid Posting Date
TX0063544,2025-09-27,A046,Finance,V0373,Invoice,1148.54,Bank Transfer,USD,Approved,2025-09-29,INV00063544,,USR0019,0,1,0,0,0,0,1,Senior Manager,1,2,1,Medium,2025-09,0,Missing Approval
TX0063550,2025-05-05,A032,HR,V0287,Journal Entry,2223.81,Card,GBP,Approved,2025-05-01,INV00063550,EMP00351,USR0120,0,0,0,0,1,0,0,Senior Manager,0,1,1,Low,2025-05,0,Invalid Posting Date
TX0063588,2026-01-05,A072,HR,V0486,Invoice,514.4,Card,EUR,Approved,2026-01-09,INV00063588,EMP00165,USR0107,0,0,0,0,0,1,0,Department Manager,0,1,1,Low,2026-01,0,Duplicate Invoice
TX0063650,2026-01-04,,IT,V0297,Invoice,867.63,Direct Debit,GBP,Pending,2026-01-07,INV00063650,EMP00017,USR0001,0,0,1,0,0,0,0,Department Manager,0,1,1,Low,2026-01,0,Missing Account
TX0063657,2026-03-27,A028,Operations,V0457,Invoice,3818.69,Cheque,GBP,Rejected,2025-10-31,INV00063657,EMP00335,USR0084,0,0,0,0,1,0,1,Senior Manager,0,1,1,Low,2026-03,0,Invalid Posting Date
TX0063694,2025-06-24,A006,HR,,Payment,2956.09,Cheque,USD,Approved,2025-07-01,INV00063694,EMP00124,USR0200,1,0,0,0,0,0,0,Senior Manager,0,1,1,Low,2025-06,0,Missing Vendor
TX0063707,2026-03-29,A059,Operations,V0229,Invoice,1028.32,Bank Transfer,GBP,Pending,2025-11-02,INV00063707,EMP00365,USR0043,0,0,0,0,1,0,1,Senior Manager,0,1,1,Low,2026-03,0,Invalid Posting Date
TX0063726,2026-03-29,A013,Finance,V0245,Expense,340.44,Direct Debit,GBP,Approved,2025-04-13,INV00063726,EMP00007,USR0035,0,0,0,0,1,0,1,Department Manager,0,1,1,Low,2026-03,0,Invalid Posting Date
TX0063767,2026-03-16,A009,HR,,Expense,6218.97,Card,GBP,Approved,2026-03-23,INV00063767,EMP00070,USR0158,1,0,0,0,0,0,0,Senior Manager,0,1,1,Low,2026-03,1,Missing Vendor
TX0063781,2025-11-05,A031,Procurement,V0420,Journal Entry,168.89,Bank Transfer,USD,Pending,2025-11-05,INV00063781,EMP00045,USR0039,0,0,0,0,0,1,0,Department Manager,0,1,1,Low,2025-11,0,Duplicate Invoice
TX0063789,2026-01-06,A078,Operations,,Invoice,3631.62,Direct Debit,GBP,Approved,2026-01-13,INV00063789,EMP00361,USR0163,1,0,0,0,0,0,0,Senior Manager,0,1,1,Low,2026-01,0,Missing Vendor
TX0063793,2026-02-23,A009,HR,V0320,Payment,1297.27,Direct Debit,GBP,Pending,2026-02-23,INV00063793,EMP00289,USR0048,0,0,0,0,0,1,0,Senior Manager,0,1,1,Low,2026-02,0,Duplicate Invoice
TX0063806,2025-05-17,A070,IT,V0201,Credit Note,5976.01,Direct Debit,GBP,Approved,2025-05-16,INV00063806,EMP00400,USR0163,0,0,0,0,1,0,0,Senior Manager,0,1,1,Low,2025-05,1,Invalid Posting Date
TX0063807,2026-01-21,A029,Operations,V0439,Journal Entry,-1063.87,Bank Transfer,EUR,Rejected,2026-01-23,INV00063807,EMP00182,USR0076,0,0,0,1,0,0,0,Senior Manager,0,1,1,Low,2026-01,0,Invalid Amount
TX0063827,2026-03-29,A024,Operations,V0391,Invoice,3102.69,Bank Transfer,GBP,Rejected,2026-01-06,INV00063827,EMP00274,USR0136,0,0,0,0,1,0,1,Senior Manager,0,1,1,Low,2026-03,0,Invalid Posting Date
TX0063834,2025-09-19,A047,Operations,V0480,Invoice,473.21,Direct Debit,USD,Pending,2025-09-17,INV00063834,EMP00303,USR0121,0,0,0,0,1,0,0,Department Manager,0,1,1,Low,2025-09,0,Invalid Posting Date
TX0063848,2025-07-21,A033,Sales,V0244,Credit Note,350.06,Bank Transfer,GBP,Rejected,2025-07-26,INV00063848,,USR0136,0,1,0,0,0,0,0,Department Manager,0,1,1,Low,2025-07,0,No Exception
TX0063895,2025-08-13,A028,IT,V0173,Payment,3785.96,Direct Debit,EUR,Pending,2025-08-11,INV00063895,EMP00083,USR0107,0,0,0,0,1,0,0,Senior Manager,0,1,1,Low,2025-08,0,Invalid Posting Date
TX0063905,2026-03-27,A016,Sales,V0189,Credit Note,1868.32,Direct Debit,GBP,Approved,2025-10-25,INV00063905,EMP00290,USR0200,0,0,0,0,1,0,1,Senior Manager,0,1,1,Low,2026-03,0,Invalid Posting Date
TX0063910,2025-07-10,A014,IT,V0205,Credit Note,2710.94,Card,EUR,Approved,2025-07-06,INV00063910,EMP00092,USR0019,0,0,0,0,1,0,0,Senior Manager,0,1,1,Low,2025-07,0,Invalid Posting Date
TX0063920,2025-12-23,A034,IT,V0382,Invoice,925.37,Bank Transfer,GBP,Approved,2025-12-21,INV00063920,EMP00230,USR0081,0,0,0,0,1,0,0,Department Manager,0,1,1,Low,2025-12,0,Invalid Posting Date
TX0063928,2025-10-03,A065,IT,V0179,Invoice,7411.57,Cheque,USD,Approved,2025-10-02,INV00063928,EMP00075,USR0137,0,0,0,0,1,0,0,Senior Manager,0,1,1,Low,2025-10,1,Invalid Posting Date
TX0063961,2025-12-11,A025,IT,V0351,Expense,705.56,Bank Transfer,GBP,Approved,2025-12-08,INV00063961,EMP00109,USR0070,0,0,0,0,1,0,0,Department Manager,0,1,1,Low,2025-12,0,Invalid Posting Date
TX0063985,2026-01-08,A056,IT,V0182,Invoice,9669.75,Card,EUR,Pending,2026-01-15,INV00063985,,USR0084,0,1,0,0,0,0,0,Senior Manager,1,2,1,Medium,2026-01,1,Missing Approval
TX0064031,2025-10-17,A078,Operations,V0156,Invoice,662.3,Direct Debit,GBP,Approved,2025-10-21,INV00033460,EMP00083,USR0045,0,0,0,0,0,1,0,Department Manager,0,1,1,Low,2025-10,0,Duplicate Invoice
TX0064035,2026-01-15,A001,HR,V0034,Invoice,712.17,Cheque,GBP,Approved,2026-01-15,INV00064035,EMP00067,USR0149,0,0,0,0,0,1,0,Department Manager,0,1,1,Low,2026-01,0,Duplicate Invoice
TX0064068,2026-03-30,A035,Sales,V0234,Payment,385.81,Bank Transfer,GBP,Pending,2025-04-18,INV00064068,EMP00500,USR0163,0,0,0,0,1,0,1,Department Manager,0,1,1,Low,2026-03,0,Invalid Posting Date
TX0064070,2025-08-02,A039,Procurement,V0431,Invoice,562.09,Direct Debit,USD,Pending,2025-08-02,INV00054569,EMP00024,USR0130,0,0,0,0,0,1,0,Department Manager,0,1,1,Low,2025-08,0,Duplicate Invoice
TX0064094,2026-01-05,A025,Finance,V0071,Credit Note,1905.0,Card,USD,Approved,2026-01-11,INV00008570,EMP00301,USR0096,0,0,0,0,0,1,0,Senior Manager,0,1,1,Low,2026-01,0,Duplicate Invoice
TX0064112,2026-02-27,A056,Marketing,V0429,Journal Entry,8086.78,Bank Transfer,GBP,Rejected,2026-02-27,INV00064112,EMP00309,USR0185,0,0,0,0,0,1,1,Senior Manager,0,1,1,Low,2026-02,1,Duplicate Invoice
TX0064131,2026-02-17,A008,IT,V0150,Payment,1267.48,Direct Debit,GBP,Approved,2026-02-24,INV00064131,EMP00160,USR0165,0,0,0,0,0,1,0,Senior Manager,0,1,1,Low,2026-02,0,Duplicate Invoice
TX0064158,2026-03-31,A067,Sales,V0426,Expense,69.74,Cheque,GBP,Approved,2025-08-14,INV00064158,EMP00121,USR0151,0,0,0,0,1,0,1,Department Manager,0,1,1,Low,2026-03,0,Invalid Posting Date
TX0064228,2025-05-03,A071,Operations,V0015,Invoice,6302.25,Card,USD,Pending,2025-05-03,INV00097494,EMP00361,USR0137,0,0,0,0,0,1,0,Senior Manager,0,1,1,Low,2025-05,1,Duplicate Invoice
TX0064256,2025-11-21,A043,IT,V0237,Invoice,-2893.54,Cheque,GBP,Approved,2025-11-26,INV00064256,EMP00276,USR0176,0,0,0,1,0,0,0,Senior Manager,0,1,1,Low,2025-11,0,Invalid Amount
TX0064257,2026-03-29,A077,Operations,V0495,Payment,21869.48,Cheque,USD,Pending,2026-03-04,INV00064257,EMP00367,USR0015,0,0,0,0,1,0,1,Finance Director,0,1,1,Medium,2026-03,1,Invalid Posting Date
TX0064266,2026-01-09,,Operations,V0358,Invoice,539.0,Card,EUR,Approved,2026-01-12,INV00064266,EMP00481,USR0123,0,0,1,0,0,0,0,Department Manager,0,1,1,Low,2026-01,0,Missing Account
TX0064269,2026-03-30,A043,HR,V0059,Journal Entry,4368.34,Card,EUR,Approved,2026-01-16,INV00064269,EMP00058,USR0104,0,0,0,0,1,0,1,Senior Manager,0,1,1,Low,2026-03,0,Invalid Posting Date
TX0064274,2025-07-25,A070,Procurement,V0141,Invoice,1680.79,Cheque,GBP,Rejected,2025-07-27,INV00064274,EMP00101,USR0142,0,0,0,0,0,1,0,Senior Manager,0,1,1,Low,2025-07,0,Duplicate Invoice
TX0064279,2025-09-20,A019,Operations,,Invoice,1122.19,Direct Debit,USD,Approved,2025-09-26,INV00064279,EMP00232,USR0044,1,0,0,0,0,0,0,Senior Manager,0,1,1,Low,2025-09,0,Missing Vendor
TX0064291,2025-04-21,A011,Sales,V0451,Expense,2901.5,Card,GBP,Approved,2025-04-24,INV00064291,EMP00110,USR0154,0,0,0,0,0,1,0,Senior Manager,0,1,1,Low,2025-04,0,Duplicate Invoice
TX0064313,2025-12-14,A032,Operations,V0017,Invoice,541.92,Direct Debit,EUR,Rejected,2025-12-14,INV00064313,,USR0023,0,1,0,0,0,0,0,Department Manager,0,1,1,Low,2025-12,0,No Exception
TX0064327,2025-05-07,,Operations,V0093,Invoice,580.86,Cheque,USD,Approved,2025-05-13,INV00064327,EMP00470,USR0145,0,0,1,0,0,0,0,Department Manager,0,1,1,Low,2025-05,0,Missing Account
TX0064359,2025-04-01,A047,Finance,V0309,Invoice,-430.24,Cheque,USD,Pending,2025-04-08,INV00064359,EMP00396,USR0039,0,0,0,1,0,0,0,Department Manager,0,1,1,Low,2025-04,0,Invalid Amount
TX0064411,2025-09-18,A012,Sales,V0490,Invoice,2296.29,Card,EUR,Rejected,2025-09-21,INV00064411,,USR0038,0,1,0,0,0,0,0,Senior Manager,1,2,1,Medium,2025-09,0,Missing Approval
TX0064448,2025-11-05,A047,Sales,,Invoice,782.88,Cheque,EUR,Approved,2025-11-12,INV00064448,EMP00089,USR0140,1,0,0,0,0,0,0,Department Manager,0,1,1,Low,2025-11,0,Missing Vendor
TX0064484,2025-09-06,A029,Marketing,V0253,Journal Entry,14329.15,Card,EUR,Rejected,2025-09-09,INV00064484,EMP00345,USR0150,0,0,0,0,0,1,0,Finance Director,0,1,1,Medium,2025-09,1,Duplicate Invoice
TX0064488,2026-03-30,A019,Marketing,V0073,Invoice,1190.97,Bank Transfer,GBP,Approved,2025-05-19,INV00064488,EMP00271,USR0042,0,0,0,0,1,0,1,Senior Manager,0,1,1,Low,2026-03,0,Invalid Posting Date
TX0064506,2025-06-30,A018,IT,V0259,Invoice,990.55,Cheque,EUR,Pending,2025-07-05,INV00082193,EMP00207,USR0011,0,0,0,0,0,1,1,Department Manager,0,1,1,Low,2025-06,0,Duplicate Invoice
TX0064513,2026-01-22,A002,Operations,V0093,Invoice,4529.02,Direct Debit,GBP,Approved,2026-01-25,INV00017934,EMP00156,USR0004,0,0,0,0,0,1,0,Senior Manager,0,1,1,Low,2026-01,0,Duplicate Invoice
TX0064515,2025-09-30,A024,Finance,V0454,Expense,1228.06,Direct Debit,GBP,Approved,2025-10-05,INV00000834,EMP00142,USR0140,0,0,0,0,0,1,1,Senior Manager,0,1,1,Low,2025-09,0,Duplicate Invoice
TX0064542,2026-03-05,A069,Operations,,Journal Entry,2223.52,Direct Debit,GBP,Approved,2026-03-09,INV00064542,EMP00062,USR0179,1,0,0,0,0,0,0,Senior Manager,0,1,1,Low,2026-03,0,Missing Vendor
TX0064551,2025-12-18,A071,Operations,,Expense,4253.06,Bank Transfer,GBP,Approved,2025-12-23,INV00064551,EMP00370,USR0056,1,0,0,0,0,0,0,Senior Manager,0,1,1,Low,2025-12,0,Missing Vendor
TX0064605,2026-03-30,A071,Sales,V0120,Invoice,4660.15,Card,USD,Approved,2025-07-21,INV00064605,EMP00330,USR0018,0,0,0,0,1,0,1,Senior Manager,0,1,1,Low,2026-03,0,Invalid Posting Date
TX0064637,2025-05-04,A079,Finance,V0061,Invoice,556.08,Direct Debit,EUR,Approved,2025-05-08,INV00064637,,USR0066,0,1,0,0,0,0,0,Department Manager,0,1,1,Low,2025-05,0,No Exception
TX0064680,2025-06-04,A064,Sales,V0187,Invoice,1230.63,Direct Debit,GBP,Approved,2025-06-08,INV00064680,EMP00279,USR0131,0,0,0,0,0,1,0,Senior Manager,0,1,1,Low,2025-06,0,Duplicate Invoice
TX0064699,2026-03-27,A080,Finance,V0257,Invoice,1041.82,Bank Transfer,EUR,Pending,2026-02-03,INV00064699,EMP00198,USR0088,0,0,0,0,1,0,1,Senior Manager,0,1,1,Low,2026-03,0,Invalid Posting Date
TX0064701,2025-12-31,A056,Procurement,V0167,Expense,2985.31,Bank Transfer,GBP,Approved,2025-12-31,INV00050453,EMP00219,USR0105,0,0,0,0,0,1,1,Senior Manager,0,1,1,Low,2025-12,0,Duplicate Invoice
TX0064778,2026-03-30,A070,Procurement,V0471,Credit Note,212.45,Card,GBP,Pending,2026-03-24,INV00064778,EMP00102,USR0189,0,0,0,0,1,0,1,Department Manager,0,1,1,Low,2026-03,0,Invalid Posting Date
TX0064798,2026-03-26,A018,Finance,V0467,Payment,215.26,Direct Debit,EUR,Pending,2026-03-26,INV00064798,EMP00010,USR0198,0,0,0,0,0,1,0,Department Manager,0,1,1,Low,2026-03,0,Duplicate Invoice
TX0064807,2026-03-31,A072,Marketing,V0157,Expense,281.43,Bank Transfer,GBP,Rejected,2025-05-18,INV00064807,EMP00049,USR0020,0,0,0,0,1,0,1,Department Manager,0,1,1,Low,2026-03,0,Invalid Posting Date
TX0064821,2026-01-04,A039,Operations,V0073,Invoice,719.97,Direct Debit,EUR,Approved,2026-01-02,INV00064821,EMP00450,USR0074,0,0,0,0,1,0,0,Department Manager,0,1,1,Low,2026-01,0,Invalid Posting Date
TX0064833,2025-05-29,A036,Operations,V0147,Payment,1725.56,Direct Debit,USD,Approved,2025-06-05,INV00064833,EMP00399,USR0131,0,0,0,0,0,1,1,Senior Manager,0,1,1,Low,2025-05,0,Duplicate Invoice
TX0064846,2025-11-21,A037,IT,V0428,Invoice,2727.18,Cheque,GBP,Approved,2025-11-27,INV00064846,EMP00218,USR0170,0,0,0,0,0,1,0,Senior Manager,0,1,1,Low,2025-11,0,Duplicate Invoice
TX0064883,2025-07-16,A046,Procurement,V0368,Invoice,258.75,Cheque,GBP,Pending,2025-07-16,INV00095285,EMP00079,USR0158,0,0,0,0,0,1,0,Department Manager,0,1,1,Low,2025-07,0,Duplicate Invoice
TX0064884,2026-02-07,A033,HR,V0439,Payment,2295.64,Cheque,GBP,Rejected,2026-02-09,INV00064884,EMP00408,USR0069,0,0,0,0,0,1,0,Senior Manager,0,1,1,Low,2026-02,0,Duplicate Invoice
TX0064893,2026-02-12,A004,Finance,V0365,Invoice,1987.55,Bank Transfer,EUR,Rejected,2026-02-18,INV00077458,EMP00428,USR0175,0,0,0,0,0,1,0,Senior Manager,0,1,1,Low,2026-02,0,Duplicate Invoice
TX0064908,2025-11-13,A054,Finance,V0352,Invoice,5716.62,Direct Debit,EUR,Approved,2025-11-15,INV00057688,EMP00047,USR0029,0,0,0,0,0,1,0,Senior Manager,0,1,1,Low,2025-11,0,Duplicate Invoice
TX0064921,2026-03-31,A056,HR,V0485,Expense,978.28,Card,USD,Approved,2025-07-06,INV00064921,EMP00155,USR0071,0,0,0,0,1,0,1,Department Manager,0,1,1,Low,2026-03,0,Invalid Posting Date
TX0064923,2026-03-31,A063,Sales,V0450,Invoice,503.81,Direct Debit,GBP,Approved,2025-07-08,INV00064923,EMP00405,USR0046,0,0,0,0,1,0,1,Department Manager,0,1,1,Low,2026-03,0,Invalid Posting Date
TX0064982,2025-10-31,A006,Operations,V0252,Invoice,-977.96,Bank Transfer,EUR,Pending,2025-11-04,INV00064982,EMP00127,USR0169,0,0,0,1,0,0,1,Department Manager,0,1,1,Low,2025-10,0,Invalid Amount
TX0065010,2025-06-14,A051,Sales,V0340,Invoice,746.8,Direct Debit,GBP,Approved,2025-06-18,INV00065010,,USR0020,0,1,0,0,0,0,0,Department Manager,0,1,1,Low,2025-06,0,No Exception
TX0065018,2026-03-29,A045,HR,V0328,Journal Entry,1110.63,Cheque,GBP,Approved,2025-08-07,INV00065018,EMP00361,USR0052,0,0,0,0,1,0,1,Senior Manager,0,1,1,Low,2026-03,0,Invalid Posting Date
TX0065051,2025-05-03,A004,Operations,V0037,Invoice,-2513.63,Bank Transfer,GBP,Approved,2025-05-10,INV00065051,EMP00022,USR0058,0,0,0,1,0,0,0,Senior Manager,0,1,1,Low,2025-05,0,Invalid Amount
TX0065075,2026-03-28,A076,IT,V0276,Invoice,673.51,Direct Debit,EUR,Pending,2026-01-09,INV00065075,EMP00067,USR0049,0,0,0,0,1,0,1,Department Manager,0,1,1,Low,2026-03,0,Invalid Posting Date
TX0065079,2026-03-29,A051,Finance,V0370,Invoice,3565.44,Bank Transfer,GBP,Pending,2025-11-09,INV00065079,EMP00156,USR0078,0,0,0,0,1,0,1,Senior Manager,0,1,1,Low,2026-03,0,Invalid Posting Date
TX0065084,2025-09-13,A009,Finance,V0013,Expense,1372.26,Cheque,USD,Rejected,2025-09-16,INV00065084,EMP00348,USR0040,0,0,0,0,0,1,0,Senior Manager,0,1,1,Low,2025-09,0,Duplicate Invoice
TX0065101,2025-10-28,A039,Procurement,V0499,Payment,3879.3,Card,USD,Rejected,2025-11-04,INV00059039,EMP00234,USR0044,0,0,0,0,0,1,1,Senior Manager,0,1,1,Low,2025-10,0,Duplicate Invoice
TX0065119,2026-03-17,A005,Sales,V0276,Expense,662.34,Card,USD,Approved,2026-03-21,INV00055208,EMP00246,USR0058,0,0,0,0,0,1,0,Department Manager,0,1,1,Low,2026-03,0,Duplicate Invoice
TX0065120,2026-01-13,A021,Operations,V0284,Credit Note,113.43,Card,GBP,Rejected,2026-01-16,INV00065120,,USR0027,0,1,0,0,0,0,0,Department Manager,0,1,1,Low,2026-01,0,No Exception
TX0065125,2026-03-28,A029,Sales,V0061,Expense,4573.5,Card,EUR,Approved,2025-11-18,INV00065125,EMP00392,USR0042,0,0,0,0,1,0,1,Senior Manager,0,1,1,Low,2026-03,0,Invalid Posting Date
TX0065133,2025-04-21,A018,HR,V0231,Invoice,72.82,Bank Transfer,USD,Approved,2025-04-19,INV00065133,EMP00440,USR0184,0,0,0,0,1,0,0,Department Manager,0,1,1,Low,2025-04,0,Invalid Posting Date
TX0065169,2026-03-29,A010,Sales,V0423,Payment,541.88,Direct Debit,GBP,Rejected,2025-10-04,INV00065169,EMP00025,USR0030,0,0,0,0,1,0,1,Department Manager,0,1,1,Low,2026-03,0,Invalid Posting Date
TX0065178,2025-07-18,A006,Finance,V0415,Invoice,7243.41,Bank Transfer,EUR,Approved,2025-07-22,INV00065178,,USR0109,0,1,0,0,0,0,0,Senior Manager,1,2,1,Medium,2025-07,1,Missing Approval
TX0065181,2026-03-30,A028,Procurement,V0180,Invoice,2665.46,Bank Transfer,USD,Pending,2025-10-31,INV00065181,EMP00256,USR0119,0,0,0,0,1,0,1,Senior Manager,0,1,1,Low,2026-03,0,Invalid Posting Date
TX0065207,2026-03-30,A044,Sales,V0098,Invoice,2102.32,Bank Transfer,GBP,Pending,2026-02-05,INV00065207,EMP00436,USR0131,0,0,0,0,1,0,1,Senior Manager,0,1,1,Low,2026-03,0,Invalid Posting Date
TX0065259,2026-03-29,A019,Marketing,V0392,Payment,3289.71,Card,GBP,Rejected,2025-08-11,INV00065259,EMP00431,USR0118,0,0,0,0,1,0,1,Senior Manager,0,1,1,Low,2026-03,0,Invalid Posting Date
TX0065260,2026-03-08,A026,Finance,V0374,Journal Entry,1391.27,Card,GBP,Approved,2026-03-09,INV00065260,,USR0124,0,1,0,0,0,0,0,Senior Manager,1,2,1,Medium,2026-03,0,Missing Approval
TX0065284,2025-04-07,A037,Sales,V0465,Expense,-7653.24,Card,GBP,Approved,2025-04-08,INV00065284,EMP00346,USR0091,0,0,0,1,0,0,0,Senior Manager,0,1,1,Low,2025-04,0,Invalid Amount
TX0065301,2026-03-29,A007,Operations,V0177,Invoice,1865.6,Card,EUR,Approved,2025-06-04,INV00065301,EMP00326,USR0013,0,0,0,0,1,0,1,Senior Manager,0,1,1,Low,2026-03,0,Invalid Posting Date
TX0065313,2025-08-21,A034,Marketing,V0010,Invoice,888.94,Bank Transfer,GBP,Rejected,2025-08-24,INV00065313,,USR0186,0,1,0,0,0,0,0,Department Manager,0,1,1,Low,2025-08,0,No Exception
TX0065347,2025-12-23,,Operations,V0210,Expense,845.95,Cheque,USD,Pending,2025-12-25,INV00065347,EMP00310,USR0079,0,0,1,0,0,0,0,Department Manager,0,1,1,Low,2025-12,0,Missing Account
TX0065350,2025-09-15,A058,Operations,V0369,Credit Note,670.51,Cheque,GBP,Pending,2025-09-19,INV00065350,EMP00078,USR0026,0,0,0,0,0,1,0,Department Manager,0,1,1,Low,2025-09,0,Duplicate Invoice
TX0065352,2026-03-06,A037,HR,V0477,Journal Entry,284.33,Cheque,EUR,Rejected,2026-03-13,INV00065352,EMP00403,USR0109,0,0,0,0,0,1,0,Department Manager,0,1,1,Low,2026-03,0,Duplicate Invoice
TX0065401,2025-09-13,A022,Marketing,V0078,Payment,2416.27,Bank Transfer,USD,Approved,2025-09-18,INV00065401,,USR0165,0,1,0,0,0,0,0,Senior Manager,1,2,1,Medium,2025-09,0,Missing Approval
TX0065402,2026-02-27,A043,Finance,V0240,Invoice,278.8,Bank Transfer,EUR,Pending,2026-02-27,INV00065402,,USR0173,0,1,0,0,0,0,1,Department Manager,0,1,1,Low,2026-02,0,No Exception
TX0065410,2025-10-31,A050,Sales,V0227,Journal Entry,537.99,Card,GBP,Approved,2025-11-06,INV00065410,,USR0103,0,1,0,0,0,1,1,Department Manager,0,2,1,Medium,2025-10,0,Duplicate Invoice
TX0065414,2026-03-31,A078,Procurement,V0361,Invoice,1524.38,Cheque,GBP,Approved,2026-03-15,INV00065414,EMP00187,USR0137,0,0,0,0,1,0,1,Senior Manager,0,1,1,Low,2026-03,0,Invalid Posting Date
TX0065421,2026-03-27,A002,IT,V0030,Journal Entry,297.54,Bank Transfer,EUR,Approved,2025-08-27,INV00065421,EMP00338,USR0162,0,0,0,0,1,0,1,Department Manager,0,1,1,Low,2026-03,0,Invalid Posting Date
TX0065451,2025-07-11,A061,HR,V0394,Invoice,1252.36,Cheque,USD,Approved,2025-07-14,INV00081993,EMP00102,USR0119,0,0,0,0,0,1,0,Senior Manager,0,1,1,Low,2025-07,0,Duplicate Invoice
TX0065476,2026-03-30,A052,IT,V0471,Invoice,2895.57,Direct Debit,EUR,Approved,2026-01-02,INV00065476,EMP00124,USR0108,0,0,0,0,1,0,1,Senior Manager,0,1,1,Low,2026-03,0,Invalid Posting Date
TX0065487,2025-12-27,A033,Operations,V0138,Invoice,552.44,Cheque,GBP,Approved,2026-01-01,INV00065487,,USR0113,0,1,0,0,0,0,1,Department Manager,0,1,1,Low,2025-12,0,No Exception
TX0065501,2025-12-17,A062,Procurement,V0446,Expense,414.11,Card,GBP,Approved,2025-12-24,INV00089246,EMP00039,USR0094,0,0,0,0,0,1,0,Department Manager,0,1,1,Low,2025-12,0,Duplicate Invoice
TX0065503,2025-10-06,,IT,V0332,Invoice,6964.15,Bank Transfer,EUR,Pending,2025-10-13,INV00065503,EMP00387,USR0064,0,0,1,0,0,0,0,Senior Manager,0,1,1,Low,2025-10,1,Missing Account
TX0065508,2025-09-23,A002,HR,V0193,Journal Entry,6676.65,Bank Transfer,GBP,Approved,2025-09-19,INV00065508,EMP00438,USR0176,0,0,0,0,1,0,0,Senior Manager,0,1,1,Low,2025-09,1,Invalid Posting Date
TX0065509,2026-03-30,A048,Operations,V0464,Invoice,690.8,Direct Debit,GBP,Rejected,2026-02-03,INV00065509,EMP00189,USR0177,0,0,0,0,1,0,1,Department Manager,0,1,1,Low,2026-03,0,Invalid Posting Date
TX0065527,2025-04-03,A021,Marketing,V0367,Invoice,120885.88,Card,GBP,Approved,2025-04-04,INV00065527,,USR0175,0,1,0,0,0,0,0,Finance Director,1,2,1,High,2025-04,1,Missing Approval
TX0065540,2025-11-24,A017,Sales,V0057,Credit Note,1152.65,Card,GBP,Rejected,2025-11-27,INV00065540,EMP00023,USR0176,0,0,0,0,0,1,0,Senior Manager,0,1,1,Low,2025-11,0,Duplicate Invoice
TX0065543,2026-03-28,A028,IT,V0497,Invoice,2488.91,Direct Debit,USD,Approved,2025-09-02,INV00065543,EMP00228,USR0008,0,0,0,0,1,0,1,Senior Manager,0,1,1,Low,2026-03,0,Invalid Posting Date
TX0065546,2025-12-13,A015,Sales,V0096,Invoice,2099.86,Cheque,EUR,Pending,2025-12-11,INV00065546,EMP00050,USR0176,0,0,0,0,1,0,0,Senior Manager,0,1,1,Low,2025-12,0,Invalid Posting Date
TX0065560,2026-03-30,A075,IT,V0147,Expense,284.48,Card,EUR,Approved,2025-05-11,INV00065560,EMP00302,USR0144,0,0,0,0,1,0,1,Department Manager,0,1,1,Low,2026-03,0,Invalid Posting Date
TX0065620,2025-07-10,A028,Procurement,V0339,Journal Entry,1225.37,Card,EUR,Pending,2025-07-08,INV00065620,EMP00029,USR0083,0,0,0,0,1,0,0,Senior Manager,0,1,1,Low,2025-07,0,Invalid Posting Date
TX0065632,2025-11-01,A002,Operations,V0083,Payment,1158.4,Direct Debit,USD,Approved,2025-11-07,INV00065632,,USR0057,0,1,0,0,0,0,0,Senior Manager,1,2,1,Medium,2025-11,0,Missing Approval
TX0065644,2025-08-22,A061,Operations,V0297,Payment,1467.47,Bank Transfer,GBP,Approved,2025-08-24,INV00065644,EMP00043,USR0097,0,0,0,0,0,1,0,Senior Manager,0,1,1,Low,2025-08,0,Duplicate Invoice
TX0065670,2026-03-31,A019,Finance,V0290,Invoice,606.38,Direct Debit,EUR,Pending,2025-11-18,INV00065670,EMP00393,USR0077,0,0,0,0,1,0,1,Department Manager,0,1,1,Low,2026-03,0,Invalid Posting Date
TX0065702,2025-05-09,A027,Finance,V0263,Journal Entry,2250.29,Card,GBP,Pending,2025-05-14,INV00093381,EMP00454,USR0098,0,0,0,0,0,1,0,Senior Manager,0,1,1,Low,2025-05,0,Duplicate Invoice
TX0065703,2026-01-28,A028,IT,V0336,Invoice,305.65,Bank Transfer,GBP,Rejected,2026-01-29,INV00038862,EMP00461,USR0007,0,0,0,0,0,1,1,Department Manager,0,1,1,Low,2026-01,0,Duplicate Invoice
TX0065712,2025-10-27,A063,Operations,V0088,Invoice,777.26,Cheque,EUR,Approved,2025-10-31,INV00065712,,USR0148,0,1,0,0,0,0,1,Department Manager,0,1,1,Low,2025-10,0,No Exception
TX0065716,2026-03-30,A076,Sales,V0222,Invoice,7953.75,Card,GBP,Approved,2025-08-18,INV00065716,EMP00045,USR0142,0,0,0,0,1,0,1,Senior Manager,0,1,1,Low,2026-03,1,Invalid Posting Date
TX0065730,2025-10-02,A074,Procurement,,Invoice,1582.24,Cheque,USD,Approved,2025-10-09,INV00065730,EMP00137,USR0143,1,0,0,0,0,0,0,Senior Manager,0,1,1,Low,2025-10,0,Missing Vendor
TX0065740,2026-03-28,A030,Finance,V0173,Invoice,1818.04,Card,GBP,Rejected,2025-10-05,INV00065740,EMP00487,USR0150,0,0,0,0,1,0,1,Senior Manager,0,1,1,Low,2026-03,0,Invalid Posting Date
TX0065744,2026-03-10,A020,IT,V0279,Expense,461.56,Card,GBP,Approved,2026-03-11,INV00065744,EMP00392,USR0023,0,0,0,0,0,1,0,Department Manager,0,1,1,Low,2026-03,0,Duplicate Invoice
TX0065807,2026-01-03,A064,Sales,V0110,Credit Note,2480.96,Cheque,EUR,Approved,2026-01-04,INV00043734,EMP00209,USR0081,0,0,0,0,0,1,0,Senior Manager,0,1,1,Low,2026-01,0,Duplicate Invoice
TX0065828,2025-10-20,A032,Finance,V0125,Invoice,3374.43,Cheque,GBP,Approved,2025-10-26,INV00042732,EMP00349,USR0182,0,0,0,0,0,1,0,Senior Manager,0,1,1,Low,2025-10,0,Duplicate Invoice
TX0065830,2025-08-06,A077,Operations,,Journal Entry,179.2,Cheque,EUR,Approved,2025-08-11,INV00065830,EMP00364,USR0085,1,0,0,0,0,0,0,Department Manager,0,1,1,Low,2025-08,0,Missing Vendor
TX0065831,2025-12-21,A050,Procurement,,Payment,1824.4,Bank Transfer,USD,Rejected,2025-12-26,INV00065831,EMP00452,USR0116,1,0,0,0,0,0,0,Senior Manager,0,1,1,Low,2025-12,0,Missing Vendor
TX0065868,2026-02-08,A001,Marketing,V0253,Expense,605.84,Bank Transfer,EUR,Approved,2026-02-10,INV00065868,,USR0062,0,1,0,0,0,0,0,Department Manager,0,1,1,Low,2026-02,0,No Exception
TX0065874,2025-10-29,A029,Finance,V0423,Invoice,750.59,Card,EUR,Approved,2025-10-26,INV00065874,EMP00491,USR0058,0,0,0,0,1,0,1,Department Manager,0,1,1,Low,2025-10,0,Invalid Posting Date
TX0065891,2025-08-26,A076,Sales,V0475,Invoice,3869.92,Card,EUR,Approved,2025-09-02,INV00065891,EMP00001,USR0059,0,0,0,0,0,1,0,Senior Manager,0,1,1,Low,2025-08,0,Duplicate Invoice
TX0065892,2025-12-08,A046,Procurement,V0236,Journal Entry,13643.14,Bank Transfer,GBP,Approved,2025-12-04,INV00065892,EMP00424,USR0072,0,0,0,0,1,0,0,Finance Director,0,1,1,Medium,2025-12,1,Invalid Posting Date
TX0065893,2026-03-31,A068,Procurement,V0130,Expense,5171.34,Cheque,GBP,Approved,2025-06-20,INV00065893,EMP00411,USR0022,0,0,0,0,1,0,1,Senior Manager,0,1,1,Low,2026-03,0,Invalid Posting Date
TX0065901,2025-12-10,A034,Marketing,V0333,Expense,4416.18,Direct Debit,EUR,Approved,2025-12-13,INV00065901,,USR0199,0,1,0,0,0,0,0,Senior Manager,1,2,1,Medium,2025-12,0,Missing Approval
TX0065982,2025-11-04,A005,Operations,V0486,Journal Entry,5867.2,Direct Debit,GBP,Approved,2025-11-08,INV00065982,EMP00116,USR0186,0,0,0,0,0,1,0,Senior Manager,0,1,1,Low,2025-11,1,Duplicate Invoice
TX0065984,2026-03-31,A063,IT,V0059,Invoice,5039.87,Card,EUR,Approved,2025-04-10,INV00065984,EMP00292,USR0101,0,0,0,0,1,0,1,Senior Manager,0,1,1,Low,2026-03,0,Invalid Posting Date
TX0066001,2026-03-27,A077,Marketing,V0196,Payment,8144.59,Card,GBP,Approved,2026-02-05,INV00066001,EMP00091,USR0056,0,0,0,0,1,0,1,Senior Manager,0,1,1,Low,2026-03,1,Invalid Posting Date
TX0066030,2025-05-07,A071,Finance,V0405,Invoice,628.78,Direct Debit,USD,Approved,2025-05-11,INV00066030,EMP00367,USR0053,0,0,0,0,0,1,0,Department Manager,0,1,1,Low,2025-05,0,Duplicate Invoice
TX0066034,2026-03-29,A044,IT,V0411,Invoice,3210.8,Bank Transfer,EUR,Pending,2025-04-19,INV00066034,EMP00326,USR0016,0,0,0,0,1,0,1,Senior Manager,0,1,1,Low,2026-03,0,Invalid Posting Date
TX0066038,2025-08-08,A059,Procurement,V0228,Credit Note,268.86,Bank Transfer,GBP,Rejected,2025-08-14,INV00089578,EMP00236,USR0094,0,0,0,0,0,1,0,Department Manager,0,1,1,Low,2025-08,0,Duplicate Invoice
TX0066098,2025-09-16,A032,IT,V0330,Payment,602.75,Card,GBP,Rejected,2025-09-19,INV00031345,EMP00340,USR0111,0,0,0,0,0,1,0,Department Manager,0,1,1,Low,2025-09,0,Duplicate Invoice
TX0066101,2026-01-21,A065,HR,V0264,Journal Entry,575.65,Card,GBP,Pending,2026-01-22,INV00066101,EMP00348,USR0079,0,0,0,0,0,1,0,Department Manager,0,1,1,Low,2026-01,0,Duplicate Invoice
TX0066133,2026-03-12,A056,HR,V0483,Credit Note,1531.41,Card,USD,Approved,2026-03-18,INV00066133,,USR0042,0,1,0,0,0,0,0,Senior Manager,1,2,1,Medium,2026-03,0,Missing Approval
TX0066148,2025-11-10,A062,Procurement,V0246,Credit Note,1050.89,Cheque,EUR,Approved,2025-11-11,INV00066148,,USR0051,0,1,0,0,0,0,0,Senior Manager,1,2,1,Medium,2025-11,0,Missing Approval
TX0066150,2025-11-08,A015,Marketing,V0308,Invoice,5108.91,Bank Transfer,EUR,Approved,2025-11-08,INV00066150,EMP00104,USR0046,0,0,0,0,0,1,0,Senior Manager,0,1,1,Low,2025-11,0,Duplicate Invoice
TX0066153,2025-12-04,A009,Procurement,V0192,Invoice,4419.28,Cheque,EUR,Rejected,2025-12-06,INV00031022,EMP00355,USR0149,0,0,0,0,0,1,0,Senior Manager,0,1,1,Low,2025-12,0,Duplicate Invoice
TX0066191,2026-03-28,A080,IT,V0447,Payment,521.46,Direct Debit,USD,Pending,2025-07-07,INV00066191,EMP00102,USR0127,0,0,0,0,1,0,1,Department Manager,0,1,1,Low,2026-03,0,Invalid Posting Date
TX0066194,2025-08-30,A072,IT,V0463,Payment,2156.4,Card,GBP,Rejected,2025-09-01,INV00041332,EMP00157,USR0100,0,0,0,0,0,1,1,Senior Manager,0,1,1,Low,2025-08,0,Duplicate Invoice
TX0066195,2026-03-29,A016,Operations,V0195,Payment,467.03,Cheque,GBP,Rejected,2025-07-17,INV00066195,EMP00355,USR0183,0,0,0,0,1,0,1,Department Manager,0,1,1,Low,2026-03,0,Invalid Posting Date
TX0066220,2025-09-09,A073,IT,V0495,Journal Entry,137.98,Card,EUR,Approved,2025-09-10,INV00000279,EMP00127,USR0155,0,0,0,0,0,1,0,Department Manager,0,1,1,Low,2025-09,0,Duplicate Invoice
TX0066223,2026-02-17,A029,HR,V0370,Journal Entry,456.79,Cheque,GBP,Pending,2026-02-18,INV00063408,EMP00210,USR0147,0,0,0,0,0,1,0,Department Manager,0,1,1,Low,2026-02,0,Duplicate Invoice
TX0066263,2025-09-08,A042,Finance,V0326,Payment,-2523.5,Card,GBP,Approved,2025-09-14,INV00066263,EMP00233,USR0011,0,0,0,1,0,0,0,Senior Manager,0,1,1,Low,2025-09,0,Invalid Amount
TX0066264,2025-10-12,A045,Operations,V0410,Invoice,1827.54,Direct Debit,GBP,Approved,2025-10-13,INV00033932,EMP00148,USR0152,0,0,0,0,0,1,0,Senior Manager,0,1,1,Low,2025-10,0,Duplicate Invoice
TX0066270,2026-03-09,A060,Sales,V0250,Expense,2294.67,Card,GBP,Approved,2026-03-14,INV00066270,EMP00079,USR0200,0,0,0,0,0,1,0,Senior Manager,0,1,1,Low,2026-03,0,Duplicate Invoice
TX0066283,2026-03-29,A073,Finance,V0291,Credit Note,1852.42,Bank Transfer,EUR,Pending,2025-11-26,INV00066283,EMP00114,USR0165,0,0,0,0,1,0,1,Senior Manager,0,1,1,Low,2026-03,0,Invalid Posting Date
TX0066294,2025-07-18,A074,IT,V0076,Expense,750.32,Bank Transfer,EUR,Rejected,2025-07-19,INV00066294,EMP00207,USR0101,0,0,0,0,0,1,0,Department Manager,0,1,1,Low,2025-07,0,Duplicate Invoice
TX0066386,2025-11-20,A015,Finance,,Expense,16486.34,Card,EUR,Approved,2025-11-24,INV00066386,EMP00109,USR0053,1,0,0,0,0,0,0,Finance Director,0,1,1,Medium,2025-11,1,Missing Vendor
TX0066404,2025-08-27,A029,Sales,V0079,Expense,4994.41,Bank Transfer,EUR,Approved,2025-09-02,INV00066404,,USR0026,0,1,0,0,0,0,1,Senior Manager,1,2,1,Medium,2025-08,0,Missing Approval
TX0066405,2026-03-27,A059,IT,V0347,Invoice,280.49,Card,USD,Approved,2026-03-10,INV00040204,EMP00177,USR0085,0,0,0,0,1,1,1,Department Manager,0,2,1,Medium,2026-03,0,Duplicate Invoice
TX0066420,2025-07-01,A044,IT,V0295,Invoice,889.28,Bank Transfer,EUR,Approved,2025-07-07,INV00066420,,USR0024,0,1,0,0,0,0,0,Department Manager,0,1,1,Low,2025-07,0,No Exception
TX0066423,2025-08-10,A067,Operations,V0252,Expense,866.18,Direct Debit,EUR,Approved,2025-08-12,INV00066423,,USR0075,0,1,0,0,0,0,0,Department Manager,0,1,1,Low,2025-08,0,No Exception
TX0066436,2025-12-02,A023,Operations,V0153,Payment,813.69,Card,USD,Approved,2025-12-08,INV00066436,,USR0085,0,1,0,0,0,0,0,Department Manager,0,1,1,Low,2025-12,0,No Exception
TX0066454,2025-12-25,A058,Sales,V0331,Invoice,-233.71,Card,USD,Approved,2025-12-28,INV00066454,EMP00077,USR0134,0,0,0,1,0,0,0,Department Manager,0,1,1,Low,2025-12,0,Invalid Amount
TX0066459,2025-09-22,A052,Operations,V0306,Invoice,391.48,Bank Transfer,GBP,Rejected,2025-09-28,INV00066459,,USR0150,0,1,0,0,0,0,0,Department Manager,0,1,1,Low,2025-09,0,No Exception
TX0066476,2026-03-28,A062,Procurement,V0103,Invoice,2020.74,Direct Debit,GBP,Approved,2026-01-03,INV00066476,EMP00083,USR0018,0,0,0,0,1,0,1,Senior Manager,0,1,1,Low,2026-03,0,Invalid Posting Date
TX0066495,2026-03-27,A006,IT,V0485,Journal Entry,267.85,Card,GBP,Approved,2025-06-05,INV00066495,EMP00197,USR0020,0,0,0,0,1,0,1,Department Manager,0,1,1,Low,2026-03,0,Invalid Posting Date
TX0066521,2025-08-02,A061,Sales,V0371,Invoice,722.51,Bank Transfer,GBP,Approved,2025-08-04,INV00066521,,USR0058,0,1,0,0,0,0,0,Department Manager,0,1,1,Low,2025-08,0,No Exception
TX0066543,2025-05-04,A012,Finance,V0085,Invoice,-5358.11,Bank Transfer,GBP,Approved,2025-05-06,INV00066543,EMP00199,USR0141,0,0,0,1,0,0,0,Senior Manager,0,1,1,Low,2025-05,0,Invalid Amount
TX0066571,2026-03-31,A079,IT,V0251,Payment,293.49,Cheque,USD,Approved,2025-09-22,INV00066571,EMP00151,USR0076,0,0,0,0,1,0,1,Department Manager,0,1,1,Low,2026-03,0,Invalid Posting Date
TX0066599,2025-07-25,A045,IT,V0036,Credit Note,1251.68,Cheque,GBP,Rejected,2025-08-01,INV00066599,EMP00417,USR0188,0,0,0,0,0,1,0,Senior Manager,0,1,1,Low,2025-07,0,Duplicate Invoice
TX0066657,2025-11-24,A022,HR,V0089,Invoice,1012.59,Direct Debit,GBP,Rejected,2025-11-26,INV00029824,EMP00039,USR0178,0,0,0,0,0,1,0,Senior Manager,0,1,1,Low,2025-11,0,Duplicate Invoice
TX0066663,2026-03-28,A066,IT,V0290,Journal Entry,530.47,Card,GBP,Rejected,2025-10-06,INV00066663,EMP00067,USR0070,0,0,0,0,1,0,1,Department Manager,0,1,1,Low,2026-03,0,Invalid Posting Date
TX0066703,2025-10-14,A063,Finance,V0293,Invoice,2789.36,Cheque,USD,Approved,2025-10-14,INV00066703,EMP00249,USR0089,0,0,0,0,0,1,0,Senior Manager,0,1,1,Low,2025-10,0,Duplicate Invoice
TX0066708,2026-01-02,A008,Operations,V0303,Credit Note,231.07,Direct Debit,EUR,Approved,2026-01-03,INV00086001,EMP00075,USR0159,0,0,0,0,0,1,0,Department Manager,0,1,1,Low,2026-01,0,Duplicate Invoice
TX0066728,2025-06-04,A063,Operations,V0322,Invoice,75.68,Card,GBP,Approved,2025-06-04,INV00009938,EMP00491,USR0010,0,0,0,0,0,1,0,Department Manager,0,1,1,Low,2025-06,0,Duplicate Invoice
TX0066734,2025-05-30,A046,Marketing,V0500,Expense,216.63,Card,GBP,Pending,2025-06-03,INV00066734,EMP00448,USR0007,0,0,0,0,0,1,1,Department Manager,0,1,1,Low,2025-05,0,Duplicate Invoice
TX0066741,2025-05-01,A045,Operations,V0012,Payment,792.35,Card,GBP,Approved,2025-05-01,INV00085542,,USR0016,0,1,0,0,0,0,0,Department Manager,0,1,1,Low,2025-05,0,No Exception
TX0066755,2026-03-27,A003,Operations,V0191,Payment,294.41,Cheque,GBP,Approved,2025-07-08,INV00066755,EMP00408,USR0026,0,0,0,0,1,0,1,Department Manager,0,1,1,Low,2026-03,0,Invalid Posting Date
TX0066759,2026-03-05,A005,Procurement,V0185,Journal Entry,589.5,Bank Transfer,EUR,Approved,2026-03-11,INV00050767,EMP00460,USR0159,0,0,0,0,0,1,0,Department Manager,0,1,1,Low,2026-03,0,Duplicate Invoice
TX0066826,2026-03-27,A058,IT,V0222,Journal Entry,3463.6,Cheque,GBP,Pending,2025-06-01,INV00066826,EMP00500,USR0194,0,0,0,0,1,0,1,Senior Manager,0,1,1,Low,2026-03,0,Invalid Posting Date
TX0066832,2026-03-30,A003,Procurement,V0487,Invoice,3452.43,Cheque,EUR,Approved,2025-11-14,INV00066832,EMP00425,USR0064,0,0,0,0,1,0,1,Senior Manager,0,1,1,Low,2026-03,0,Invalid Posting Date
TX0066841,2025-09-14,A065,Sales,V0375,Invoice,3378.08,Bank Transfer,EUR,Approved,2025-09-16,INV00066841,,USR0063,0,1,0,0,0,0,0,Senior Manager,1,2,1,Medium,2025-09,0,Missing Approval
TX0066949,2025-11-14,A045,Sales,V0348,Journal Entry,1019.08,Cheque,GBP,Pending,2025-11-15,INV00001323,EMP00406,USR0174,0,0,0,0,0,1,0,Senior Manager,0,1,1,Low,2025-11,0,Duplicate Invoice
TX0066966,2025-07-18,A025,Sales,V0063,Credit Note,-1202.33,Bank Transfer,GBP,Approved,2025-07-22,INV00066966,EMP00325,USR0172,0,0,0,1,0,0,0,Senior Manager,0,1,1,Low,2025-07,0,Invalid Amount
TX0066997,2025-09-29,A058,Operations,V0195,Invoice,2499.39,Direct Debit,GBP,Approved,2025-10-04,INV00066997,,USR0080,0,1,0,0,0,0,1,Senior Manager,1,2,1,Medium,2025-09,0,Missing Approval
TX0066998,2025-11-05,A031,Marketing,V0416,Journal Entry,399.04,Cheque,GBP,Rejected,2025-11-11,INV00066998,,USR0157,0,1,0,0,0,0,0,Department Manager,0,1,1,Low,2025-11,0,No Exception
TX0067018,2026-03-29,A074,IT,V0306,Expense,1714.51,Cheque,EUR,Approved,2025-05-12,INV00067018,EMP00255,USR0143,0,0,0,0,1,0,1,Senior Manager,0,1,1,Low,2026-03,0,Invalid Posting Date
TX0067068,2026-03-31,A006,Finance,V0180,Invoice,8149.61,Cheque,USD,Approved,2025-05-19,INV00067068,EMP00181,USR0118,0,0,0,0,1,0,1,Senior Manager,0,1,1,Low,2026-03,1,Invalid Posting Date
TX0067077,2025-05-12,A080,Operations,V0500,Payment,184.3,Cheque,GBP,Approved,2025-05-19,INV00073646,EMP00064,USR0188,0,0,0,0,0,1,0,Department Manager,0,1,1,Low,2025-05,0,Duplicate Invoice
TX0067080,2025-09-21,A004,IT,V0155,Expense,-340.13,Direct Debit,GBP,Approved,2025-09-22,INV00067080,EMP00402,USR0017,0,0,0,1,0,0,0,Department Manager,0,1,1,Low,2025-09,0,Invalid Amount
TX0067106,2026-03-29,A080,Marketing,V0012,Credit Note,635.16,Bank Transfer,USD,Approved,2026-03-10,INV00067106,EMP00415,USR0061,0,0,0,0,1,0,1,Department Manager,0,1,1,Low,2026-03,0,Invalid Posting Date
TX0067109,2026-01-16,A055,Operations,V0421,Expense,4868.23,Bank Transfer,EUR,Approved,2026-01-13,INV00067109,EMP00336,USR0056,0,0,0,0,1,0,0,Senior Manager,0,1,1,Low,2026-01,0,Invalid Posting Date
TX0067163,2026-03-27,A011,Sales,V0171,Invoice,1862.49,Direct Debit,USD,Rejected,2025-10-02,INV00067163,EMP00116,USR0176,0,0,0,0,1,0,1,Senior Manager,0,1,1,Low,2026-03,0,Invalid Posting Date
TX0067191,2026-03-28,A008,Sales,V0343,Invoice,2975.27,Card,GBP,Approved,2026-01-20,INV00067191,EMP00342,USR0163,0,0,0,0,1,0,1,Senior Manager,0,1,1,Low,2026-03,0,Invalid Posting Date
TX0067222,2025-08-28,A078,Marketing,V0214,Invoice,4880.51,Direct Debit,GBP,Approved,2025-09-03,INV00065352,EMP00323,USR0079,0,0,0,0,0,1,1,Senior Manager,0,1,1,Low,2025-08,0,Duplicate Invoice
TX0067243,2025-12-05,A031,Sales,V0068,Invoice,1810.65,Card,GBP,Approved,2025-12-11,INV00039432,EMP00176,USR0123,0,0,0,0,0,1,0,Senior Manager,0,1,1,Low,2025-12,0,Duplicate Invoice
TX0067247,2025-12-05,A047,IT,V0065,Invoice,2214.46,Card,EUR,Pending,2025-12-12,INV00067247,EMP00278,USR0137,0,0,0,0,0,1,0,Senior Manager,0,1,1,Low,2025-12,0,Duplicate Invoice
TX0067254,2026-03-31,A026,HR,V0248,Invoice,137.24,Direct Debit,USD,Rejected,2025-05-28,INV00067254,EMP00415,USR0036,0,0,0,0,1,0,1,Department Manager,0,1,1,Low,2026-03,0,Invalid Posting Date
TX0067266,2025-04-07,A042,IT,,Invoice,3594.99,Bank Transfer,GBP,Approved,2025-04-09,INV00067266,EMP00322,USR0089,1,0,0,0,0,0,0,Senior Manager,0,1,1,Low,2025-04,0,Missing Vendor
TX0067280,2025-08-02,A050,Operations,,Journal Entry,909.7,Direct Debit,GBP,Approved,2025-08-03,INV00067280,EMP00095,USR0027,1,0,0,0,0,0,0,Department Manager,0,1,1,Low,2025-08,0,Missing Vendor
TX0067286,2025-09-16,A012,Finance,V0090,Invoice,369.28,Bank Transfer,GBP,Approved,2025-09-19,INV00067286,,USR0133,0,1,0,0,0,0,0,Department Manager,0,1,1,Low,2025-09,0,No Exception
TX0067359,2026-02-21,A071,HR,V0008,Invoice,1460.19,Card,USD,Approved,2026-02-26,INV00067359,EMP00179,USR0128,0,0,0,0,0,1,0,Senior Manager,0,1,1,Low,2026-02,0,Duplicate Invoice
TX0067366,2026-01-19,,Finance,V0070,Invoice,345.94,Direct Debit,GBP,Pending,2026-01-20,INV00067366,EMP00097,USR0198,0,0,1,0,0,0,0,Department Manager,0,1,1,Low,2026-01,0,Missing Account
TX0067369,2025-11-04,A055,IT,V0455,Invoice,-2379.79,Card,GBP,Pending,2025-11-07,INV00067369,EMP00245,USR0013,0,0,0,1,0,0,0,Senior Manager,0,1,1,Low,2025-11,0,Invalid Amount
TX0067399,2026-03-29,A077,Finance,V0167,Payment,812.14,Card,USD,Approved,2025-12-03,INV00067399,EMP00348,USR0140,0,0,0,0,1,0,1,Department Manager,0,1,1,Low,2026-03,0,Invalid Posting Date
TX0067400,2026-03-27,A014,HR,V0493,Invoice,2597.79,Card,GBP,Approved,2025-08-20,INV00067400,EMP00383,USR0009,0,0,0,0,1,0,1,Senior Manager,0,1,1,Low,2026-03,0,Invalid Posting Date
TX0067404,2026-03-29,A011,Operations,V0018,Expense,3464.45,Cheque,GBP,Pending,2025-06-14,INV00067404,EMP00426,USR0182,0,0,0,0,1,1,1,Senior Manager,0,2,1,Medium,2026-03,0,Duplicate Invoice
TX0067433,2025-07-19,A069,Sales,V0021,Expense,-2891.66,Direct Debit,GBP,Approved,2025-07-24,INV00067433,EMP00262,USR0125,0,0,0,1,0,0,0,Senior Manager,0,1,1,Low,2025-07,0,Invalid Amount
TX0067484,2026-02-11,A075,Procurement,V0083,Payment,3450.57,Cheque,USD,Pending,2026-02-13,INV00067484,EMP00046,USR0149,0,0,0,0,0,1,0,Senior Manager,0,1,1,Low,2026-02,0,Duplicate Invoice
TX0067503,2026-01-12,A073,Finance,V0452,Invoice,216.53,Cheque,GBP,Rejected,2026-01-13,INV00067503,EMP00185,USR0178,0,0,0,0,0,1,0,Department Manager,0,1,1,Low,2026-01,0,Duplicate Invoice
TX0067522,2025-04-03,,Sales,V0311,Invoice,568.0,Card,EUR,Approved,2025-04-07,INV00067522,EMP00270,USR0143,0,0,1,0,0,0,0,Department Manager,0,1,1,Low,2025-04,0,Missing Account
TX0067536,2026-03-31,A073,Marketing,V0226,Credit Note,3582.83,Card,GBP,Approved,2025-10-19,INV00067536,EMP00008,USR0161,0,0,0,0,1,0,1,Senior Manager,0,1,1,Low,2026-03,0,Invalid Posting Date
TX0067541,2026-01-19,A074,Procurement,V0451,Invoice,538.83,Cheque,USD,Approved,2026-01-25,INV00089885,EMP00392,USR0192,0,0,0,0,0,1,0,Department Manager,0,1,1,Low,2026-01,0,Duplicate Invoice
TX0067616,2026-03-27,A011,Marketing,V0094,Credit Note,330.64,Bank Transfer,GBP,Approved,2026-01-14,INV00067616,EMP00295,USR0138,0,0,0,0,1,0,1,Department Manager,0,1,1,Low,2026-03,0,Invalid Posting Date
TX0067625,2025-07-21,A059,IT,V0083,Journal Entry,908.4,Bank Transfer,GBP,Rejected,2025-07-21,INV00076183,EMP00016,USR0140,0,0,0,0,0,1,0,Department Manager,0,1,1,Low,2025-07,0,Duplicate Invoice
TX0067651,2025-07-05,,IT,V0068,Payment,548.73,Cheque,EUR,Pending,2025-07-08,INV00021935,EMP00352,USR0035,0,0,1,0,0,1,0,Department Manager,0,2,1,Medium,2025-07,0,Duplicate Invoice
TX0067703,2025-11-05,A075,Sales,V0187,Payment,5127.23,Card,EUR,Approved,2025-11-06,INV00067703,EMP00489,USR0012,0,0,0,0,0,1,0,Senior Manager,0,1,1,Low,2025-11,0,Duplicate Invoice
TX0067706,2025-05-21,A070,Operations,V0486,Invoice,3863.23,Direct Debit,EUR,Pending,2025-05-19,INV00067706,EMP00249,USR0138,0,0,0,0,1,0,0,Senior Manager,0,1,1,Low,2025-05,0,Invalid Posting Date
TX0067800,2025-09-05,A023,Procurement,,Invoice,616.36,Cheque,GBP,Approved,2025-09-11,INV00067800,EMP00320,USR0046,1,0,0,0,0,0,0,Department Manager,0,1,1,Low,2025-09,0,Missing Vendor
TX0067813,2026-03-31,A050,Operations,V0006,Journal Entry,449.33,Bank Transfer,GBP,Approved,2025-09-17,INV00067813,EMP00406,USR0062,0,0,0,0,1,0,1,Department Manager,0,1,1,Low,2026-03,0,Invalid Posting Date
TX0067849,2025-05-20,A060,IT,V0052,Invoice,-2147.72,Cheque,EUR,Approved,2025-05-21,INV00067849,EMP00021,USR0191,0,0,0,1,0,0,0,Senior Manager,0,1,1,Low,2025-05,0,Invalid Amount
TX0067855,2026-03-29,A038,Sales,V0262,Invoice,920.07,Cheque,GBP,Pending,2025-09-12,INV00067855,EMP00472,USR0058,0,0,0,0,1,0,1,Department Manager,0,1,1,Low,2026-03,0,Invalid Posting Date
TX0067866,2025-09-27,A069,HR,V0330,Invoice,662.35,Direct Debit,GBP,Pending,2025-09-28,INV00067866,,USR0137,0,1,0,0,0,0,1,Department Manager,0,1,1,Low,2025-09,0,No Exception
TX0067905,2026-03-30,,IT,V0467,Invoice,1249.12,Bank Transfer,USD,Rejected,2026-04-02,INV00067905,EMP00070,USR0081,0,0,1,0,0,0,1,Senior Manager,0,1,1,Low,2026-03,0,Missing Account
TX0067914,2025-10-26,A035,Operations,V0259,Invoice,14544.17,Bank Transfer,GBP,Pending,2025-10-27,INV00067914,,USR0009,0,1,0,0,0,0,0,Finance Director,1,2,1,Medium,2025-10,1,Missing Approval
TX0067925,2025-07-18,A028,IT,V0299,Payment,808.71,Cheque,GBP,Approved,2025-07-22,INV00067925,EMP00089,USR0019,0,0,0,0,0,1,0,Department Manager,0,1,1,Low,2025-07,0,Duplicate Invoice
TX0067949,2025-04-25,A076,Procurement,,Credit Note,194.0,Direct Debit,EUR,Approved,2025-04-30,INV00067949,EMP00421,USR0155,1,0,0,0,0,0,0,Department Manager,0,1,1,Low,2025-04,0,Missing Vendor
TX0067973,2025-04-20,A076,Finance,,Invoice,386.62,Bank Transfer,GBP,Rejected,2025-04-23,INV00067973,EMP00072,USR0131,1,0,0,0,0,0,0,Department Manager,0,1,1,Low,2025-04,0,Missing Vendor
TX0067974,2025-11-16,,Finance,V0466,Expense,1285.05,Direct Debit,USD,Approved,2025-11-20,INV00067974,EMP00007,USR0102,0,0,1,0,0,0,0,Senior Manager,0,1,1,Low,2025-11,0,Missing Account
TX0067998,2026-03-28,A080,IT,V0166,Invoice,2131.13,Bank Transfer,GBP,Rejected,2026-03-29,INV00067998,,USR0091,0,1,0,0,0,0,1,Senior Manager,1,2,1,Medium,2026-03,0,Missing Approval
TX0067999,2026-03-29,A013,IT,V0179,Expense,1083.17,Bank Transfer,GBP,Approved,2025-12-18,INV00067999,EMP00060,USR0026,0,0,0,0,1,0,1,Senior Manager,0,1,1,Low,2026-03,0,Invalid Posting Date
TX0068010,2026-03-30,A080,Sales,V0008,Invoice,3384.03,Cheque,GBP,Rejected,2025-07-16,INV00068010,EMP00287,USR0094,0,0,0,0,1,0,1,Senior Manager,0,1,1,Low,2026-03,0,Invalid Posting Date
TX0068015,2025-10-24,A018,Sales,V0153,Invoice,6314.54,Direct Debit,GBP,Approved,2025-10-31,INV00051277,EMP00038,USR0125,0,0,0,0,0,1,0,Senior Manager,0,1,1,Low,2025-10,1,Duplicate Invoice
TX0068021,2025-06-14,A003,Procurement,V0177,Expense,2114.68,Direct Debit,GBP,Rejected,2025-06-14,INV00068021,,USR0161,0,1,0,0,0,0,0,Senior Manager,1,2,1,Medium,2025-06,0,Missing Approval
TX0068040,2025-08-14,A043,HR,V0031,Invoice,1179.99,Card,USD,Pending,2025-08-15,INV00068040,,USR0115,0,1,0,0,0,0,0,Senior Manager,1,2,1,Medium,2025-08,0,Missing Approval
TX0068041,2026-03-28,A041,Sales,V0215,Expense,772.55,Cheque,EUR,Rejected,2026-03-06,INV00068041,EMP00111,USR0070,0,0,0,0,1,0,1,Department Manager,0,1,1,Low,2026-03,0,Invalid Posting Date
TX0068071,2025-07-18,A064,Finance,V0490,Expense,2353.1,Cheque,GBP,Pending,2025-07-21,INV00039591,EMP00421,USR0111,0,0,0,0,0,1,0,Senior Manager,0,1,1,Low,2025-07,0,Duplicate Invoice
TX0068074,2025-08-24,A002,Procurement,,Expense,479.39,Direct Debit,EUR,Approved,2025-08-26,INV00068074,EMP00073,USR0007,1,0,0,0,0,0,0,Department Manager,0,1,1,Low,2025-08,0,Missing Vendor
TX0068100,2026-03-29,A063,Procurement,V0161,Invoice,501.44,Bank Transfer,GBP,Approved,2025-09-01,INV00068100,EMP00208,USR0012,0,0,0,0,1,0,1,Department Manager,0,1,1,Low,2026-03,0,Invalid Posting Date
TX0068126,2026-01-04,A064,HR,V0242,Journal Entry,443.4,Card,USD,Approved,2026-01-10,INV00036734,EMP00382,USR0025,0,0,0,0,0,1,0,Department Manager,0,1,1,Low,2026-01,0,Duplicate Invoice
TX0068131,2025-07-18,A025,Sales,V0063,Payment,1468.73,Direct Debit,GBP,Approved,2025-07-25,INV00000929,EMP00242,USR0161,0,0,0,0,0,1,0,Senior Manager,0,1,1,Low,2025-07,0,Duplicate Invoice
TX0068145,2025-07-19,A066,Operations,V0296,Journal Entry,2162.51,Bank Transfer,GBP,Approved,2025-07-23,INV00014779,EMP00328,USR0171,0,0,0,0,0,1,0,Senior Manager,0,1,1,Low,2025-07,0,Duplicate Invoice
TX0068240,2026-03-28,A016,Finance,V0098,Invoice,629.2,Cheque,EUR,Rejected,2026-01-22,INV00068240,EMP00052,USR0062,0,0,0,0,1,0,1,Department Manager,0,1,1,Low,2026-03,0,Invalid Posting Date
TX0068293,2025-07-03,A028,Sales,,Invoice,1088.59,Bank Transfer,GBP,Approved,2025-07-09,INV00068293,EMP00242,USR0136,1,0,0,0,0,0,0,Senior Manager,0,1,1,Low,2025-07,0,Missing Vendor
TX0068313,2025-04-07,A052,IT,V0224,Payment,975.76,Card,GBP,Approved,2025-04-12,INV00068313,,USR0081,0,1,0,0,0,0,0,Department Manager,0,1,1,Low,2025-04,0,No Exception
TX0068317,2025-04-10,A064,Finance,V0008,Journal Entry,537.17,Cheque,GBP,Approved,2025-04-13,INV00068317,EMP00355,USR0130,0,0,0,0,0,1,0,Department Manager,0,1,1,Low,2025-04,0,Duplicate Invoice
TX0068414,2026-01-03,A016,Operations,V0491,Invoice,1096.51,Cheque,GBP,Approved,2026-01-08,INV00068414,EMP00020,USR0007,0,0,0,0,0,1,0,Senior Manager,0,1,1,Low,2026-01,0,Duplicate Invoice
TX0068417,2025-12-07,A061,HR,V0331,Invoice,1087.19,Cheque,EUR,Pending,2025-12-07,INV00017495,EMP00134,USR0180,0,0,0,0,0,1,0,Senior Manager,0,1,1,Low,2025-12,0,Duplicate Invoice
TX0068425,2025-09-20,A053,Sales,V0275,Invoice,1683.15,Card,EUR,Pending,2025-09-23,INV00068425,EMP00434,USR0179,0,0,0,0,0,1,0,Senior Manager,0,1,1,Low,2025-09,0,Duplicate Invoice
TX0068427,2026-03-08,,Sales,V0007,Expense,3432.25,Bank Transfer,GBP,Approved,2026-03-08,INV00068427,EMP00393,USR0033,0,0,1,0,0,0,0,Senior Manager,0,1,1,Low,2026-03,0,Missing Account
TX0068445,2026-03-27,A026,Operations,V0385,Expense,372.04,Cheque,EUR,Approved,2025-07-28,INV00068445,EMP00470,USR0045,0,0,0,0,1,0,1,Department Manager,0,1,1,Low,2026-03,0,Invalid Posting Date
TX0068468,2026-01-05,A008,Operations,V0105,Invoice,2615.92,Direct Debit,USD,Approved,2026-01-05,INV00068468,,USR0162,0,1,0,0,0,0,0,Senior Manager,1,2,1,Medium,2026-01,0,Missing Approval
TX0068481,2026-03-29,A059,Sales,V0295,Invoice,1004.79,Bank Transfer,GBP,Approved,2026-01-22,INV00068481,EMP00246,USR0076,0,0,0,0,1,0,1,Senior Manager,0,1,1,Low,2026-03,0,Invalid Posting Date
TX0068494,2026-03-31,A073,Operations,V0292,Payment,11452.13,Direct Debit,USD,Approved,2025-08-01,INV00068494,EMP00204,USR0171,0,0,0,0,1,0,1,Finance Director,0,1,1,Medium,2026-03,1,Invalid Posting Date
TX0068527,2026-03-15,A016,IT,V0237,Invoice,-1357.28,Card,GBP,Rejected,2026-03-17,INV00068527,EMP00429,USR0011,0,0,0,1,0,0,0,Senior Manager,0,1,1,Low,2026-03,0,Invalid Amount
TX0068531,2026-02-18,A056,HR,,Invoice,1448.96,Cheque,EUR,Pending,2026-02-20,INV00068531,EMP00438,USR0186,1,0,0,0,0,0,0,Senior Manager,0,1,1,Low,2026-02,0,Missing Vendor
TX0068537,2026-03-29,A033,HR,V0041,Journal Entry,9400.29,Cheque,USD,Rejected,2025-11-18,INV00068537,EMP00322,USR0106,0,0,0,0,1,0,1,Senior Manager,0,1,1,Low,2026-03,1,Invalid Posting Date
TX0068539,2026-03-31,A071,Marketing,V0151,Credit Note,2350.44,Card,GBP,Pending,2025-10-05,INV00068539,EMP00469,USR0042,0,0,0,0,1,0,1,Senior Manager,0,1,1,Low,2026-03,0,Invalid Posting Date
TX0068544,2025-09-24,A011,Sales,V0106,Payment,514.67,Card,EUR,Pending,2025-09-30,INV00068544,,USR0109,0,1,0,0,0,0,0,Department Manager,0,1,1,Low,2025-09,0,No Exception
TX0068563,2026-03-30,A060,Finance,V0495,Payment,1980.92,Card,GBP,Approved,2026-01-02,INV00068563,EMP00081,USR0159,0,0,0,0,1,0,1,Senior Manager,0,1,1,Low,2026-03,0,Invalid Posting Date
TX0068588,2026-01-28,A047,HR,V0421,Invoice,1939.26,Cheque,GBP,Pending,2026-02-01,INV00069588,EMP00432,USR0090,0,0,0,0,0,1,1,Senior Manager,0,1,1,Low,2026-01,0,Duplicate Invoice
TX0068603,2026-03-30,A014,HR,V0176,Payment,953.51,Bank Transfer,USD,Approved,2025-06-03,INV00068603,EMP00011,USR0129,0,0,0,0,1,0,1,Department Manager,0,1,1,Low,2026-03,0,Invalid Posting Date
TX0068636,2025-11-17,A064,Marketing,V0410,Invoice,1036.85,Direct Debit,GBP,Approved,2025-11-18,INV00068636,,USR0042,0,1,0,0,0,0,0,Senior Manager,1,2,1,Medium,2025-11,0,Missing Approval
TX0068648,2026-03-28,A019,Finance,V0028,Credit Note,4460.88,Bank Transfer,EUR,Pending,2025-07-06,INV00068648,EMP00498,USR0026,0,0,0,0,1,0,1,Senior Manager,0,1,1,Low,2026-03,0,Invalid Posting Date
TX0068655,2026-03-27,A024,Sales,V0399,Invoice,1505.52,Cheque,USD,Rejected,2025-07-15,INV00068655,EMP00258,USR0079,0,0,0,0,1,0,1,Senior Manager,0,1,1,Low,2026-03,0,Invalid Posting Date
TX0068665,2025-05-21,A072,Operations,V0483,Invoice,802.79,Card,GBP,Approved,2025-05-25,INV00023395,EMP00269,USR0033,0,0,0,0,0,1,0,Department Manager,0,1,1,Low,2025-05,0,Duplicate Invoice
TX0068670,2025-06-08,A041,Procurement,V0385,Payment,957.55,Card,GBP,Approved,2025-06-15,INV00068670,,USR0157,0,1,0,0,0,0,0,Department Manager,0,1,1,Low,2025-06,0,No Exception
TX0068679,2025-12-11,A015,IT,V0113,Invoice,524.01,Cheque,GBP,Pending,2025-12-17,INV00077432,EMP00419,USR0091,0,0,0,0,0,1,0,Department Manager,0,1,1,Low,2025-12,0,Duplicate Invoice
TX0068701,2025-11-07,A059,Sales,V0251,Payment,221.38,Direct Debit,EUR,Approved,2025-11-14,INV00058245,EMP00289,USR0048,0,0,0,0,0,1,0,Department Manager,0,1,1,Low,2025-11,0,Duplicate Invoice
TX0068707,2026-03-29,A064,Finance,V0017,Invoice,387.92,Bank Transfer,GBP,Approved,2025-05-07,INV00068707,EMP00194,USR0129,0,0,0,0,1,0,1,Department Manager,0,1,1,Low,2026-03,0,Invalid Posting Date
TX0068731,2025-11-19,A080,IT,V0330,Invoice,792.92,Direct Debit,GBP,Pending,2025-11-22,INV00068731,,USR0154,0,1,0,0,0,0,0,Department Manager,0,1,1,Low,2025-11,0,No Exception
TX0068740,2025-06-10,A067,Sales,V0098,Credit Note,682.37,Direct Debit,USD,Rejected,2025-06-07,INV00068740,EMP00241,USR0160,0,0,0,0,1,0,0,Department Manager,0,1,1,Low,2025-06,0,Invalid Posting Date
TX0068750,2026-03-29,A075,Finance,V0047,Expense,2056.59,Direct Debit,USD,Pending,2025-04-16,INV00068750,EMP00097,USR0055,0,0,0,0,1,0,1,Senior Manager,0,1,1,Low,2026-03,0,Invalid Posting Date
TX0068786,2026-03-28,A025,Sales,V0424,Invoice,193.34,Cheque,EUR,Approved,2025-12-29,INV00068786,EMP00344,USR0097,0,0,0,0,1,0,1,Department Manager,0,1,1,Low,2026-03,0,Invalid Posting Date
TX0068792,2025-05-02,A046,Operations,V0067,Journal Entry,360.73,Bank Transfer,GBP,Approved,2025-05-08,INV00068792,EMP00387,USR0113,0,0,0,0,0,1,0,Department Manager,0,1,1,Low,2025-05,0,Duplicate Invoice
TX0068812,2026-03-07,A030,Procurement,V0224,Journal Entry,4639.4,Direct Debit,GBP,Pending,2026-03-12,INV00068812,,USR0059,0,1,0,0,0,0,0,Senior Manager,1,2,1,Medium,2026-03,0,Missing Approval
TX0068841,2025-12-06,A054,Marketing,V0361,Journal Entry,4009.54,Card,GBP,Approved,2025-12-13,INV00068841,,USR0024,0,1,0,0,0,0,0,Senior Manager,1,2,1,Medium,2025-12,0,Missing Approval
TX0068842,2025-12-29,A055,Operations,V0235,Invoice,721.56,Bank Transfer,EUR,Approved,2026-01-05,INV00068842,EMP00392,USR0124,0,0,0,0,0,1,1,Department Manager,0,1,1,Low,2025-12,0,Duplicate Invoice
TX0068845,2025-05-16,A042,Marketing,V0224,Expense,10090.27,Card,GBP,Approved,2025-05-19,INV00068845,EMP00017,USR0177,0,0,0,0,0,1,0,Finance Director,0,1,1,Medium,2025-05,1,Duplicate Invoice
TX0068878,2025-05-31,A040,Sales,V0176,Invoice,964.59,Bank Transfer,USD,Rejected,2025-06-03,INV00061130,EMP00156,USR0055,0,0,0,0,0,1,1,Department Manager,0,1,1,Low,2025-05,0,Duplicate Invoice
TX0068906,2025-07-18,A032,Sales,,Invoice,795.71,Cheque,GBP,Approved,2025-07-25,INV00068906,EMP00306,USR0113,1,0,0,0,0,0,0,Department Manager,0,1,1,Low,2025-07,0,Missing Vendor
TX0068950,2026-03-27,A048,Procurement,V0029,Invoice,10955.64,Card,GBP,Approved,2025-08-19,INV00068950,EMP00196,USR0113,0,0,0,0,1,0,1,Finance Director,0,1,1,Medium,2026-03,1,Invalid Posting Date
TX0069027,2026-03-31,A053,Operations,V0471,Expense,690.97,Bank Transfer,EUR,Approved,2026-01-06,INV00069027,EMP00418,USR0117,0,0,0,0,1,0,1,Department Manager,0,1,1,Low,2026-03,0,Invalid Posting Date
TX0069029,2025-04-30,A067,Procurement,V0406,Expense,1245.6,Bank Transfer,GBP,Approved,2025-05-03,INV00069029,,USR0132,0,1,0,0,0,0,1,Senior Manager,1,2,1,Medium,2025-04,0,Missing Approval
TX0069048,2025-10-19,A027,Finance,V0314,Payment,858.82,Cheque,GBP,Rejected,2025-10-24,INV00069048,,USR0029,0,1,0,0,0,0,0,Department Manager,0,1,1,Low,2025-10,0,No Exception
TX0069067,2025-11-22,A003,Operations,V0155,Invoice,724.21,Bank Transfer,USD,Pending,2025-11-25,INV00069067,EMP00144,USR0087,0,0,0,0,0,1,0,Department Manager,0,1,1,Low,2025-11,0,Duplicate Invoice
TX0069081,2026-03-27,A015,Operations,V0008,Invoice,430.88,Card,EUR,Pending,2025-12-03,INV00069081,EMP00278,USR0104,0,0,0,0,1,0,1,Department Manager,0,1,1,Low,2026-03,0,Invalid Posting Date
TX0069082,2025-12-21,A017,Finance,V0214,Expense,763.86,Card,GBP,Approved,2025-12-27,INV00069082,,USR0043,0,1,0,0,0,0,0,Department Manager,0,1,1,Low,2025-12,0,No Exception
TX0069087,2026-03-27,A021,HR,V0063,Payment,374.92,Card,GBP,Rejected,2026-02-18,INV00069087,EMP00054,USR0168,0,0,0,0,1,0,1,Department Manager,0,1,1,Low,2026-03,0,Invalid Posting Date
TX0069093,2025-12-02,A066,Operations,V0422,Invoice,3216.97,Cheque,GBP,Approved,2025-12-08,INV00069093,,USR0009,0,1,0,0,0,0,0,Senior Manager,1,2,1,Medium,2025-12,0,Missing Approval
TX0069096,2025-04-03,A060,Marketing,V0296,Invoice,-412.36,Bank Transfer,GBP,Rejected,2025-04-05,INV00069096,EMP00311,USR0065,0,0,0,1,0,0,0,Department Manager,0,1,1,Low,2025-04,0,Invalid Amount
TX0069103,2026-01-26,A037,Procurement,V0315,Invoice,7341.08,Card,GBP,Approved,2026-01-31,INV00069103,EMP00205,USR0188,0,0,0,0,0,1,0,Senior Manager,0,1,1,Low,2026-01,1,Duplicate Invoice
TX0069120,2026-01-08,A053,Operations,V0046,Invoice,1288.47,Cheque,GBP,Rejected,2026-01-06,INV00069120,EMP00118,USR0009,0,0,0,0,1,0,0,Senior Manager,0,1,1,Low,2026-01,0,Invalid Posting Date
TX0069132,2026-01-16,A049,Marketing,V0441,Invoice,1917.36,Direct Debit,GBP,Approved,2026-01-16,INV00069132,,USR0042,0,1,0,0,0,0,0,Senior Manager,1,2,1,Medium,2026-01,0,Missing Approval
TX0069160,2025-09-14,A012,IT,V0320,Expense,172.98,Bank Transfer,EUR,Approved,2025-09-13,INV00069160,EMP00342,USR0089,0,0,0,0,1,0,0,Department Manager,0,1,1,Low,2025-09,0,Invalid Posting Date
TX0069162,2025-11-12,A035,Operations,V0216,Payment,1231.56,Card,GBP,Approved,2025-11-13,INV00069162,EMP00269,USR0166,0,0,0,0,0,1,0,Senior Manager,0,1,1,Low,2025-11,0,Duplicate Invoice
TX0069167,2025-11-19,A020,IT,,Invoice,982.27,Bank Transfer,USD,Approved,2025-11-22,INV00069167,EMP00369,USR0006,1,0,0,0,0,0,0,Department Manager,0,1,1,Low,2025-11,0,Missing Vendor
TX0069178,2025-04-17,A012,Operations,V0477,Credit Note,1416.39,Card,USD,Rejected,2025-04-19,INV00069178,,USR0151,0,1,0,0,0,0,0,Senior Manager,1,2,1,Medium,2025-04,0,Missing Approval
TX0069195,2025-05-02,A006,Operations,V0359,Credit Note,6920.9,Direct Debit,GBP,Approved,2025-05-05,INV00069195,,USR0043,0,1,0,0,0,0,0,Senior Manager,1,2,1,Medium,2025-05,1,Missing Approval
TX0069196,2026-03-31,A018,IT,V0111,Payment,1528.69,Card,GBP,Rejected,2025-04-10,INV00069196,EMP00408,USR0031,0,0,0,0,1,0,1,Senior Manager,0,1,1,Low,2026-03,0,Invalid Posting Date
TX0069229,2026-01-28,A017,Operations,V0496,Invoice,5302.84,Cheque,GBP,Approved,2026-01-29,INV00069229,EMP00183,USR0049,0,0,0,0,0,1,1,Senior Manager,0,1,1,Low,2026-01,0,Duplicate Invoice
TX0069235,2025-07-13,A003,Finance,V0259,Invoice,1100.55,Card,GBP,Pending,2025-07-19,INV00069235,,USR0035,0,1,0,0,0,0,0,Senior Manager,1,2,1,Medium,2025-07,0,Missing Approval
TX0069285,2025-06-27,A058,Finance,V0404,Invoice,1785.57,Bank Transfer,GBP,Rejected,2025-06-30,INV00093323,EMP00408,USR0049,0,0,0,0,0,1,1,Senior Manager,0,1,1,Low,2025-06,0,Duplicate Invoice
TX0069326,2025-05-09,A044,IT,V0404,Invoice,2693.04,Bank Transfer,GBP,Approved,2025-05-15,INV00069326,EMP00152,USR0197,0,0,0,0,0,1,0,Senior Manager,0,1,1,Low,2025-05,0,Duplicate Invoice
TX0069368,2026-03-30,A011,Procurement,V0418,Invoice,1169.58,Direct Debit,GBP,Approved,2026-02-09,INV00069368,EMP00208,USR0154,0,0,0,0,1,0,1,Senior Manager,0,1,1,Low,2026-03,0,Invalid Posting Date
TX0069381,2026-03-06,,Sales,V0414,Expense,872.59,Direct Debit,GBP,Approved,2026-03-07,INV00069381,EMP00271,USR0197,0,0,1,0,0,0,0,Department Manager,0,1,1,Low,2026-03,0,Missing Account
TX0069387,2025-07-22,A078,IT,V0332,Invoice,587.81,Direct Debit,GBP,Approved,2025-07-25,INV00069387,,USR0081,0,1,0,0,0,0,0,Department Manager,0,1,1,Low,2025-07,0,No Exception
TX0069417,2025-07-25,A038,Operations,V0155,Payment,407.89,Card,USD,Pending,2025-07-21,INV00069417,EMP00444,USR0043,0,0,0,0,1,0,0,Department Manager,0,1,1,Low,2025-07,0,Invalid Posting Date
TX0069418,2026-01-26,A010,Procurement,V0341,Expense,1465.08,Cheque,USD,Approved,2026-01-30,INV00069418,EMP00372,USR0029,0,0,0,0,0,1,0,Senior Manager,0,1,1,Low,2026-01,0,Duplicate Invoice
TX0069420,2025-11-04,A071,Finance,V0298,Payment,19431.06,Cheque,GBP,Approved,2025-11-11,INV00069420,EMP00157,USR0095,0,0,0,0,0,1,0,Finance Director,0,1,1,Medium,2025-11,1,Duplicate Invoice
TX0069437,2025-04-04,A057,Marketing,V0197,Invoice,5994.03,Card,GBP,Approved,2025-04-11,INV00069437,EMP00159,USR0101,0,0,0,0,0,1,0,Senior Manager,0,1,1,Low,2025-04,1,Duplicate Invoice
TX0069494,2026-01-05,A010,HR,,Journal Entry,28437.1,Direct Debit,EUR,Approved,2026-01-07,INV00069494,EMP00233,USR0181,1,0,0,0,0,0,0,Finance Director,0,1,1,Medium,2026-01,1,Missing Vendor
TX0069511,2026-03-27,A027,Sales,V0497,Journal Entry,846.43,Bank Transfer,GBP,Approved,2025-04-09,INV00069511,EMP00059,USR0127,0,0,0,0,1,0,1,Department Manager,0,1,1,Low,2026-03,0,Invalid Posting Date
TX0069534,2025-10-20,A028,HR,V0464,Expense,422.69,Cheque,GBP,Approved,2025-10-21,INV00034808,EMP00268,USR0089,0,0,0,0,0,1,0,Department Manager,0,1,1,Low,2025-10,0,Duplicate Invoice
TX0069561,2026-03-28,A079,Operations,V0466,Invoice,1028.41,Card,GBP,Rejected,2026-03-08,INV00069561,EMP00424,USR0128,0,0,0,0,1,0,1,Senior Manager,0,1,1,Low,2026-03,0,Invalid Posting Date
TX0069576,2025-04-07,A076,HR,V0084,Credit Note,8297.7,Bank Transfer,GBP,Rejected,2025-04-14,INV00069576,EMP00370,USR0178,0,0,0,0,0,1,0,Senior Manager,0,1,1,Low,2025-04,1,Duplicate Invoice
TX0069588,2026-01-03,A041,IT,V0062,Invoice,1824.91,Cheque,GBP,Approved,2026-01-10,INV00069588,EMP00220,USR0153,0,0,0,0,0,1,0,Senior Manager,0,1,1,Low,2026-01,0,Duplicate Invoice
TX0069606,2026-02-21,A058,HR,V0372,Expense,7233.4,Direct Debit,GBP,Approved,2026-02-21,INV00069606,EMP00301,USR0011,0,0,0,0,0,1,0,Senior Manager,0,1,1,Low,2026-02,1,Duplicate Invoice
TX0069620,2025-12-22,,Operations,V0109,Invoice,3139.57,Cheque,USD,Pending,2025-12-23,INV00069620,EMP00153,USR0023,0,0,1,0,0,0,0,Senior Manager,0,1,1,Low,2025-12,0,Missing Account
TX0069625,2026-03-28,A017,IT,V0414,Invoice,1228.46,Bank Transfer,EUR,Pending,2026-03-13,INV00069625,EMP00007,USR0077,0,0,0,0,1,0,1,Senior Manager,0,1,1,Low,2026-03,0,Invalid Posting Date
TX0069654,2025-11-20,A040,IT,V0189,Journal Entry,513.96,Direct Debit,GBP,Pending,2025-11-23,INV00069654,,USR0054,0,1,0,0,0,0,0,Department Manager,0,1,1,Low,2025-11,0,No Exception
TX0069656,2026-03-10,A076,Operations,,Invoice,3402.27,Bank Transfer,GBP,Approved,2026-03-10,INV00069656,EMP00305,USR0101,1,0,0,0,0,0,0,Senior Manager,0,1,1,Low,2026-03,0,Missing Vendor
TX0069673,2025-08-10,A022,IT,V0226,Invoice,1476.1,Bank Transfer,EUR,Approved,2025-08-13,INV00014269,EMP00165,USR0144,0,0,0,0,0,1,0,Senior Manager,0,1,1,Low,2025-08,0,Duplicate Invoice
TX0069692,2025-05-13,A053,Finance,V0360,Journal Entry,421.55,Cheque,USD,Approved,2025-05-19,INV00002743,EMP00382,USR0081,0,0,0,0,0,1,0,Department Manager,0,1,1,Low,2025-05,0,Duplicate Invoice
TX0069696,2026-02-14,A027,Operations,V0247,Expense,799.98,Cheque,GBP,Approved,2026-02-14,INV00069696,EMP00354,USR0109,0,0,0,0,0,1,0,Department Manager,0,1,1,Low,2026-02,0,Duplicate Invoice
TX0069703,2025-05-03,A022,Marketing,V0106,Invoice,669.57,Card,GBP,Approved,2025-05-10,INV00007316,EMP00387,USR0193,0,0,0,0,0,1,0,Department Manager,0,1,1,Low,2025-05,0,Duplicate Invoice
TX0069709,2026-03-31,A007,Finance,V0458,Invoice,1686.21,Cheque,GBP,Rejected,2025-05-27,INV00069709,EMP00171,USR0185,0,0,0,0,1,0,1,Senior Manager,0,1,1,Low,2026-03,0,Invalid Posting Date
TX0069756,2025-04-20,A056,HR,V0373,Invoice,704.22,Cheque,GBP,Approved,2025-04-21,INV00069756,EMP00398,USR0166,0,0,0,0,0,1,0,Department Manager,0,1,1,Low,2025-04,0,Duplicate Invoice
TX0069770,2025-08-13,A071,Operations,V0410,Invoice,639.5,Card,GBP,Approved,2025-08-14,INV00069770,EMP00125,USR0198,0,0,0,0,0,1,0,Department Manager,0,1,1,Low,2025-08,0,Duplicate Invoice
TX0069783,2025-07-02,A008,IT,V0364,Expense,671.87,Direct Debit,GBP,Approved,2025-07-03,INV00002496,EMP00364,USR0193,0,0,0,0,0,1,0,Department Manager,0,1,1,Low,2025-07,0,Duplicate Invoice
TX0069814,2025-09-26,A014,Marketing,V0499,Invoice,2871.57,Cheque,USD,Approved,2025-09-24,INV00069814,EMP00240,USR0122,0,0,0,0,1,0,0,Senior Manager,0,1,1,Low,2025-09,0,Invalid Posting Date
TX0069825,2026-02-26,A057,Operations,V0372,Invoice,1694.74,Card,GBP,Pending,2026-02-26,INV00069825,,USR0104,0,1,0,0,0,0,0,Senior Manager,1,2,1,Medium,2026-02,0,Missing Approval
TX0069831,2025-10-09,A056,Finance,V0401,Expense,496.86,Card,EUR,Approved,2025-10-13,INV00069831,,USR0199,0,1,0,0,0,0,0,Department Manager,0,1,1,Low,2025-10,0,No Exception
TX0069841,2025-05-22,A047,Sales,V0293,Invoice,4056.73,Direct Debit,EUR,Pending,2025-05-25,INV00069841,EMP00205,USR0193,0,0,0,0,0,1,0,Senior Manager,0,1,1,Low,2025-05,0,Duplicate Invoice
TX0069844,2025-04-09,A008,Finance,V0093,Invoice,804.76,Bank Transfer,EUR,Approved,2025-04-09,INV00011061,EMP00384,USR0071,0,0,0,0,0,1,0,Department Manager,0,1,1,Low,2025-04,0,Duplicate Invoice
TX0069845,2025-09-27,A042,Sales,V0095,Invoice,8020.63,Cheque,EUR,Approved,2025-10-02,INV00030960,EMP00119,USR0041,0,0,0,0,0,1,1,Senior Manager,0,1,1,Low,2025-09,1,Duplicate Invoice
TX0069849,2026-01-17,A038,Sales,V0301,Payment,296.98,Card,GBP,Approved,2026-01-19,INV00002030,EMP00118,USR0024,0,0,0,0,0,1,0,Department Manager,0,1,1,Low,2026-01,0,Duplicate Invoice
TX0069853,2025-06-20,A053,HR,V0337,Invoice,1883.46,Bank Transfer,GBP,Approved,2025-06-22,INV00069853,,USR0015,0,1,0,0,0,0,0,Senior Manager,1,2,1,Medium,2025-06,0,Missing Approval
TX0069876,2026-03-28,A013,Procurement,V0337,Invoice,1464.06,Bank Transfer,GBP,Approved,2025-05-04,INV00069876,EMP00469,USR0134,0,0,0,0,1,0,1,Senior Manager,0,1,1,Low,2026-03,0,Invalid Posting Date
TX0069909,2026-03-27,A075,Procurement,V0348,Invoice,4677.58,Bank Transfer,GBP,Pending,2026-03-03,INV00069909,EMP00420,USR0090,0,0,0,0,1,0,1,Senior Manager,0,1,1,Low,2026-03,0,Invalid Posting Date
TX0069922,2026-03-29,A029,IT,V0042,Credit Note,384.36,Direct Debit,USD,Approved,2025-06-29,INV00069922,EMP00400,USR0169,0,0,0,0,1,0,1,Department Manager,0,1,1,Low,2026-03,0,Invalid Posting Date
TX0069958,2026-03-27,A078,IT,V0092,Journal Entry,294.21,Bank Transfer,GBP,Pending,2025-05-22,INV00069958,EMP00376,USR0013,0,0,0,0,1,0,1,Department Manager,0,1,1,Low,2026-03,0,Invalid Posting Date
TX0070005,2025-10-15,A013,Finance,V0025,Invoice,-3421.62,Bank Transfer,USD,Approved,2025-10-18,INV00070005,EMP00030,USR0107,0,0,0,1,0,0,0,Senior Manager,0,1,1,Low,2025-10,0,Invalid Amount
TX0070044,2025-08-30,A001,Finance,V0334,Credit Note,356.24,Direct Debit,USD,Approved,2025-08-26,INV00070044,EMP00017,USR0108,0,0,0,0,1,0,1,Department Manager,0,1,1,Low,2025-08,0,Invalid Posting Date
TX0070134,2025-10-08,A001,Sales,V0171,Payment,805.55,Cheque,GBP,Rejected,2025-10-14,INV00070134,,USR0080,0,1,0,0,0,0,0,Department Manager,0,1,1,Low,2025-10,0,No Exception
TX0070156,2025-05-13,A019,Operations,V0446,Journal Entry,961.21,Direct Debit,GBP,Rejected,2025-05-16,INV00070156,,USR0091,0,1,0,0,0,1,0,Department Manager,0,2,1,Medium,2025-05,0,Duplicate Invoice
TX0070173,2025-07-15,A075,HR,V0439,Payment,11536.78,Card,USD,Approved,2025-07-21,INV00070173,EMP00197,USR0162,0,0,0,0,0,1,0,Finance Director,0,1,1,Medium,2025-07,1,Duplicate Invoice
TX0070183,2026-01-07,,Procurement,V0340,Invoice,9836.31,Cheque,EUR,Pending,2026-01-11,INV00070183,EMP00214,USR0196,0,0,1,0,0,0,0,Senior Manager,0,1,1,Low,2026-01,1,Missing Account
TX0070227,2025-09-17,A056,Procurement,V0290,Expense,1711.04,Bank Transfer,USD,Rejected,2025-09-24,INV00070227,EMP00467,USR0055,0,0,0,0,0,1,0,Senior Manager,0,1,1,Low,2025-09,0,Duplicate Invoice
TX0070239,2026-03-30,A043,Operations,V0071,Invoice,989.37,Card,GBP,Rejected,2025-12-26,INV00070239,EMP00078,USR0068,0,0,0,0,1,0,1,Department Manager,0,1,1,Low,2026-03,0,Invalid Posting Date
TX0070257,2026-03-27,A029,Procurement,V0298,Invoice,2689.08,Bank Transfer,USD,Rejected,2025-05-18,INV00070257,EMP00337,USR0116,0,0,0,0,1,0,1,Senior Manager,0,1,1,Low,2026-03,0,Invalid Posting Date
TX0070268,2026-03-31,A023,Procurement,V0026,Invoice,1767.55,Bank Transfer,EUR,Rejected,2025-06-30,INV00070268,EMP00055,USR0020,0,0,0,0,1,0,1,Senior Manager,0,1,1,Low,2026-03,0,Invalid Posting Date
TX0070279,2025-08-02,A053,Sales,V0059,Payment,1603.16,Cheque,GBP,Approved,2025-08-04,INV00070279,,USR0155,0,1,0,0,0,0,0,Senior Manager,1,2,1,Medium,2025-08,0,Missing Approval
TX0070287,2026-03-31,A074,Sales,V0379,Expense,2913.4,Cheque,EUR,Approved,2025-08-22,INV00070287,EMP00391,USR0194,0,0,0,0,1,0,1,Senior Manager,0,1,1,Low,2026-03,0,Invalid Posting Date
TX0070388,2025-05-27,A021,IT,V0107,Invoice,307.56,Direct Debit,GBP,Approved,2025-05-26,INV00070388,EMP00143,USR0025,0,0,0,0,1,0,1,Department Manager,0,1,1,Low,2025-05,0,Invalid Posting Date
TX0070392,2026-03-30,A071,IT,V0212,Expense,1546.16,Direct Debit,USD,Rejected,2025-04-21,INV00070392,EMP00129,USR0120,0,0,0,0,1,0,1,Senior Manager,0,1,1,Low,2026-03,0,Invalid Posting Date
TX0070433,2026-03-27,A050,IT,V0210,Expense,2952.61,Direct Debit,GBP,Pending,2025-12-15,INV00070433,EMP00375,USR0147,0,0,0,0,1,0,1,Senior Manager,0,1,1,Low,2026-03,0,Invalid Posting Date
TX0070439,2025-12-21,A032,Procurement,,Expense,696.99,Bank Transfer,EUR,Approved,2025-12-26,INV00070439,EMP00292,USR0024,1,0,0,0,0,0,0,Department Manager,0,1,1,Low,2025-12,0,Missing Vendor
TX0070466,2025-12-26,A035,Procurement,V0378,Payment,6352.3,Card,GBP,Approved,2025-12-29,INV00007896,EMP00431,USR0064,0,0,0,0,0,1,0,Senior Manager,0,1,1,Low,2025-12,1,Duplicate Invoice
TX0070517,2025-04-01,A021,Procurement,,Invoice,299.64,Direct Debit,USD,Pending,2025-04-02,INV00070517,EMP00238,USR0058,1,0,0,0,0,0,0,Department Manager,0,1,1,Low,2025-04,0,Missing Vendor
TX0070524,2026-03-20,A064,Finance,,Invoice,4264.19,Bank Transfer,USD,Rejected,2026-03-21,INV00070524,EMP00324,USR0073,1,0,0,0,0,0,0,Senior Manager,0,1,1,Low,2026-03,0,Missing Vendor
TX0070552,2026-03-13,A007,Sales,V0460,Journal Entry,762.2,Cheque,GBP,Approved,2026-03-17,INV00070552,EMP00059,USR0126,0,0,0,0,0,1,0,Department Manager,0,1,1,Low,2026-03,0,Duplicate Invoice
TX0070558,2025-10-29,A039,Operations,V0481,Credit Note,2085.56,Card,GBP,Approved,2025-11-01,INV00070558,EMP00474,USR0007,0,0,0,0,0,1,1,Senior Manager,0,1,1,Low,2025-10,0,Duplicate Invoice
TX0070595,2026-03-27,A078,Operations,V0057,Invoice,37.14,Cheque,USD,Approved,2026-02-02,INV00070595,EMP00053,USR0096,0,0,0,0,1,0,1,Department Manager,0,1,1,Low,2026-03,0,Invalid Posting Date
TX0070643,2025-09-07,A027,IT,V0212,Payment,389.69,Cheque,GBP,Approved,2025-09-11,INV00005938,EMP00135,USR0194,0,0,0,0,0,1,0,Department Manager,0,1,1,Low,2025-09,0,Duplicate Invoice
TX0070658,2025-12-09,A019,IT,V0049,Expense,893.62,Card,EUR,Approved,2025-12-08,INV00070658,EMP00287,USR0026,0,0,0,0,1,0,0,Department Manager,0,1,1,Low,2025-12,0,Invalid Posting Date
TX0070660,2025-05-13,A051,Finance,,Invoice,928.48,Card,GBP,Approved,2025-05-13,INV00070660,EMP00369,USR0095,1,0,0,0,0,0,0,Department Manager,0,1,1,Low,2025-05,0,Missing Vendor
TX0070666,2026-03-30,A019,Operations,V0397,Invoice,1346.69,Direct Debit,GBP,Approved,2025-09-28,INV00070666,EMP00219,USR0098,0,0,0,0,1,0,1,Senior Manager,0,1,1,Low,2026-03,0,Invalid Posting Date
TX0070670,2025-09-29,A074,Marketing,V0074,Credit Note,10016.62,Cheque,GBP,Pending,2025-10-02,INV00070670,EMP00139,USR0034,0,0,0,0,0,1,1,Finance Director,0,1,1,Medium,2025-09,1,Duplicate Invoice
TX0070671,2025-07-23,A014,Marketing,V0486,Payment,1104.06,Card,GBP,Approved,2025-07-30,INV00070671,,USR0081,0,1,0,0,0,0,0,Senior Manager,1,2,1,Medium,2025-07,0,Missing Approval
TX0070685,2025-11-12,A021,Operations,V0181,Expense,-5662.37,Direct Debit,GBP,Approved,2025-11-14,INV00070685,EMP00022,USR0155,0,0,0,1,0,0,0,Senior Manager,0,1,1,Low,2025-11,0,Invalid Amount
TX0070746,2025-05-14,A016,Finance,V0398,Payment,296.91,Card,USD,Approved,2025-05-19,INV00070746,EMP00260,USR0041,0,0,0,0,0,1,0,Department Manager,0,1,1,Low,2025-05,0,Duplicate Invoice
TX0070773,2026-03-17,A026,Sales,V0073,Expense,595.45,Cheque,GBP,Approved,2026-03-20,INV00004791,EMP00380,USR0113,0,0,0,0,0,1,0,Department Manager,0,1,1,Low,2026-03,0,Duplicate Invoice
TX0070791,2026-03-31,A057,Operations,V0094,Credit Note,266.79,Bank Transfer,GBP,Rejected,2025-11-02,INV00070791,EMP00221,USR0084,0,0,0,0,1,0,1,Department Manager,0,1,1,Low,2026-03,0,Invalid Posting Date
TX0070794,2026-03-30,A063,IT,V0271,Payment,2008.0,Card,EUR,Approved,2026-02-04,INV00070794,EMP00102,USR0084,0,0,0,0,1,0,1,Senior Manager,0,1,1,Low,2026-03,0,Invalid Posting Date
TX0070812,2026-01-17,A053,Procurement,V0379,Journal Entry,530.63,Card,GBP,Approved,2026-01-24,INV00070812,EMP00048,USR0156,0,0,0,0,0,1,0,Department Manager,0,1,1,Low,2026-01,0,Duplicate Invoice
TX0070833,2025-07-25,A071,Procurement,V0289,Credit Note,2177.95,Card,GBP,Pending,2025-07-29,INV00070833,,USR0001,0,1,0,0,0,0,0,Senior Manager,1,2,1,Medium,2025-07,0,Missing Approval
TX0070834,2025-09-15,A056,Finance,V0059,Payment,818.48,Cheque,GBP,Approved,2025-09-18,INV00032593,EMP00120,USR0195,0,0,0,0,0,1,0,Department Manager,0,1,1,Low,2025-09,0,Duplicate Invoice
TX0070852,2025-07-06,A038,IT,V0215,Invoice,375.61,Direct Debit,GBP,Rejected,2025-07-12,INV00070852,EMP00416,USR0043,0,0,0,0,0,1,0,Department Manager,0,1,1,Low,2025-07,0,Duplicate Invoice
TX0070857,2025-09-28,A006,Procurement,V0416,Journal Entry,200.73,Direct Debit,USD,Pending,2025-10-01,INV00094922,EMP00237,USR0192,0,0,0,0,0,1,1,Department Manager,0,1,1,Low,2025-09,0,Duplicate Invoice
TX0070867,2026-02-08,A023,Sales,V0014,Journal Entry,403.68,Direct Debit,GBP,Approved,2026-02-13,INV00011373,EMP00195,USR0192,0,0,0,0,0,1,0,Department Manager,0,1,1,Low,2026-02,0,Duplicate Invoice
TX0070870,2025-07-24,A016,Marketing,V0295,Journal Entry,5424.14,Cheque,GBP,Approved,2025-07-24,INV00027806,EMP00119,USR0055,0,0,0,0,0,1,0,Senior Manager,0,1,1,Low,2025-07,0,Duplicate Invoice
TX0070882,2025-09-17,A023,Marketing,V0052,Payment,6736.08,Cheque,EUR,Approved,2025-09-19,INV00033609,EMP00267,USR0099,0,0,0,0,0,1,0,Senior Manager,0,1,1,Low,2025-09,1,Duplicate Invoice
TX0070886,2025-05-13,A018,IT,,Expense,2857.82,Card,USD,Approved,2025-05-20,INV00070886,EMP00068,USR0038,1,0,0,0,0,0,0,Senior Manager,0,1,1,Low,2025-05,0,Missing Vendor
TX0070997,2026-03-22,A032,Operations,V0198,Invoice,520.49,Card,GBP,Approved,2026-03-25,INV00070997,EMP00166,USR0086,0,0,0,0,0,1,0,Department Manager,0,1,1,Low,2026-03,0,Duplicate Invoice
TX0071022,2026-03-31,A074,Procurement,V0136,Invoice,857.25,Direct Debit,GBP,Approved,2025-08-25,INV00071022,EMP00487,USR0086,0,0,0,0,1,0,1,Department Manager,0,1,1,Low,2026-03,0,Invalid Posting Date
TX0071029,2026-03-30,A054,Sales,V0340,Expense,875.13,Direct Debit,GBP,Pending,2025-12-30,INV00071029,EMP00116,USR0198,0,0,0,0,1,0,1,Department Manager,0,1,1,Low,2026-03,0,Invalid Posting Date
TX0071049,2025-09-11,A027,IT,V0209,Invoice,712.65,Bank Transfer,GBP,Rejected,2025-09-13,INV00071049,,USR0133,0,1,0,0,0,0,0,Department Manager,0,1,1,Low,2025-09,0,No Exception
TX0071056,2026-03-30,A040,IT,V0482,Invoice,4297.36,Card,GBP,Rejected,2026-03-29,INV00071056,EMP00443,USR0105,0,0,0,0,1,0,1,Senior Manager,0,1,1,Low,2026-03,0,Invalid Posting Date
TX0071062,2025-09-19,A030,Sales,V0266,Expense,4696.57,Bank Transfer,GBP,Approved,2025-09-25,INV00069841,EMP00482,USR0031,0,0,0,0,0,1,0,Senior Manager,0,1,1,Low,2025-09,0,Duplicate Invoice
TX0071125,2025-12-10,A059,Sales,V0415,Journal Entry,923.74,Card,GBP,Rejected,2025-12-10,INV00071125,,USR0189,0,1,0,0,0,0,0,Department Manager,0,1,1,Low,2025-12,0,No Exception
TX0071128,2026-03-28,A022,IT,V0423,Invoice,2764.79,Card,GBP,Approved,2025-08-17,INV00071128,EMP00140,USR0051,0,0,0,0,1,0,1,Senior Manager,0,1,1,Low,2026-03,0,Invalid Posting Date
TX0071164,2025-05-29,A002,Procurement,V0311,Invoice,2575.69,Direct Debit,GBP,Pending,2025-05-31,INV00071164,,USR0022,0,1,0,0,0,0,1,Senior Manager,1,2,1,Medium,2025-05,0,Missing Approval
TX0071205,2025-07-23,A060,HR,,Expense,2712.71,Card,USD,Rejected,2025-07-23,INV00071205,EMP00348,USR0016,1,0,0,0,0,0,0,Senior Manager,0,1,1,Low,2025-07,0,Missing Vendor
TX0071223,2026-02-09,A054,Finance,V0479,Invoice,1539.14,Card,GBP,Approved,2026-02-14,INV00071223,EMP00126,USR0051,0,0,0,0,0,1,0,Senior Manager,0,1,1,Low,2026-02,0,Duplicate Invoice
TX0071243,2025-09-15,A066,Marketing,V0124,Expense,-879.0,Card,GBP,Rejected,2025-09-18,INV00071243,EMP00447,USR0041,0,0,0,1,0,0,0,Department Manager,0,1,1,Low,2025-09,0,Invalid Amount
TX0071276,2026-01-26,A008,IT,V0159,Credit Note,903.94,Card,GBP,Rejected,2026-02-02,INV00071276,,USR0033,0,1,0,0,0,0,0,Department Manager,0,1,1,Low,2026-01,0,No Exception
TX0071317,2026-03-17,A062,Procurement,V0306,Expense,366.03,Direct Debit,GBP,Rejected,2026-03-19,INV00068845,EMP00107,USR0182,0,0,0,0,0,1,0,Department Manager,0,1,1,Low,2026-03,0,Duplicate Invoice
TX0071372,2026-03-05,A003,Sales,V0064,Expense,817.55,Bank Transfer,GBP,Pending,2026-03-07,INV00071372,,USR0155,0,1,0,0,0,0,0,Department Manager,0,1,1,Low,2026-03,0,No Exception
TX0071417,2025-05-07,A073,Operations,V0375,Invoice,1475.18,Bank Transfer,EUR,Rejected,2025-05-07,INV00071417,,USR0045,0,1,0,0,0,0,0,Senior Manager,1,2,1,Medium,2025-05,0,Missing Approval
TX0071454,2026-03-31,A033,HR,V0216,Payment,837.54,Direct Debit,USD,Pending,2025-04-02,INV00071454,EMP00082,USR0155,0,0,0,0,1,0,1,Department Manager,0,1,1,Low,2026-03,0,Invalid Posting Date
TX0071459,2025-05-18,A013,Operations,V0142,Invoice,-385.71,Card,GBP,Approved,2025-05-23,INV00071459,EMP00250,USR0128,0,0,0,1,0,0,0,Department Manager,0,1,1,Low,2025-05,0,Invalid Amount
TX0071470,2025-07-10,A074,HR,V0456,Expense,1023.9,Card,GBP,Rejected,2025-07-07,INV00071470,EMP00254,USR0136,0,0,0,0,1,0,0,Senior Manager,0,1,1,Low,2025-07,0,Invalid Posting Date
TX0071480,2025-05-10,A060,IT,V0401,Expense,53103.89,Direct Debit,USD,Rejected,2025-05-12,INV00071480,,USR0051,0,1,0,0,0,0,0,Finance Director,1,2,1,High,2025-05,1,Missing Approval
TX0071485,2025-04-02,A002,Marketing,V0371,Invoice,5832.22,Bank Transfer,GBP,Rejected,2025-04-07,INV00071485,,USR0185,0,1,0,0,0,0,0,Senior Manager,1,2,1,Medium,2025-04,0,Missing Approval
TX0071490,2025-05-03,A034,Sales,V0476,Invoice,252.87,Card,USD,Approved,2025-04-30,INV00071490,EMP00315,USR0192,0,0,0,0,1,0,0,Department Manager,0,1,1,Low,2025-05,0,Invalid Posting Date
TX0071491,2025-12-21,A027,IT,V0413,Invoice,1223.07,Direct Debit,GBP,Pending,2025-12-27,INV00055930,EMP00426,USR0168,0,0,0,0,0,1,0,Senior Manager,0,1,1,Low,2025-12,0,Duplicate Invoice
TX0071504,2026-03-30,A072,Operations,V0087,Invoice,83.91,Bank Transfer,GBP,Approved,2026-01-06,INV00071504,EMP00404,USR0013,0,0,0,0,1,0,1,Department Manager,0,1,1,Low,2026-03,0,Invalid Posting Date
TX0071510,2026-03-30,A078,Finance,V0272,Journal Entry,336.4,Cheque,GBP,Rejected,2026-01-11,INV00071510,EMP00326,USR0108,0,0,0,0,1,0,1,Department Manager,0,1,1,Low,2026-03,0,Invalid Posting Date
TX0071551,2026-03-28,A012,IT,V0104,Invoice,2070.89,Card,USD,Pending,2025-09-24,INV00071551,EMP00178,USR0131,0,0,0,0,1,0,1,Senior Manager,0,1,1,Low,2026-03,0,Invalid Posting Date
TX0071694,2025-12-28,A059,Finance,V0344,Expense,515.68,Cheque,GBP,Rejected,2026-01-03,INV00081347,EMP00313,USR0011,0,0,0,0,0,1,1,Department Manager,0,1,1,Low,2025-12,0,Duplicate Invoice
TX0071709,2026-03-04,A022,Operations,V0474,Invoice,122.34,Card,USD,Approved,2026-03-04,INV00018146,EMP00220,USR0080,0,0,0,0,0,1,0,Department Manager,0,1,1,Low,2026-03,0,Duplicate Invoice
TX0071719,2025-11-13,A068,Operations,V0353,Credit Note,1046.95,Card,USD,Approved,2025-11-14,INV00000857,EMP00076,USR0071,0,0,0,0,0,1,0,Senior Manager,0,1,1,Low,2025-11,0,Duplicate Invoice
TX0071738,2026-03-02,A048,Operations,V0261,Invoice,710.14,Card,GBP,Pending,2026-03-04,INV00004222,EMP00367,USR0071,0,0,0,0,0,1,0,Department Manager,0,1,1,Low,2026-03,0,Duplicate Invoice
TX0071748,2026-03-01,A016,Marketing,,Expense,1740.54,Cheque,GBP,Approved,2026-03-01,INV00071748,EMP00029,USR0161,1,0,0,0,0,0,0,Senior Manager,0,1,1,Low,2026-03,0,Missing Vendor
TX0071758,2025-05-15,A070,Procurement,V0022,Payment,1625.12,Direct Debit,EUR,Pending,2025-05-17,INV00071758,EMP00404,USR0129,0,0,0,0,0,1,0,Senior Manager,0,1,1,Low,2025-05,0,Duplicate Invoice
TX0071782,2025-08-15,A076,Operations,V0453,Expense,100.32,Card,USD,Pending,2025-08-17,INV00003232,EMP00240,USR0031,0,0,0,0,0,1,0,Department Manager,0,1,1,Low,2025-08,0,Duplicate Invoice
TX0071919,2026-03-30,A014,Operations,V0313,Payment,825.93,Bank Transfer,EUR,Approved,2026-01-24,INV00071919,EMP00170,USR0198,0,0,0,0,1,0,1,Department Manager,0,1,1,Low,2026-03,0,Invalid Posting Date
TX0071950,2025-08-30,A024,Operations,,Credit Note,573.02,Direct Debit,GBP,Approved,2025-09-03,INV00071950,EMP00404,USR0022,1,0,0,0,0,0,1,Department Manager,0,1,1,Low,2025-08,0,Missing Vendor
TX0072020,2025-10-04,A006,Procurement,V0084,Invoice,2302.29,Bank Transfer,GBP,Approved,2025-10-04,INV00072020,EMP00115,USR0066,0,0,0,0,0,1,0,Senior Manager,0,1,1,Low,2025-10,0,Duplicate Invoice
TX0072037,2026-02-18,A066,IT,,Payment,467.11,Cheque,USD,Approved,2026-02-24,INV00072037,EMP00009,USR0152,1,0,0,0,0,0,0,Department Manager,0,1,1,Low,2026-02,0,Missing Vendor
TX0072059,2026-02-05,A039,Sales,V0035,Journal Entry,24702.04,Card,GBP,Pending,2026-02-11,INV00072059,,USR0035,0,1,0,0,0,0,0,Finance Director,1,2,1,Medium,2026-02,1,Missing Approval
TX0072083,2025-07-05,A045,Sales,V0247,Expense,1175.81,Card,GBP,Approved,2025-07-09,INV00091840,EMP00478,USR0042,0,0,0,0,0,1,0,Senior Manager,0,1,1,Low,2025-07,0,Duplicate Invoice
TX0072085,2026-03-01,A016,Finance,,Payment,1146.22,Cheque,GBP,Approved,2026-03-04,INV00072085,EMP00133,USR0192,1,0,0,0,0,0,0,Senior Manager,0,1,1,Low,2026-03,0,Missing Vendor
TX0072099,2026-03-13,A061,IT,,Invoice,864.88,Card,GBP,Pending,2026-03-13,INV00072099,EMP00353,USR0044,1,0,0,0,0,0,0,Department Manager,0,1,1,Low,2026-03,0,Missing Vendor
TX0072154,2025-10-11,A033,Operations,V0419,Invoice,-931.88,Direct Debit,GBP,Approved,2025-10-18,INV00072154,EMP00431,USR0161,0,0,0,1,0,0,0,Department Manager,0,1,1,Low,2025-10,0,Invalid Amount
TX0072229,2025-09-14,A049,IT,V0278,Expense,2246.32,Card,GBP,Rejected,2025-09-20,INV00072229,EMP00435,USR0049,0,0,0,0,0,1,0,Senior Manager,0,1,1,Low,2025-09,0,Duplicate Invoice
TX0072334,2025-10-21,A014,Sales,V0072,Invoice,11602.59,Card,GBP,Rejected,2025-10-19,INV00072334,EMP00382,USR0130,0,0,0,0,1,0,0,Finance Director,0,1,1,Medium,2025-10,1,Invalid Posting Date
TX0072356,2025-07-09,A048,Finance,V0303,Credit Note,1937.94,Direct Debit,GBP,Approved,2025-07-15,INV00072356,,USR0167,0,1,0,0,0,0,0,Senior Manager,1,2,1,Medium,2025-07,0,Missing Approval
TX0072376,2025-11-02,A065,HR,V0500,Expense,745.47,Card,GBP,Pending,2025-11-03,INV00072376,EMP00396,USR0152,0,0,0,0,0,1,0,Department Manager,0,1,1,Low,2025-11,0,Duplicate Invoice
TX0072409,2026-03-30,A015,Operations,V0232,Expense,413.59,Cheque,GBP,Pending,2025-08-26,INV00072409,EMP00303,USR0033,0,0,0,0,1,0,1,Department Manager,0,1,1,Low,2026-03,0,Invalid Posting Date
TX0072425,2026-03-28,A047,Marketing,V0377,Invoice,1445.97,Card,USD,Pending,2026-03-24,INV00072425,EMP00346,USR0175,0,0,0,0,1,0,1,Senior Manager,0,1,1,Low,2026-03,0,Invalid Posting Date
TX0072426,2025-09-05,A045,Sales,,Invoice,2065.56,Bank Transfer,USD,Approved,2025-09-06,INV00072426,EMP00307,USR0159,1,0,0,0,0,0,0,Senior Manager,0,1,1,Low,2025-09,0,Missing Vendor
TX0072476,2026-03-31,A058,Procurement,V0296,Invoice,5189.17,Direct Debit,EUR,Approved,2025-04-07,INV00072476,EMP00070,USR0103,0,0,0,0,1,0,1,Senior Manager,0,1,1,Low,2026-03,0,Invalid Posting Date
TX0072545,2026-03-31,A031,Procurement,V0395,Invoice,365.91,Cheque,GBP,Pending,2026-03-10,INV00072545,EMP00314,USR0175,0,0,0,0,1,0,1,Department Manager,0,1,1,Low,2026-03,0,Invalid Posting Date
TX0072554,2025-09-01,,Operations,V0398,Credit Note,6607.59,Card,GBP,Approved,2025-09-04,INV00072554,EMP00125,USR0010,0,0,1,0,0,0,0,Senior Manager,0,1,1,Low,2025-09,1,Missing Account
TX0072560,2025-06-16,A004,Operations,V0430,Expense,3664.55,Card,EUR,Approved,2025-06-17,INV00072560,EMP00250,USR0104,0,0,0,0,0,1,0,Senior Manager,0,1,1,Low,2025-06,0,Duplicate Invoice
TX0072612,2026-03-27,A008,Procurement,V0084,Invoice,1430.74,Cheque,USD,Approved,2025-12-08,INV00072612,EMP00282,USR0144,0,0,0,0,1,0,1,Senior Manager,0,1,1,Low,2026-03,0,Invalid Posting Date
TX0072618,2025-11-21,A041,Finance,V0364,Payment,2780.05,Bank Transfer,EUR,Approved,2025-11-22,INV00014107,EMP00285,USR0065,0,0,0,0,0,1,0,Senior Manager,0,1,1,Low,2025-11,0,Duplicate Invoice
TX0072621,2025-07-04,A019,Procurement,V0134,Invoice,97.25,Card,GBP,Approved,2025-07-01,INV00072621,EMP00305,USR0101,0,0,0,0,1,0,0,Department Manager,0,1,1,Low,2025-07,0,Invalid Posting Date
TX0072640,2026-02-15,A015,IT,,Invoice,181.95,Bank Transfer,USD,Pending,2026-02-20,INV00072640,EMP00371,USR0182,1,0,0,0,0,0,0,Department Manager,0,1,1,Low,2026-02,0,Missing Vendor
TX0072652,2025-05-05,A019,Operations,,Invoice,1751.07,Card,USD,Rejected,2025-05-08,INV00072652,EMP00046,USR0001,1,0,0,0,0,0,0,Senior Manager,0,1,1,Low,2025-05,0,Missing Vendor
TX0072686,2025-05-07,A040,Operations,V0205,Credit Note,772.97,Bank Transfer,USD,Approved,2025-05-13,INV00078057,EMP00002,USR0086,0,0,0,0,0,1,0,Department Manager,0,1,1,Low,2025-05,0,Duplicate Invoice
TX0072731,2025-11-06,A059,Finance,V0332,Invoice,2514.5,Direct Debit,GBP,Rejected,2025-11-13,INV00008029,EMP00196,USR0006,0,0,0,0,0,1,0,Senior Manager,0,1,1,Low,2025-11,0,Duplicate Invoice
TX0072750,2026-01-21,A035,Procurement,V0142,Invoice,1234.95,Bank Transfer,EUR,Rejected,2026-01-25,INV00038721,EMP00247,USR0196,0,0,0,0,0,1,0,Senior Manager,0,1,1,Low,2026-01,0,Duplicate Invoice
TX0072757,2026-03-31,A009,HR,V0482,Journal Entry,3825.64,Direct Debit,GBP,Approved,2026-03-25,INV00072757,EMP00104,USR0090,0,0,0,0,1,0,1,Senior Manager,0,1,1,Low,2026-03,0,Invalid Posting Date
TX0072762,2026-02-04,A042,Sales,V0137,Invoice,226.9,Bank Transfer,EUR,Approved,2026-02-08,INV00072762,EMP00081,USR0150,0,0,0,0,0,1,0,Department Manager,0,1,1,Low,2026-02,0,Duplicate Invoice
TX0072773,2025-12-30,A051,Marketing,V0303,Invoice,6948.58,Bank Transfer,USD,Approved,2026-01-03,INV00034287,EMP00225,USR0075,0,0,0,0,0,1,1,Senior Manager,0,1,1,Low,2025-12,1,Duplicate Invoice
TX0072797,2026-02-19,A044,Procurement,V0476,Invoice,-4002.1,Bank Transfer,GBP,Rejected,2026-02-21,INV00072797,EMP00497,USR0182,0,0,0,1,0,0,0,Senior Manager,0,1,1,Low,2026-02,0,Invalid Amount
TX0072859,2025-09-05,A042,Operations,V0491,Payment,1683.54,Direct Debit,EUR,Rejected,2025-09-08,INV00072859,EMP00152,USR0191,0,0,0,0,0,1,0,Senior Manager,0,1,1,Low,2025-09,0,Duplicate Invoice
TX0072868,2026-03-27,A031,HR,V0350,Expense,184.56,Bank Transfer,GBP,Approved,2026-03-26,INV00072868,EMP00126,USR0191,0,0,0,0,1,0,1,Department Manager,0,1,1,Low,2026-03,0,Invalid Posting Date
TX0072877,2025-12-14,A046,Sales,V0038,Invoice,171.29,Cheque,GBP,Approved,2025-12-16,INV00072877,,USR0070,0,1,0,0,0,0,0,Department Manager,0,1,1,Low,2025-12,0,No Exception
TX0072926,2026-03-29,A021,Procurement,V0424,Invoice,2176.99,Direct Debit,GBP,Approved,2025-04-24,INV00072926,EMP00226,USR0165,0,0,0,0,1,0,1,Senior Manager,0,1,1,Low,2026-03,0,Invalid Posting Date
TX0072931,2025-09-17,A061,Finance,V0066,Invoice,7678.41,Bank Transfer,GBP,Approved,2025-09-19,INV00014039,EMP00177,USR0185,0,0,0,0,0,1,0,Senior Manager,0,1,1,Low,2025-09,1,Duplicate Invoice
TX0072990,2025-10-08,A019,IT,V0042,Invoice,7590.09,Bank Transfer,GBP,Approved,2025-10-12,INV00072990,,USR0156,0,1,0,0,0,0,0,Senior Manager,1,2,1,Medium,2025-10,1,Missing Approval
TX0073047,2026-03-28,A057,Procurement,V0217,Expense,25679.42,Direct Debit,USD,Rejected,2025-11-12,INV00073047,EMP00331,USR0085,0,0,0,0,1,0,1,Finance Director,0,1,1,Medium,2026-03,1,Invalid Posting Date
TX0073067,2026-03-29,A037,Finance,V0436,Expense,1336.27,Card,GBP,Approved,2025-11-26,INV00073067,EMP00235,USR0124,0,0,0,0,1,0,1,Senior Manager,0,1,1,Low,2026-03,0,Invalid Posting Date
TX0073082,2025-07-04,A005,Operations,V0116,Invoice,5366.55,Direct Debit,GBP,Approved,2025-07-04,INV00006149,EMP00046,USR0021,0,0,0,0,0,1,0,Senior Manager,0,1,1,Low,2025-07,0,Duplicate Invoice
TX0073164,2026-03-29,A066,HR,V0065,Invoice,2030.73,Cheque,GBP,Rejected,2026-01-06,INV00073164,EMP00462,USR0149,0,0,0,0,1,0,1,Senior Manager,0,1,1,Low,2026-03,0,Invalid Posting Date
TX0073187,2025-07-18,A053,Finance,V0191,Invoice,1053.08,Bank Transfer,USD,Rejected,2025-07-25,INV00073187,,USR0074,0,1,0,0,0,0,0,Senior Manager,1,2,1,Medium,2025-07,0,Missing Approval
TX0073218,2025-09-20,A028,Operations,V0074,Journal Entry,438.82,Card,GBP,Approved,2025-09-21,INV00073218,EMP00207,USR0130,0,0,0,0,0,1,0,Department Manager,0,1,1,Low,2025-09,0,Duplicate Invoice
TX0073228,2026-01-01,A035,Finance,V0093,Payment,-234.5,Bank Transfer,GBP,Pending,2026-01-03,INV00073228,EMP00386,USR0085,0,0,0,1,0,0,0,Department Manager,0,1,1,Low,2026-01,0,Invalid Amount
TX0073231,2025-04-12,A072,Sales,V0363,Journal Entry,45.64,Card,USD,Pending,2025-04-19,INV00073231,,USR0055,0,1,0,0,0,0,0,Department Manager,0,1,1,Low,2025-04,0,No Exception
TX0073276,2026-01-15,,Finance,V0184,Payment,8209.7,Direct Debit,GBP,Approved,2026-01-19,INV00073276,EMP00121,USR0047,0,0,1,0,0,0,0,Senior Manager,0,1,1,Low,2026-01,1,Missing Account
TX0073301,2026-03-29,A003,HR,V0495,Invoice,2871.45,Card,USD,Approved,2026-03-15,INV00073301,EMP00454,USR0162,0,0,0,0,1,0,1,Senior Manager,0,1,1,Low,2026-03,0,Invalid Posting Date
TX0073308,2026-03-29,A010,HR,V0095,Credit Note,284.58,Card,EUR,Pending,2025-05-24,INV00073308,EMP00485,USR0188,0,0,0,0,1,0,1,Department Manager,0,1,1,Low,2026-03,0,Invalid Posting Date
TX0073315,2026-01-20,A052,Sales,V0453,Expense,182.43,Card,GBP,Approved,2026-01-24,INV00073315,EMP00359,USR0086,0,0,0,0,0,1,0,Department Manager,0,1,1,Low,2026-01,0,Duplicate Invoice
TX0073381,2025-06-25,A076,Procurement,V0041,Invoice,2473.58,Cheque,EUR,Approved,2025-07-01,INV00073381,EMP00135,USR0082,0,0,0,0,0,1,0,Senior Manager,0,1,1,Low,2025-06,0,Duplicate Invoice
TX0073382,2025-12-22,A019,Sales,V0039,Invoice,2811.58,Bank Transfer,GBP,Approved,2025-12-25,INV00073382,EMP00047,USR0156,0,0,0,0,0,1,0,Senior Manager,0,1,1,Low,2025-12,0,Duplicate Invoice
TX0073394,2026-03-28,A033,Operations,V0189,Invoice,373.93,Card,GBP,Approved,2025-12-21,INV00073394,EMP00071,USR0080,0,0,0,0,1,0,1,Department Manager,0,1,1,Low,2026-03,0,Invalid Posting Date
TX0073405,2025-10-11,A023,Sales,V0288,Invoice,288.03,Card,GBP,Approved,2025-10-12,INV00060477,EMP00011,USR0194,0,0,0,0,0,1,0,Department Manager,0,1,1,Low,2025-10,0,Duplicate Invoice
TX0073416,2025-11-29,A053,IT,,Invoice,141.82,Card,EUR,Pending,2025-12-03,INV00073416,EMP00299,USR0180,1,0,0,0,0,0,1,Department Manager,0,1,1,Low,2025-11,0,Missing Vendor
TX0073442,2026-02-02,A016,IT,V0342,Invoice,320.16,Cheque,EUR,Pending,2026-02-06,INV00047746,EMP00174,USR0076,0,0,0,0,0,1,0,Department Manager,0,1,1,Low,2026-02,0,Duplicate Invoice
TX0073479,2026-02-09,A026,Operations,V0173,Invoice,1217.24,Direct Debit,USD,Pending,2026-02-15,INV00056580,EMP00419,USR0030,0,0,0,0,0,1,0,Senior Manager,0,1,1,Low,2026-02,0,Duplicate Invoice
TX0073486,2025-04-16,A017,Sales,V0075,Journal Entry,5045.92,Bank Transfer,EUR,Approved,2025-04-19,INV00073486,,USR0127,0,1,0,0,0,0,0,Senior Manager,1,2,1,Medium,2025-04,0,Missing Approval
TX0073498,2025-08-31,A053,Sales,V0029,Expense,1158.47,Direct Debit,USD,Approved,2025-09-06,INV00011469,EMP00344,USR0134,0,0,0,0,0,1,1,Senior Manager,0,1,1,Low,2025-08,0,Duplicate Invoice
TX0073509,2025-09-01,A060,HR,V0003,Credit Note,2645.18,Direct Debit,GBP,Approved,2025-09-06,INV00036291,EMP00474,USR0176,0,0,0,0,0,1,0,Senior Manager,0,1,1,Low,2025-09,0,Duplicate Invoice
TX0073543,2025-06-08,A060,Sales,V0130,Payment,1570.96,Cheque,USD,Approved,2025-06-13,INV00034171,EMP00489,USR0050,0,0,0,0,0,1,0,Senior Manager,0,1,1,Low,2025-06,0,Duplicate Invoice
TX0073589,2025-09-15,A033,IT,V0059,Payment,900.06,Cheque,GBP,Approved,2025-09-21,INV00073589,,USR0119,0,1,0,0,0,0,0,Department Manager,0,1,1,Low,2025-09,0,No Exception
TX0073593,2026-02-17,A009,Sales,V0036,Journal Entry,1332.51,Bank Transfer,USD,Approved,2026-02-23,INV00079343,EMP00054,USR0042,0,0,0,0,0,1,0,Senior Manager,0,1,1,Low,2026-02,0,Duplicate Invoice
TX0073646,2025-11-11,A057,Procurement,V0050,Invoice,1128.5,Bank Transfer,GBP,Rejected,2025-11-17,INV00073646,EMP00099,USR0074,0,0,0,0,0,1,0,Senior Manager,0,1,1,Low,2025-11,0,Duplicate Invoice
TX0073647,2026-01-10,A027,Operations,V0190,Invoice,303.67,Bank Transfer,EUR,Pending,2026-01-15,INV00073647,EMP00085,USR0163,0,0,0,0,0,1,0,Department Manager,0,1,1,Low,2026-01,0,Duplicate Invoice
TX0073662,2026-02-11,A079,IT,V0387,Invoice,1490.6,Card,GBP,Approved,2026-02-14,INV00073662,EMP00059,USR0002,0,0,0,0,0,1,0,Senior Manager,0,1,1,Low,2026-02,0,Duplicate Invoice
TX0073663,2025-08-10,A032,Sales,,Credit Note,2106.72,Bank Transfer,GBP,Approved,2025-08-16,INV00073663,EMP00112,USR0050,1,0,0,0,0,0,0,Senior Manager,0,1,1,Low,2025-08,0,Missing Vendor
TX0073671,2026-03-31,A059,Finance,V0100,Expense,112.93,Bank Transfer,USD,Approved,2025-06-11,INV00073671,EMP00460,USR0124,0,0,0,0,1,0,1,Department Manager,0,1,1,Low,2026-03,0,Invalid Posting Date
TX0073692,2025-07-25,A072,Procurement,V0117,Journal Entry,491.53,Bank Transfer,EUR,Approved,2025-07-30,INV00073692,EMP00099,USR0178,0,0,0,0,0,1,0,Department Manager,0,1,1,Low,2025-07,0,Duplicate Invoice
TX0073707,2025-09-09,A012,Marketing,V0188,Journal Entry,2038.17,Cheque,GBP,Pending,2025-09-05,INV00073707,EMP00016,USR0164,0,0,0,0,1,0,0,Senior Manager,0,1,1,Low,2025-09,0,Invalid Posting Date
TX0073709,2026-03-27,A059,Sales,V0079,Invoice,559.63,Cheque,GBP,Pending,2026-02-18,INV00073709,EMP00165,USR0087,0,0,0,0,1,0,1,Department Manager,0,1,1,Low,2026-03,0,Invalid Posting Date
TX0073741,2026-03-30,A035,IT,V0311,Journal Entry,710.48,Cheque,GBP,Pending,2025-05-11,INV00073741,EMP00413,USR0163,0,0,0,0,1,0,1,Department Manager,0,1,1,Low,2026-03,0,Invalid Posting Date
TX0073746,2026-03-31,A055,Sales,V0039,Journal Entry,481.41,Bank Transfer,GBP,Approved,2025-12-23,INV00073746,EMP00409,USR0123,0,0,0,0,1,0,1,Department Manager,0,1,1,Low,2026-03,0,Invalid Posting Date
TX0073761,2026-03-02,A063,Sales,V0239,Invoice,4378.56,Direct Debit,EUR,Rejected,2026-03-03,INV00073761,,USR0091,0,1,0,0,0,0,0,Senior Manager,1,2,1,Medium,2026-03,0,Missing Approval
TX0073767,2025-12-18,A043,IT,V0153,Invoice,269.78,Bank Transfer,GBP,Approved,2025-12-21,INV00061774,EMP00142,USR0200,0,0,0,0,0,1,0,Department Manager,0,1,1,Low,2025-12,0,Duplicate Invoice
TX0073797,2025-05-24,A002,Procurement,V0286,Invoice,690.56,Card,GBP,Pending,2025-05-29,INV00073797,EMP00223,USR0105,0,0,0,0,0,1,0,Department Manager,0,1,1,Low,2025-05,0,Duplicate Invoice
TX0073806,2025-05-21,,IT,V0009,Payment,1577.72,Card,GBP,Approved,2025-05-27,INV00073806,EMP00366,USR0019,0,0,1,0,0,0,0,Senior Manager,0,1,1,Low,2025-05,0,Missing Account
TX0073839,2025-10-27,A057,Procurement,V0067,Expense,520.4,Card,USD,Approved,2025-10-28,INV00073839,EMP00415,USR0130,0,0,0,0,0,1,1,Department Manager,0,1,1,Low,2025-10,0,Duplicate Invoice
TX0073842,2025-11-01,,Sales,V0455,Payment,2538.25,Bank Transfer,GBP,Approved,2025-11-08,INV00073842,EMP00292,USR0070,0,0,1,0,0,0,0,Senior Manager,0,1,1,Low,2025-11,0,Missing Account
TX0073853,2026-03-30,A071,Operations,V0377,Credit Note,259.85,Cheque,GBP,Approved,2025-10-07,INV00073853,EMP00087,USR0079,0,0,0,0,1,0,1,Department Manager,0,1,1,Low,2026-03,0,Invalid Posting Date
TX0073874,2026-02-04,A025,HR,V0446,Invoice,-58376.18,Bank Transfer,GBP,Approved,2026-02-07,INV00073874,EMP00229,USR0090,0,0,0,1,0,0,0,Finance Director,0,1,1,High,2026-02,0,Invalid Amount
TX0073906,2026-03-28,A061,Sales,V0183,Journal Entry,1156.86,Cheque,GBP,Approved,2025-05-23,INV00073906,EMP00384,USR0084,0,0,0,0,1,0,1,Senior Manager,0,1,1,Low,2026-03,0,Invalid Posting Date
TX0073909,2025-12-16,A041,HR,V0326,Credit Note,1315.66,Bank Transfer,GBP,Approved,2025-12-23,INV00073909,EMP00480,USR0024,0,0,0,0,0,1,0,Senior Manager,0,1,1,Low,2025-12,0,Duplicate Invoice
TX0073918,2025-08-21,A047,Sales,V0190,Journal Entry,368.01,Card,EUR,Rejected,2025-08-26,INV00073918,EMP00257,USR0056,0,0,0,0,0,1,0,Department Manager,0,1,1,Low,2025-08,0,Duplicate Invoice
TX0073921,2025-09-03,A070,Operations,V0492,Credit Note,696.99,Card,GBP,Approved,2025-09-04,INV00073921,,USR0112,0,1,0,0,0,0,0,Department Manager,0,1,1,Low,2025-09,0,No Exception
TX0073939,2026-03-31,A015,Sales,V0266,Invoice,1890.83,Direct Debit,GBP,Pending,2025-04-09,INV00073939,EMP00016,USR0039,0,0,0,0,1,0,1,Senior Manager,0,1,1,Low,2026-03,0,Invalid Posting Date
TX0073956,2026-03-28,A032,Marketing,V0490,Journal Entry,635.8,Bank Transfer,GBP,Rejected,2025-08-07,INV00073956,EMP00259,USR0172,0,0,0,0,1,0,1,Department Manager,0,1,1,Low,2026-03,0,Invalid Posting Date
TX0074000,2025-04-29,A043,Finance,V0487,Expense,1201.43,Cheque,GBP,Approved,2025-04-25,INV00074000,EMP00499,USR0040,0,0,0,0,1,0,1,Senior Manager,0,1,1,Low,2025-04,0,Invalid Posting Date
TX0074007,2026-03-19,A079,Finance,,Invoice,2162.35,Card,GBP,Pending,2026-03-25,INV00074007,EMP00463,USR0127,1,0,0,0,0,0,0,Senior Manager,0,1,1,Low,2026-03,0,Missing Vendor
TX0074038,2025-04-21,A067,Operations,V0366,Payment,436.76,Bank Transfer,EUR,Approved,2025-04-26,INV00000656,EMP00064,USR0011,0,0,0,0,0,1,0,Department Manager,0,1,1,Low,2025-04,0,Duplicate Invoice
TX0074039,2025-04-10,A009,Operations,V0058,Expense,5690.11,Direct Debit,EUR,Approved,2025-04-07,INV00074039,EMP00023,USR0196,0,0,0,0,1,0,0,Senior Manager,0,1,1,Low,2025-04,0,Invalid Posting Date
TX0074045,2026-01-22,A034,Finance,V0061,Invoice,-1345.95,Bank Transfer,GBP,Approved,2026-01-24,INV00074045,EMP00098,USR0081,0,0,0,1,0,0,0,Senior Manager,0,1,1,Low,2026-01,0,Invalid Amount
TX0074074,2026-01-09,A007,IT,V0272,Invoice,1086.53,Bank Transfer,USD,Approved,2026-01-12,INV00031419,EMP00411,USR0187,0,0,0,0,0,1,0,Senior Manager,0,1,1,Low,2026-01,0,Duplicate Invoice
TX0074079,2025-11-17,A005,IT,V0456,Invoice,414.89,Direct Debit,USD,Approved,2025-11-19,INV00074079,,USR0198,0,1,0,0,0,0,0,Department Manager,0,1,1,Low,2025-11,0,No Exception
TX0074110,2026-03-28,A054,Finance,V0191,Invoice,409.36,Direct Debit,GBP,Pending,2025-10-07,INV00074110,EMP00134,USR0010,0,0,0,0,1,0,1,Department Manager,0,1,1,Low,2026-03,0,Invalid Posting Date
TX0074118,2025-04-05,A024,Operations,V0163,Expense,23840.86,Cheque,GBP,Rejected,2025-04-05,INV00055318,EMP00260,USR0185,0,0,0,0,0,1,0,Finance Director,0,1,1,Medium,2025-04,1,Duplicate Invoice
TX0074144,2025-08-22,A044,Operations,V0420,Invoice,14543.26,Card,GBP,Approved,2025-08-26,INV00074144,,USR0194,0,1,0,0,0,0,0,Finance Director,1,2,1,Medium,2025-08,1,Missing Approval
TX0074150,2026-01-02,A077,IT,V0042,Invoice,191.48,Card,USD,Rejected,2026-01-01,INV00074150,EMP00154,USR0022,0,0,0,0,1,0,0,Department Manager,0,1,1,Low,2026-01,0,Invalid Posting Date
TX0074171,2026-03-31,A043,IT,V0281,Journal Entry,803.83,Card,GBP,Approved,2025-04-06,INV00074171,EMP00387,USR0111,0,0,0,0,1,0,1,Department Manager,0,1,1,Low,2026-03,0,Invalid Posting Date
TX0074172,2025-05-10,A024,Procurement,V0187,Invoice,5619.44,Cheque,GBP,Approved,2025-05-15,INV00074172,,USR0029,0,1,0,0,0,0,0,Senior Manager,1,2,1,Medium,2025-05,0,Missing Approval
TX0074175,2026-03-31,A067,Operations,V0037,Journal Entry,3714.86,Cheque,GBP,Approved,2026-04-04,INV00078789,EMP00221,USR0075,0,0,0,0,0,1,1,Senior Manager,0,1,1,Low,2026-03,0,Duplicate Invoice
TX0074208,2026-01-12,A026,Finance,V0426,Credit Note,3252.19,Direct Debit,GBP,Pending,2026-01-14,INV00074208,,USR0104,0,1,0,0,0,0,0,Senior Manager,1,2,1,Medium,2026-01,0,Missing Approval
TX0074249,2025-07-01,A016,IT,,Expense,782.73,Cheque,GBP,Approved,2025-07-02,INV00074249,EMP00228,USR0060,1,0,0,0,0,0,0,Department Manager,0,1,1,Low,2025-07,0,Missing Vendor
TX0074258,2025-05-29,A058,IT,V0050,Invoice,881.43,Card,USD,Approved,2025-06-01,INV00074258,EMP00182,USR0139,0,0,0,0,0,1,1,Department Manager,0,1,1,Low,2025-05,0,Duplicate Invoice
TX0074280,2026-03-27,A070,Procurement,V0158,Payment,82.42,Direct Debit,EUR,Approved,2025-07-16,INV00074280,EMP00015,USR0129,0,0,0,0,1,0,1,Department Manager,0,1,1,Low,2026-03,0,Invalid Posting Date
TX0074333,2026-03-31,,Sales,V0236,Invoice,2417.47,Bank Transfer,USD,Approved,2026-04-01,INV00074333,EMP00396,USR0139,0,0,1,0,0,0,1,Senior Manager,0,1,1,Low,2026-03,0,Missing Account
TX0074337,2026-01-23,A069,Sales,V0428,Credit Note,794.84,Card,EUR,Rejected,2026-01-25,INV00074337,EMP00385,USR0058,0,0,0,0,0,1,0,Department Manager,0,1,1,Low,2026-01,0,Duplicate Invoice
TX0074359,2026-01-03,,HR,V0470,Journal Entry,2398.39,Bank Transfer,GBP,Approved,2026-01-05,INV00074359,EMP00080,USR0143,0,0,1,0,0,0,0,Senior Manager,0,1,1,Low,2026-01,0,Missing Account
TX0074361,2025-10-11,A027,IT,V0113,Invoice,568.03,Direct Debit,GBP,Rejected,2025-10-13,INV00074361,EMP00344,USR0086,0,0,0,0,0,1,0,Department Manager,0,1,1,Low,2025-10,0,Duplicate Invoice
TX0074412,2025-06-20,A070,IT,V0208,Journal Entry,2871.13,Cheque,USD,Approved,2025-06-21,INV00074412,EMP00121,USR0078,0,0,0,0,0,1,0,Senior Manager,0,1,1,Low,2025-06,0,Duplicate Invoice
TX0074449,2025-09-01,A056,Procurement,V0495,Invoice,156.45,Bank Transfer,EUR,Approved,2025-09-06,INV00074449,EMP00053,USR0170,0,0,0,0,0,1,0,Department Manager,0,1,1,Low,2025-09,0,Duplicate Invoice
TX0074451,2026-03-28,A001,Marketing,V0113,Invoice,3345.91,Card,GBP,Rejected,2025-11-30,INV00074451,EMP00223,USR0176,0,0,0,0,1,0,1,Senior Manager,0,1,1,Low,2026-03,0,Invalid Posting Date
TX0074457,2026-03-28,A021,Procurement,V0285,Invoice,1490.67,Card,EUR,Rejected,2026-02-03,INV00074457,EMP00053,USR0057,0,0,0,0,1,0,1,Senior Manager,0,1,1,Low,2026-03,0,Invalid Posting Date
TX0074467,2025-10-15,A060,Marketing,,Invoice,23016.4,Card,EUR,Pending,2025-10-17,INV00074467,EMP00402,USR0105,1,0,0,0,0,0,0,Finance Director,0,1,1,Medium,2025-10,1,Missing Vendor
TX0074468,2025-07-26,A020,Finance,V0438,Journal Entry,1682.88,Cheque,USD,Approved,2025-07-26,INV00016731,EMP00381,USR0029,0,0,0,0,0,1,0,Senior Manager,0,1,1,Low,2025-07,0,Duplicate Invoice
TX0074476,2025-08-23,A050,Sales,V0251,Invoice,13429.66,Card,EUR,Rejected,2025-08-23,INV00074476,,USR0084,0,1,0,0,0,0,0,Finance Director,1,2,1,Medium,2025-08,1,Missing Approval
TX0074484,2025-04-17,A015,Marketing,,Credit Note,394.69,Direct Debit,GBP,Approved,2025-04-21,INV00074484,EMP00450,USR0168,1,0,0,0,0,0,0,Department Manager,0,1,1,Low,2025-04,0,Missing Vendor
TX0074489,2026-03-18,,Finance,V0452,Invoice,3123.13,Direct Debit,EUR,Approved,2026-03-18,INV00074489,EMP00139,USR0144,0,0,1,0,0,0,0,Senior Manager,0,1,1,Low,2026-03,0,Missing Account
TX0074498,2025-07-20,A062,Marketing,V0270,Invoice,3004.21,Bank Transfer,GBP,Approved,2025-07-16,INV00074498,EMP00164,USR0157,0,0,0,0,1,0,0,Senior Manager,0,1,1,Low,2025-07,0,Invalid Posting Date
TX0074518,2025-11-04,A010,IT,V0210,Invoice,6735.99,Card,USD,Rejected,2025-11-07,INV00080297,EMP00414,USR0125,0,0,0,0,0,1,0,Senior Manager,0,1,1,Low,2025-11,1,Duplicate Invoice
TX0074564,2026-03-30,A063,Operations,V0053,Payment,1481.85,Direct Debit,EUR,Approved,2025-11-19,INV00074564,EMP00223,USR0048,0,0,0,0,1,0,1,Senior Manager,0,1,1,Low,2026-03,0,Invalid Posting Date
TX0074601,2025-12-24,A018,Procurement,,Journal Entry,2076.0,Direct Debit,GBP,Rejected,2025-12-30,INV00074601,EMP00336,USR0006,1,0,0,0,0,0,0,Senior Manager,0,1,1,Low,2025-12,0,Missing Vendor
TX0074623,2026-03-11,A026,IT,V0331,Invoice,1588.34,Cheque,GBP,Rejected,2026-03-14,INV00074623,,USR0093,0,1,0,0,0,0,0,Senior Manager,1,2,1,Medium,2026-03,0,Missing Approval
TX0074629,2025-04-25,A050,IT,,Invoice,3569.94,Cheque,USD,Approved,2025-05-02,INV00074629,EMP00291,USR0160,1,0,0,0,0,0,0,Senior Manager,0,1,1,Low,2025-04,0,Missing Vendor
TX0074630,2025-09-10,A024,Procurement,V0278,Invoice,-879.91,Cheque,GBP,Pending,2025-09-11,INV00074630,EMP00362,USR0146,0,0,0,1,0,0,0,Department Manager,0,1,1,Low,2025-09,0,Invalid Amount
TX0074657,2026-03-31,A016,Finance,V0411,Journal Entry,860.5,Card,EUR,Approved,2026-03-18,INV00074657,EMP00322,USR0092,0,0,0,0,1,0,1,Department Manager,0,1,1,Low,2026-03,0,Invalid Posting Date
TX0074682,2025-06-19,A007,Operations,V0090,Invoice,82.04,Card,GBP,Pending,2025-06-20,INV00016959,EMP00176,USR0176,0,0,0,0,0,1,0,Department Manager,0,1,1,Low,2025-06,0,Duplicate Invoice
TX0074707,2026-03-29,A027,Finance,V0360,Invoice,2321.33,Bank Transfer,USD,Approved,2026-03-19,INV00074707,EMP00373,USR0158,0,0,0,0,1,0,1,Senior Manager,0,1,1,Low,2026-03,0,Invalid Posting Date
TX0074721,2025-11-21,A028,Operations,V0117,Journal Entry,2471.68,Card,EUR,Rejected,2025-11-25,INV00002130,EMP00125,USR0084,0,0,0,0,0,1,0,Senior Manager,0,1,1,Low,2025-11,0,Duplicate Invoice
TX0074808,2026-03-31,A056,Marketing,V0221,Expense,1725.25,Bank Transfer,USD,Rejected,2026-02-07,INV00074808,EMP00111,USR0167,0,0,0,0,1,0,1,Senior Manager,0,1,1,Low,2026-03,0,Invalid Posting Date
TX0074832,2025-12-18,A017,Sales,,Payment,2657.85,Bank Transfer,USD,Approved,2025-12-22,INV00074832,EMP00209,USR0195,1,0,0,0,0,0,0,Senior Manager,0,1,1,Low,2025-12,0,Missing Vendor
TX0074866,2026-03-30,A053,Marketing,V0201,Invoice,780.56,Cheque,GBP,Approved,2026-03-13,INV00074866,EMP00095,USR0177,0,0,0,0,1,0,1,Department Manager,0,1,1,Low,2026-03,0,Invalid Posting Date
TX0074867,2025-09-11,A069,Sales,V0349,Invoice,950.66,Cheque,GBP,Rejected,2025-09-15,INV00044970,EMP00206,USR0042,0,0,0,0,0,1,0,Department Manager,0,1,1,Low,2025-09,0,Duplicate Invoice
TX0074912,2025-09-11,A015,Operations,,Expense,493.26,Bank Transfer,GBP,Approved,2025-09-18,INV00074912,EMP00067,USR0081,1,0,0,0,0,0,0,Department Manager,0,1,1,Low,2025-09,0,Missing Vendor
TX0074915,2026-03-31,A059,Operations,V0068,Expense,1542.71,Direct Debit,GBP,Approved,2026-02-26,INV00074915,EMP00437,USR0080,0,0,0,0,1,0,1,Senior Manager,0,1,1,Low,2026-03,0,Invalid Posting Date
TX0074929,2025-07-16,A016,Sales,V0050,Expense,1155.23,Card,EUR,Approved,2025-07-19,INV00096595,EMP00307,USR0163,0,0,0,0,0,1,0,Senior Manager,0,1,1,Low,2025-07,0,Duplicate Invoice
TX0074948,2025-04-19,A025,Finance,V0437,Invoice,1044.14,Cheque,USD,Rejected,2025-04-21,INV00081144,EMP00092,USR0163,0,0,0,0,0,1,0,Senior Manager,0,1,1,Low,2025-04,0,Duplicate Invoice
TX0074954,2025-11-19,A019,Finance,V0089,Invoice,1088.48,Bank Transfer,EUR,Approved,2025-11-16,INV00074954,EMP00430,USR0156,0,0,0,0,1,0,0,Senior Manager,0,1,1,Low,2025-11,0,Invalid Posting Date
TX0074956,2025-05-12,A027,Procurement,V0295,Journal Entry,2843.41,Cheque,GBP,Pending,2025-05-18,INV00074956,EMP00009,USR0003,0,0,0,0,0,1,0,Senior Manager,0,1,1,Low,2025-05,0,Duplicate Invoice
TX0074991,2026-03-31,A062,Finance,V0077,Invoice,754.68,Direct Debit,GBP,Approved,2026-02-10,INV00074991,EMP00298,USR0083,0,0,0,0,1,0,1,Department Manager,0,1,1,Low,2026-03,0,Invalid Posting Date
TX0075015,2026-03-30,A066,Operations,V0288,Invoice,2381.24,Direct Debit,GBP,Approved,2026-01-03,INV00075015,EMP00449,USR0145,0,0,0,0,1,0,1,Senior Manager,0,1,1,Low,2026-03,0,Invalid Posting Date
TX0075027,2026-02-21,A034,IT,V0280,Invoice,-514.37,Bank Transfer,EUR,Approved,2026-02-27,INV00075027,EMP00477,USR0006,0,0,0,1,0,0,0,Department Manager,0,1,1,Low,2026-02,0,Invalid Amount
TX0075062,2025-10-31,A053,IT,V0314,Journal Entry,6924.98,Cheque,GBP,Approved,2025-11-01,INV00075062,,USR0171,0,1,0,0,0,0,1,Senior Manager,1,2,1,Medium,2025-10,1,Missing Approval
TX0075124,2025-05-11,A078,Procurement,V0081,Journal Entry,831.87,Bank Transfer,EUR,Approved,2025-05-18,INV00082945,EMP00162,USR0196,0,0,0,0,0,1,0,Department Manager,0,1,1,Low,2025-05,0,Duplicate Invoice
TX0075165,2025-11-09,A019,Procurement,V0417,Expense,-3525.1,Direct Debit,GBP,Approved,2025-11-12,INV00075165,EMP00211,USR0161,0,0,0,1,0,0,0,Senior Manager,0,1,1,Low,2025-11,0,Invalid Amount
TX0075183,2026-02-28,A014,Finance,V0226,Invoice,2313.12,Card,USD,Approved,2026-03-01,INV00075183,,USR0156,0,1,0,0,0,0,1,Senior Manager,1,2,1,Medium,2026-02,0,Missing Approval
TX0075192,2025-04-27,A044,Procurement,V0365,Payment,3091.13,Cheque,GBP,Approved,2025-04-23,INV00075192,EMP00033,USR0160,0,0,0,0,1,0,1,Senior Manager,0,1,1,Low,2025-04,0,Invalid Posting Date
TX0075247,2026-03-30,A073,Sales,V0246,Payment,4987.25,Bank Transfer,GBP,Rejected,2026-03-02,INV00075247,EMP00473,USR0175,0,0,0,0,1,0,1,Senior Manager,0,1,1,Low,2026-03,0,Invalid Posting Date
TX0075269,2025-11-18,A074,IT,V0121,Invoice,-628.09,Bank Transfer,GBP,Rejected,2025-11-23,INV00075269,EMP00402,USR0190,0,0,0,1,0,0,0,Department Manager,0,1,1,Low,2025-11,0,Invalid Amount
TX0075283,2025-07-28,A079,Operations,V0059,Invoice,705.73,Card,GBP,Approved,2025-08-02,INV00075283,,USR0044,0,1,0,0,0,0,1,Department Manager,0,1,1,Low,2025-07,0,No Exception
TX0075299,2025-12-15,A065,Finance,V0325,Invoice,602.44,Card,EUR,Approved,2025-12-21,INV00075299,EMP00421,USR0074,0,0,0,0,0,1,0,Department Manager,0,1,1,Low,2025-12,0,Duplicate Invoice
TX0075302,2025-04-26,A048,IT,V0238,Invoice,225.79,Direct Debit,EUR,Approved,2025-04-29,INV00075302,,USR0100,0,1,0,0,0,0,0,Department Manager,0,1,1,Low,2025-04,0,No Exception
TX0075310,2025-04-26,A068,Sales,V0144,Invoice,1565.26,Cheque,GBP,Approved,2025-04-26,INV00075310,EMP00382,USR0042,0,0,0,0,0,1,0,Senior Manager,0,1,1,Low,2025-04,0,Duplicate Invoice
TX0075316,2026-03-30,A023,HR,V0019,Payment,446.81,Direct Debit,GBP,Rejected,2025-07-04,INV00075316,EMP00129,USR0040,0,0,0,0,1,0,1,Department Manager,0,1,1,Low,2026-03,0,Invalid Posting Date
TX0075337,2026-03-31,A016,Finance,V0031,Invoice,664.12,Cheque,GBP,Approved,2025-09-02,INV00075337,EMP00145,USR0131,0,0,0,0,1,0,1,Department Manager,0,1,1,Low,2026-03,0,Invalid Posting Date
TX0075351,2026-03-31,A045,HR,V0246,Journal Entry,1961.68,Cheque,USD,Approved,2025-07-30,INV00075351,EMP00408,USR0169,0,0,0,0,1,0,1,Senior Manager,0,1,1,Low,2026-03,0,Invalid Posting Date
TX0075407,2026-03-24,A011,Procurement,V0204,Journal Entry,1125.66,Cheque,USD,Pending,2026-03-21,INV00075407,EMP00048,USR0161,0,0,0,0,1,0,0,Senior Manager,0,1,1,Low,2026-03,0,Invalid Posting Date
TX0075416,2025-08-13,,Procurement,V0203,Invoice,640.49,Bank Transfer,GBP,Approved,2025-08-16,INV00075416,EMP00277,USR0132,0,0,1,0,0,0,0,Department Manager,0,1,1,Low,2025-08,0,Missing Account
TX0075439,2025-11-14,A061,Sales,V0010,Expense,2047.52,Bank Transfer,GBP,Approved,2025-11-16,INV00075439,EMP00351,USR0121,0,0,0,0,0,1,0,Senior Manager,0,1,1,Low,2025-11,0,Duplicate Invoice
TX0075443,2026-03-31,A079,Operations,V0252,Expense,2053.33,Cheque,GBP,Approved,2025-05-31,INV00075443,EMP00191,USR0094,0,0,0,0,1,0,1,Senior Manager,0,1,1,Low,2026-03,0,Invalid Posting Date
TX0075499,2025-06-15,A055,Procurement,V0109,Expense,1214.99,Bank Transfer,GBP,Approved,2025-06-17,INV00075499,EMP00279,USR0193,0,0,0,0,0,1,0,Senior Manager,0,1,1,Low,2025-06,0,Duplicate Invoice
TX0075534,2025-04-02,A076,Finance,V0176,Invoice,1136.35,Direct Debit,GBP,Approved,2025-04-03,INV00075534,EMP00057,USR0084,0,0,0,0,0,1,0,Senior Manager,0,1,1,Low,2025-04,0,Duplicate Invoice
TX0075543,2025-11-22,A075,IT,,Expense,1433.51,Cheque,GBP,Approved,2025-11-23,INV00075543,EMP00189,USR0026,1,0,0,0,0,0,0,Senior Manager,0,1,1,Low,2025-11,0,Missing Vendor
TX0075560,2025-11-23,A009,Operations,V0057,Expense,535.19,Bank Transfer,GBP,Rejected,2025-11-27,INV00022584,EMP00345,USR0085,0,0,0,0,0,1,0,Department Manager,0,1,1,Low,2025-11,0,Duplicate Invoice
TX0075584,2025-05-14,A051,Operations,,Payment,1485.51,Direct Debit,USD,Approved,2025-05-18,INV00075584,EMP00466,USR0080,1,0,0,0,0,0,0,Senior Manager,0,1,1,Low,2025-05,0,Missing Vendor
TX0075623,2025-12-25,A043,Operations,V0055,Expense,3544.84,Bank Transfer,GBP,Approved,2025-12-28,INV00075623,,USR0056,0,1,0,0,0,0,0,Senior Manager,1,2,1,Medium,2025-12,0,Missing Approval
TX0075644,2025-04-04,A031,Marketing,,Payment,596.53,Direct Debit,EUR,Pending,2025-04-09,INV00075644,EMP00011,USR0094,1,0,0,0,0,0,0,Department Manager,0,1,1,Low,2025-04,0,Missing Vendor
TX0075710,2026-03-29,A076,Sales,V0262,Journal Entry,232.26,Bank Transfer,GBP,Rejected,2025-05-30,INV00075710,EMP00063,USR0133,0,0,0,0,1,0,1,Department Manager,0,1,1,Low,2026-03,0,Invalid Posting Date
TX0075712,2025-09-03,,IT,V0384,Invoice,1228.63,Direct Debit,GBP,Approved,2025-09-07,INV00075712,EMP00493,USR0146,0,0,1,0,0,0,0,Senior Manager,0,1,1,Low,2025-09,0,Missing Account
TX0075722,2025-09-25,A077,Finance,V0261,Payment,357.82,Cheque,GBP,Approved,2025-09-30,INV00075722,EMP00141,USR0092,0,0,0,0,0,1,0,Department Manager,0,1,1,Low,2025-09,0,Duplicate Invoice
TX0075731,2026-03-04,A003,Procurement,V0359,Invoice,1668.96,Direct Debit,EUR,Approved,2026-03-02,INV00075731,EMP00011,USR0179,0,0,0,0,1,0,0,Senior Manager,0,1,1,Low,2026-03,0,Invalid Posting Date
TX0075783,2025-09-28,A015,Finance,V0186,Expense,380.92,Cheque,GBP,Pending,2025-09-29,INV00010050,EMP00490,USR0156,0,0,0,0,0,1,1,Department Manager,0,1,1,Low,2025-09,0,Duplicate Invoice
TX0075826,2026-03-31,A040,IT,V0008,Payment,2163.57,Card,USD,Approved,2025-04-30,INV00075826,EMP00061,USR0090,0,0,0,0,1,0,1,Senior Manager,0,1,1,Low,2026-03,0,Invalid Posting Date
TX0075831,2025-06-03,A047,Sales,V0369,Invoice,506.04,Bank Transfer,GBP,Approved,2025-06-03,INV00075831,EMP00100,USR0052,0,0,0,0,0,1,0,Department Manager,0,1,1,Low,2025-06,0,Duplicate Invoice
TX0075841,2026-03-29,A072,Operations,V0104,Invoice,16847.55,Direct Debit,GBP,Approved,2025-12-27,INV00075841,EMP00342,USR0152,0,0,0,0,1,0,1,Finance Director,0,1,1,Medium,2026-03,1,Invalid Posting Date
TX0075861,2025-04-13,A014,Finance,V0180,Expense,215.07,Cheque,EUR,Approved,2025-04-10,INV00075861,EMP00068,USR0153,0,0,0,0,1,0,0,Department Manager,0,1,1,Low,2025-04,0,Invalid Posting Date
TX0075890,2026-03-30,A031,Procurement,V0179,Expense,759.67,Card,USD,Rejected,2025-07-21,INV00075890,EMP00445,USR0194,0,0,0,0,1,0,1,Department Manager,0,1,1,Low,2026-03,0,Invalid Posting Date
TX0075962,2025-05-18,A008,Operations,V0086,Invoice,3856.12,Card,USD,Approved,2025-05-19,INV00075962,EMP00322,USR0125,0,0,0,0,0,1,0,Senior Manager,0,1,1,Low,2025-05,0,Duplicate Invoice
TX0075969,2025-04-17,A064,Finance,,Journal Entry,8335.47,Direct Debit,GBP,Approved,2025-04-17,INV00075969,EMP00274,USR0082,1,0,0,0,0,0,0,Senior Manager,0,1,1,Low,2025-04,1,Missing Vendor
TX0075975,2026-03-27,A035,Finance,V0305,Expense,943.51,Cheque,GBP,Approved,2026-02-16,INV00075975,EMP00097,USR0088,0,0,0,0,1,0,1,Department Manager,0,1,1,Low,2026-03,0,Invalid Posting Date
TX0075994,2025-06-06,A061,Operations,V0269,Invoice,1074.19,Direct Debit,GBP,Rejected,2025-06-02,INV00075994,EMP00384,USR0077,0,0,0,0,1,0,0,Senior Manager,0,1,1,Low,2025-06,0,Invalid Posting Date
TX0076006,2026-02-23,A058,Sales,V0470,Invoice,219548.5,Bank Transfer,GBP,Approved,2026-02-22,INV00076006,EMP00216,USR0197,0,0,0,0,1,0,0,Finance Director,0,1,1,High,2026-02,1,Invalid Posting Date
TX0076011,2025-10-03,A033,Finance,,Expense,583.87,Bank Transfer,GBP,Rejected,2025-10-04,INV00076011,EMP00150,USR0151,1,0,0,0,0,0,0,Department Manager,0,1,1,Low,2025-10,0,Missing Vendor
TX0076019,2026-03-28,A005,Marketing,V0404,Journal Entry,140.36,Cheque,USD,Approved,2026-03-29,INV00053930,EMP00012,USR0052,0,0,0,0,0,1,1,Department Manager,0,1,1,Low,2026-03,0,Duplicate Invoice
TX0076063,2025-09-25,A017,Operations,V0453,Payment,831.69,Bank Transfer,EUR,Approved,2025-10-02,INV00076063,,USR0085,0,1,0,0,0,0,0,Department Manager,0,1,1,Low,2025-09,0,No Exception
TX0076081,2025-04-23,A060,Sales,V0390,Credit Note,320.63,Direct Debit,EUR,Rejected,2025-04-24,INV00069696,EMP00460,USR0064,0,0,0,0,0,1,0,Department Manager,0,1,1,Low,2025-04,0,Duplicate Invoice
TX0076107,2025-12-19,A026,Finance,V0093,Credit Note,12133.16,Bank Transfer,GBP,Approved,2025-12-21,INV00080751,EMP00263,USR0052,0,0,0,0,0,1,0,Finance Director,0,1,1,Medium,2025-12,1,Duplicate Invoice
TX0076128,2026-03-28,A059,Operations,V0054,Payment,663.63,Bank Transfer,GBP,Pending,2025-11-05,INV00076128,EMP00173,USR0152,0,0,0,0,1,0,1,Department Manager,0,1,1,Low,2026-03,0,Invalid Posting Date
TX0076138,2026-03-31,A056,Operations,V0344,Journal Entry,4431.08,Bank Transfer,GBP,Rejected,2025-05-29,INV00076138,EMP00087,USR0011,0,0,0,0,1,0,1,Senior Manager,0,1,1,Low,2026-03,0,Invalid Posting Date
TX0076139,2025-12-29,A049,Procurement,,Expense,14701.21,Cheque,GBP,Rejected,2025-12-29,INV00076139,EMP00005,USR0197,1,0,0,0,0,0,1,Finance Director,0,1,1,Medium,2025-12,1,Missing Vendor
TX0076168,2025-05-22,A036,Sales,,Payment,1709.74,Bank Transfer,USD,Rejected,2025-05-23,INV00076168,EMP00240,USR0111,1,0,0,0,0,0,0,Senior Manager,0,1,1,Low,2025-05,0,Missing Vendor
TX0076179,2026-01-14,A056,Sales,V0068,Invoice,823.27,Direct Debit,EUR,Approved,2026-01-20,INV00076179,EMP00289,USR0195,0,0,0,0,0,1,0,Department Manager,0,1,1,Low,2026-01,0,Duplicate Invoice
TX0076183,2025-07-09,A016,Marketing,V0291,Journal Entry,2771.76,Direct Debit,USD,Approved,2025-07-13,INV00076183,EMP00320,USR0050,0,0,0,0,0,1,0,Senior Manager,0,1,1,Low,2025-07,0,Duplicate Invoice
TX0076195,2026-03-27,A003,Finance,V0129,Credit Note,606.34,Direct Debit,GBP,Pending,2025-10-11,INV00076195,EMP00230,USR0159,0,0,0,0,1,0,1,Department Manager,0,1,1,Low,2026-03,0,Invalid Posting Date
TX0076206,2026-02-02,A004,IT,V0385,Payment,157.11,Card,GBP,Pending,2026-02-08,INV00076206,,USR0002,0,1,0,0,0,0,0,Department Manager,0,1,1,Low,2026-02,0,No Exception
TX0076207,2025-04-08,A003,HR,V0159,Expense,5028.08,Cheque,GBP,Approved,2025-04-15,INV00076207,EMP00007,USR0022,0,0,0,0,0,1,0,Senior Manager,0,1,1,Low,2025-04,0,Duplicate Invoice
TX0076242,2025-07-04,A032,Finance,V0096,Invoice,1059.1,Cheque,EUR,Approved,2025-07-06,INV00076242,,USR0095,0,1,0,0,0,0,0,Senior Manager,1,2,1,Medium,2025-07,0,Missing Approval
TX0076303,2026-01-02,,HR,V0384,Invoice,753.65,Direct Debit,GBP,Approved,2026-01-06,INV00076303,EMP00264,USR0169,0,0,1,0,0,0,0,Department Manager,0,1,1,Low,2026-01,0,Missing Account
TX0076305,2026-03-28,A047,Operations,V0044,Expense,489.63,Card,GBP,Approved,2026-02-06,INV00076305,EMP00096,USR0088,0,0,0,0,1,0,1,Department Manager,0,1,1,Low,2026-03,0,Invalid Posting Date
TX0076315,2025-08-20,A065,HR,V0307,Journal Entry,913.76,Direct Debit,GBP,Approved,2025-08-20,INV00073382,EMP00087,USR0104,0,0,0,0,0,1,0,Department Manager,0,1,1,Low,2025-08,0,Duplicate Invoice
TX0076424,2025-10-15,A038,Procurement,V0313,Invoice,210.4,Card,EUR,Approved,2025-10-13,INV00076424,EMP00022,USR0097,0,0,0,0,1,0,0,Department Manager,0,1,1,Low,2025-10,0,Invalid Posting Date
TX0076435,2025-07-18,A032,Procurement,V0295,Journal Entry,1107.33,Direct Debit,GBP,Rejected,2025-07-21,INV00076435,EMP00019,USR0046,0,0,0,0,0,1,0,Senior Manager,0,1,1,Low,2025-07,0,Duplicate Invoice
TX0076456,2025-10-17,A005,IT,V0149,Expense,334.18,Bank Transfer,GBP,Rejected,2025-10-23,INV00057937,EMP00105,USR0146,0,0,0,0,0,1,0,Department Manager,0,1,1,Low,2025-10,0,Duplicate Invoice
TX0076505,2026-03-27,A024,Procurement,V0250,Journal Entry,1162.88,Direct Debit,USD,Approved,2025-10-01,INV00076505,EMP00030,USR0014,0,0,0,0,1,0,1,Senior Manager,0,1,1,Low,2026-03,0,Invalid Posting Date
TX0076527,2026-01-23,A002,Sales,,Invoice,1603.76,Direct Debit,USD,Approved,2026-01-23,INV00076527,EMP00039,USR0193,1,0,0,0,0,0,0,Senior Manager,0,1,1,Low,2026-01,0,Missing Vendor
TX0076532,2025-06-23,A073,Sales,V0249,Expense,205.91,Direct Debit,GBP,Rejected,2025-06-30,INV00095261,EMP00227,USR0200,0,0,0,0,0,1,0,Department Manager,0,1,1,Low,2025-06,0,Duplicate Invoice
TX0076549,2025-09-04,A076,IT,V0046,Invoice,3211.15,Card,GBP,Approved,2025-09-05,INV00020293,EMP00242,USR0154,0,0,0,0,0,1,0,Senior Manager,0,1,1,Low,2025-09,0,Duplicate Invoice
TX0076551,2025-07-04,,IT,V0429,Invoice,2392.62,Cheque,GBP,Rejected,2025-07-04,INV00076551,EMP00155,USR0187,0,0,1,0,0,0,0,Senior Manager,0,1,1,Low,2025-07,0,Missing Account
TX0076590,2025-12-22,A027,Operations,,Invoice,179.61,Cheque,GBP,Approved,2025-12-23,INV00076590,EMP00081,USR0142,1,0,0,0,0,0,0,Department Manager,0,1,1,Low,2025-12,0,Missing Vendor
TX0076603,2026-03-27,A076,Operations,,Invoice,4943.58,Card,USD,Approved,2026-02-27,INV00076603,EMP00492,USR0036,1,0,0,0,1,0,1,Senior Manager,0,2,1,Medium,2026-03,0,Missing Vendor
TX0076610,2025-09-05,A007,Procurement,V0483,Invoice,1395.45,Card,GBP,Approved,2025-09-05,INV00076610,EMP00487,USR0124,0,0,0,0,0,1,0,Senior Manager,0,1,1,Low,2025-09,0,Duplicate Invoice
TX0076618,2025-10-24,A049,Finance,V0115,Journal Entry,994.89,Card,USD,Pending,2025-10-29,INV00076618,,USR0181,0,1,0,0,0,0,0,Department Manager,0,1,1,Low,2025-10,0,No Exception
TX0076634,2025-07-07,A013,Procurement,V0461,Expense,1911.0,Cheque,GBP,Approved,2025-07-08,INV00093703,EMP00057,USR0051,0,0,0,0,0,1,0,Senior Manager,0,1,1,Low,2025-07,0,Duplicate Invoice
TX0076638,2026-03-30,A027,Operations,V0014,Invoice,1573.42,Direct Debit,GBP,Approved,2025-09-12,INV00076638,EMP00177,USR0113,0,0,0,0,1,0,1,Senior Manager,0,1,1,Low,2026-03,0,Invalid Posting Date
TX0076656,2026-02-06,A039,Finance,,Invoice,1205.26,Direct Debit,GBP,Approved,2026-02-11,INV00076656,EMP00109,USR0082,1,0,0,0,0,0,0,Senior Manager,0,1,1,Low,2026-02,0,Missing Vendor
TX0076693,2026-03-30,A078,IT,V0135,Payment,422.05,Cheque,GBP,Approved,2025-10-31,INV00076693,EMP00050,USR0165,0,0,0,0,1,0,1,Department Manager,0,1,1,Low,2026-03,0,Invalid Posting Date
TX0076700,2025-08-11,A016,Marketing,V0398,Payment,500.76,Direct Debit,EUR,Pending,2025-08-12,INV00076700,EMP00436,USR0118,0,0,0,0,0,1,0,Department Manager,0,1,1,Low,2025-08,0,Duplicate Invoice
TX0076727,2025-07-21,A003,Finance,V0220,Credit Note,9975.56,Bank Transfer,EUR,Approved,2025-07-24,INV00076727,,USR0089,0,1,0,0,0,0,0,Senior Manager,1,2,1,Medium,2025-07,1,Missing Approval
TX0076751,2026-03-28,A024,Procurement,V0132,Expense,-3319.23,Bank Transfer,GBP,Approved,2026-03-28,INV00076751,EMP00196,USR0058,0,0,0,1,0,0,1,Senior Manager,0,1,1,Low,2026-03,0,Invalid Amount
TX0076759,2026-03-31,A049,Finance,V0169,Invoice,199.63,Direct Debit,GBP,Pending,2025-08-30,INV00076759,EMP00324,USR0169,0,0,0,0,1,0,1,Department Manager,0,1,1,Low,2026-03,0,Invalid Posting Date
TX0076803,2025-04-16,A074,Sales,V0259,Expense,1396.24,Bank Transfer,GBP,Rejected,2025-04-20,INV00076803,,USR0197,0,1,0,0,0,0,0,Senior Manager,1,2,1,Medium,2025-04,0,Missing Approval
TX0076815,2025-08-16,A017,Marketing,V0309,Invoice,526.54,Direct Debit,GBP,Approved,2025-08-17,INV00076815,EMP00057,USR0011,0,0,0,0,0,1,0,Department Manager,0,1,1,Low,2025-08,0,Duplicate Invoice
TX0076822,2026-03-27,A018,IT,V0310,Invoice,1918.52,Bank Transfer,USD,Rejected,2025-06-03,INV00076822,EMP00053,USR0133,0,0,0,0,1,0,1,Senior Manager,0,1,1,Low,2026-03,0,Invalid Posting Date
TX0076828,2026-03-30,A026,HR,V0178,Payment,792.02,Bank Transfer,USD,Pending,2025-11-04,INV00076828,EMP00340,USR0018,0,0,0,0,1,0,1,Department Manager,0,1,1,Low,2026-03,0,Invalid Posting Date
TX0076894,2025-05-09,A025,Finance,V0283,Credit Note,6439.7,Bank Transfer,GBP,Pending,2025-05-11,INV00076894,,USR0083,0,1,0,0,0,0,0,Senior Manager,1,2,1,Medium,2025-05,1,Missing Approval
TX0076899,2026-01-15,A063,Finance,V0358,Invoice,3192.14,Direct Debit,EUR,Approved,2026-01-17,INV00076899,,USR0124,0,1,0,0,0,0,0,Senior Manager,1,2,1,Medium,2026-01,0,Missing Approval
TX0076930,2025-10-23,A029,Operations,V0214,Journal Entry,2430.35,Cheque,GBP,Approved,2025-10-27,INV00076930,EMP00183,USR0027,0,0,0,0,0,1,0,Senior Manager,0,1,1,Low,2025-10,0,Duplicate Invoice
TX0076932,2025-06-05,A052,Procurement,V0009,Payment,812.08,Card,GBP,Approved,2025-06-07,INV00076932,,USR0158,0,1,0,0,0,0,0,Department Manager,0,1,1,Low,2025-06,0,No Exception
TX0076933,2026-01-26,A004,Operations,V0494,Invoice,580.81,Direct Debit,USD,Approved,2026-01-24,INV00076933,EMP00280,USR0117,0,0,0,0,1,0,0,Department Manager,0,1,1,Low,2026-01,0,Invalid Posting Date
TX0076983,2025-07-06,A046,Procurement,,Invoice,708.4,Direct Debit,GBP,Approved,2025-07-13,INV00076983,EMP00017,USR0047,1,0,0,0,0,0,0,Department Manager,0,1,1,Low,2025-07,0,Missing Vendor
TX0077003,2026-03-28,A070,Marketing,V0329,Invoice,818.53,Bank Transfer,GBP,Pending,2025-06-28,INV00077003,EMP00144,USR0180,0,0,0,0,1,0,1,Department Manager,0,1,1,Low,2026-03,0,Invalid Posting Date
TX0077007,2025-12-27,A035,Procurement,V0089,Credit Note,1089.52,Bank Transfer,USD,Approved,2025-12-29,INV00077007,EMP00162,USR0085,0,0,0,0,0,1,1,Senior Manager,0,1,1,Low,2025-12,0,Duplicate Invoice
TX0077077,2025-07-23,A070,Operations,V0463,Invoice,1128.13,Direct Debit,GBP,Approved,2025-07-19,INV00077077,EMP00036,USR0084,0,0,0,0,1,0,0,Senior Manager,0,1,1,Low,2025-07,0,Invalid Posting Date
TX0077085,2025-04-16,A018,HR,V0264,Expense,2083.34,Bank Transfer,EUR,Approved,2025-04-18,INV00036097,EMP00439,USR0113,0,0,0,0,0,1,0,Senior Manager,0,1,1,Low,2025-04,0,Duplicate Invoice
TX0077110,2025-05-06,A005,Procurement,V0307,Invoice,3266.81,Card,GBP,Approved,2025-05-09,INV00077110,,USR0040,0,1,0,0,0,0,0,Senior Manager,1,2,1,Medium,2025-05,0,Missing Approval
TX0077127,2025-07-02,A066,Finance,V0079,Invoice,278.74,Direct Debit,GBP,Pending,2025-07-03,INV00077127,EMP00166,USR0123,0,0,0,0,0,1,0,Department Manager,0,1,1,Low,2025-07,0,Duplicate Invoice
TX0077135,2026-03-29,A075,HR,V0495,Invoice,1076.27,Cheque,GBP,Approved,2025-05-18,INV00077135,EMP00487,USR0031,0,0,0,0,1,0,1,Senior Manager,0,1,1,Low,2026-03,0,Invalid Posting Date
TX0077137,2025-12-28,A066,Operations,V0031,Invoice,-13711.74,Bank Transfer,GBP,Pending,2025-12-29,INV00077137,EMP00408,USR0093,0,0,0,1,0,0,1,Finance Director,0,1,1,Medium,2025-12,0,Invalid Amount
TX0077148,2025-08-31,A039,Procurement,V0042,Payment,71.65,Direct Debit,EUR,Rejected,2025-09-06,INV00012388,EMP00015,USR0196,0,0,0,0,0,1,1,Department Manager,0,1,1,Low,2025-08,0,Duplicate Invoice
TX0077158,2025-10-22,A055,Sales,,Payment,5234.55,Direct Debit,EUR,Approved,2025-10-23,INV00077158,EMP00132,USR0115,1,0,0,0,0,0,0,Senior Manager,0,1,1,Low,2025-10,0,Missing Vendor
TX0077166,2025-07-28,A057,Operations,V0346,Expense,362.22,Direct Debit,GBP,Rejected,2025-08-01,INV00004625,EMP00127,USR0007,0,0,0,0,0,1,1,Department Manager,0,1,1,Low,2025-07,0,Duplicate Invoice
TX0077204,2026-02-20,A009,Finance,V0444,Invoice,1052.25,Direct Debit,GBP,Rejected,2026-02-25,INV00077204,EMP00440,USR0143,0,0,0,0,0,1,0,Senior Manager,0,1,1,Low,2026-02,0,Duplicate Invoice
TX0077272,2025-09-27,A075,Procurement,V0261,Invoice,804.39,Card,GBP,Approved,2025-10-02,INV00031121,EMP00139,USR0183,0,0,0,0,0,1,1,Department Manager,0,1,1,Low,2025-09,0,Duplicate Invoice
TX0077313,2026-03-28,A052,IT,V0032,Journal Entry,209.66,Direct Debit,GBP,Rejected,2025-05-03,INV00077313,EMP00377,USR0119,0,0,0,0,1,0,1,Department Manager,0,1,1,Low,2026-03,0,Invalid Posting Date
TX0077326,2025-12-30,A072,Operations,V0279,Invoice,659.08,Direct Debit,GBP,Approved,2025-12-29,INV00077326,EMP00022,USR0022,0,0,0,0,1,0,1,Department Manager,0,1,1,Low,2025-12,0,Invalid Posting Date
TX0077341,2026-03-29,A052,HR,V0030,Expense,1344.85,Cheque,GBP,Approved,2025-06-10,INV00077341,EMP00173,USR0062,0,0,0,0,1,0,1,Senior Manager,0,1,1,Low,2026-03,0,Invalid Posting Date
TX0077359,2025-08-19,A046,Operations,V0315,Invoice,-904.58,Card,GBP,Rejected,2025-08-20,INV00077359,EMP00283,USR0060,0,0,0,1,0,0,0,Department Manager,0,1,1,Low,2025-08,0,Invalid Amount
TX0077360,2025-08-01,A023,Operations,V0442,Invoice,986.63,Direct Debit,GBP,Rejected,2025-08-07,INV00077360,,USR0030,0,1,0,0,0,0,0,Department Manager,0,1,1,Low,2025-08,0,No Exception
TX0077372,2026-03-30,A074,Finance,V0020,Expense,794.19,Cheque,GBP,Approved,2025-12-22,INV00077372,,USR0019,0,1,0,0,1,0,1,Department Manager,0,2,1,Medium,2026-03,0,Invalid Posting Date
TX0077382,2025-04-13,A007,HR,V0293,Invoice,390.03,Direct Debit,GBP,Rejected,2025-04-09,INV00077382,EMP00375,USR0180,0,0,0,0,1,0,0,Department Manager,0,1,1,Low,2025-04,0,Invalid Posting Date
TX0077403,2025-05-09,A032,Sales,V0094,Invoice,5526.66,Bank Transfer,USD,Approved,2025-05-14,INV00077403,EMP00448,USR0094,0,0,0,0,0,1,0,Senior Manager,0,1,1,Low,2025-05,0,Duplicate Invoice
TX0077432,2025-10-08,A026,Finance,V0062,Invoice,6066.58,Direct Debit,USD,Approved,2025-10-15,INV00077432,EMP00048,USR0057,0,0,0,0,0,1,0,Senior Manager,0,1,1,Low,2025-10,1,Duplicate Invoice
TX0077458,2025-10-09,A003,Finance,V0236,Invoice,2477.63,Cheque,GBP,Approved,2025-10-12,INV00077458,EMP00052,USR0017,0,0,0,0,0,1,0,Senior Manager,0,1,1,Low,2025-10,0,Duplicate Invoice
TX0077460,2026-03-08,A027,Finance,V0397,Payment,532.33,Card,GBP,Rejected,2026-03-08,INV00030884,EMP00477,USR0176,0,0,0,0,0,1,0,Department Manager,0,1,1,Low,2026-03,0,Duplicate Invoice
TX0077480,2025-04-26,A016,HR,V0146,Expense,2899.48,Direct Debit,GBP,Pending,2025-05-02,INV00002175,EMP00282,USR0132,0,0,0,0,0,1,0,Senior Manager,0,1,1,Low,2025-04,0,Duplicate Invoice
TX0077491,2026-03-06,A003,Procurement,V0460,Payment,2117.36,Direct Debit,EUR,Rejected,2026-03-12,INV00073381,EMP00365,USR0008,0,0,0,0,0,1,0,Senior Manager,0,1,1,Low,2026-03,0,Duplicate Invoice
TX0077526,2026-03-28,A019,Finance,V0249,Invoice,243.23,Bank Transfer,GBP,Approved,2025-10-27,INV00077526,EMP00210,USR0028,0,0,0,0,1,0,1,Department Manager,0,1,1,Low,2026-03,0,Invalid Posting Date
TX0077540,2026-03-27,A009,Operations,V0040,Invoice,3148.83,Cheque,USD,Rejected,2026-02-20,INV00077540,EMP00181,USR0034,0,0,0,0,1,0,1,Senior Manager,0,1,1,Low,2026-03,0,Invalid Posting Date
TX0077549,2026-03-09,A056,HR,V0436,Payment,13012.02,Card,GBP,Approved,2026-03-14,INV00077549,,USR0155,0,1,0,0,0,0,0,Finance Director,1,2,1,Medium,2026-03,1,Missing Approval
TX0077553,2026-03-30,A059,IT,V0189,Journal Entry,469.37,Card,GBP,Approved,2025-04-18,INV00077553,EMP00106,USR0126,0,0,0,0,1,0,1,Department Manager,0,1,1,Low,2026-03,0,Invalid Posting Date
TX0077573,2026-03-07,A021,Sales,V0099,Credit Note,3796.26,Card,GBP,Rejected,2026-03-11,INV00077573,,USR0091,0,1,0,0,0,0,0,Senior Manager,1,2,1,Medium,2026-03,0,Missing Approval
TX0077624,2025-07-09,A059,Operations,V0330,Payment,-1416.36,Cheque,GBP,Rejected,2025-07-12,INV00077624,EMP00351,USR0056,0,0,0,1,0,0,0,Senior Manager,0,1,1,Low,2025-07,0,Invalid Amount
TX0077632,2026-01-27,A038,HR,V0239,Invoice,255.15,Direct Debit,EUR,Approved,2026-02-01,INV00077632,,USR0024,0,1,0,0,0,0,1,Department Manager,0,1,1,Low,2026-01,0,No Exception
TX0077635,2026-03-27,A015,Marketing,V0125,Journal Entry,553.14,Bank Transfer,GBP,Approved,2025-04-17,INV00077635,EMP00269,USR0062,0,0,0,0,1,0,1,Department Manager,0,1,1,Low,2026-03,0,Invalid Posting Date
TX0077648,2026-01-22,A038,Operations,V0236,Journal Entry,2241.76,Direct Debit,EUR,Approved,2026-01-27,INV00077648,EMP00458,USR0125,0,0,0,0,0,1,0,Senior Manager,0,1,1,Low,2026-01,0,Duplicate Invoice
TX0077652,2025-12-07,A016,Finance,V0012,Invoice,5890.94,Card,USD,Pending,2025-12-07,INV00077652,EMP00280,USR0064,0,0,0,0,0,1,0,Senior Manager,0,1,1,Low,2025-12,1,Duplicate Invoice
TX0077659,2026-03-29,A038,Finance,V0159,Payment,1197.95,Bank Transfer,GBP,Pending,2025-07-03,INV00077659,EMP00036,USR0007,0,0,0,0,1,0,1,Senior Manager,0,1,1,Low,2026-03,0,Invalid Posting Date
TX0077695,2026-03-27,A030,Marketing,V0280,Payment,234.5,Cheque,GBP,Approved,2025-05-26,INV00077695,EMP00075,USR0044,0,0,0,0,1,0,1,Department Manager,0,1,1,Low,2026-03,0,Invalid Posting Date
TX0077704,2025-06-02,A071,IT,V0446,Invoice,761.86,Card,GBP,Rejected,2025-06-09,INV00055376,EMP00390,USR0147,0,0,0,0,0,1,0,Department Manager,0,1,1,Low,2025-06,0,Duplicate Invoice
TX0077730,2025-09-17,A028,IT,V0284,Invoice,2346.08,Card,GBP,Approved,2025-09-18,INV00077730,EMP00494,USR0040,0,0,0,0,0,1,0,Senior Manager,0,1,1,Low,2025-09,0,Duplicate Invoice
TX0077774,2026-01-21,A061,IT,,Expense,997.99,Card,GBP,Approved,2026-01-27,INV00077774,EMP00451,USR0177,1,0,0,0,0,0,0,Department Manager,0,1,1,Low,2026-01,0,Missing Vendor
TX0077788,2026-02-06,A079,IT,V0436,Invoice,1862.28,Direct Debit,EUR,Pending,2026-02-08,INV00072020,EMP00279,USR0057,0,0,0,0,0,1,0,Senior Manager,0,1,1,Low,2026-02,0,Duplicate Invoice
TX0077918,2026-03-29,A074,HR,V0001,Invoice,509.07,Cheque,GBP,Approved,2025-05-03,INV00077918,EMP00392,USR0001,0,0,0,0,1,0,1,Department Manager,0,1,1,Low,2026-03,0,Invalid Posting Date
TX0077932,2026-03-28,A019,Operations,V0037,Invoice,605.13,Card,GBP,Approved,2025-05-29,INV00077932,EMP00452,USR0159,0,0,0,0,1,0,1,Department Manager,0,1,1,Low,2026-03,0,Invalid Posting Date
TX0077941,2025-08-19,A074,Sales,V0058,Invoice,2751.25,Bank Transfer,GBP,Pending,2025-08-23,INV00079809,EMP00089,USR0181,0,0,0,0,0,1,0,Senior Manager,0,1,1,Low,2025-08,0,Duplicate Invoice
TX0077956,2025-09-15,A058,Procurement,V0157,Payment,-887.44,Bank Transfer,GBP,Approved,2025-09-18,INV00077956,EMP00415,USR0150,0,0,0,1,0,0,0,Department Manager,0,1,1,Low,2025-09,0,Invalid Amount
TX0077960,2026-02-06,A033,IT,V0476,Invoice,7052.57,Cheque,USD,Approved,2026-02-09,INV00077960,EMP00224,USR0179,0,0,0,0,0,1,0,Senior Manager,0,1,1,Low,2026-02,1,Duplicate Invoice
TX0077964,2025-11-22,A040,Finance,V0374,Invoice,1959.34,Cheque,GBP,Pending,2025-11-25,INV00077964,,USR0107,0,1,0,0,0,0,0,Senior Manager,1,2,1,Medium,2025-11,0,Missing Approval
TX0077965,2026-03-18,A047,Procurement,V0115,Credit Note,2641.73,Bank Transfer,EUR,Approved,2026-03-24,INV00077965,EMP00451,USR0154,0,0,0,0,0,1,0,Senior Manager,0,1,1,Low,2026-03,0,Duplicate Invoice
TX0077993,2025-04-24,,Procurement,V0139,Invoice,658.62,Bank Transfer,GBP,Approved,2025-04-28,INV00077993,EMP00296,USR0178,0,0,1,0,0,0,0,Department Manager,0,1,1,Low,2025-04,0,Missing Account
TX0078016,2025-04-30,A034,Operations,V0271,Invoice,3659.91,Cheque,EUR,Approved,2025-05-05,INV00004646,EMP00122,USR0073,0,0,0,0,0,1,1,Senior Manager,0,1,1,Low,2025-04,0,Duplicate Invoice
TX0078034,2026-03-28,A073,Operations,V0431,Journal Entry,1734.07,Direct Debit,EUR,Approved,2026-02-26,INV00078034,EMP00225,USR0122,0,0,0,0,1,0,1,Senior Manager,0,1,1,Low,2026-03,0,Invalid Posting Date
TX0078044,2026-01-08,A031,Operations,V0097,Payment,2280.98,Direct Debit,USD,Rejected,2026-01-11,INV00078044,EMP00136,USR0159,0,0,0,0,0,1,0,Senior Manager,0,1,1,Low,2026-01,0,Duplicate Invoice
TX0078057,2025-08-04,A056,Procurement,V0474,Payment,594.64,Card,GBP,Approved,2025-08-10,INV00078057,EMP00222,USR0011,0,0,0,0,0,1,0,Department Manager,0,1,1,Low,2025-08,0,Duplicate Invoice
TX0078080,2026-03-26,A056,Sales,V0057,Invoice,616.95,Cheque,GBP,Approved,2026-04-02,INV00078080,,USR0010,0,1,0,0,0,0,0,Department Manager,0,1,1,Low,2026-03,0,No Exception
TX0078085,2026-03-30,A054,Marketing,V0041,Invoice,15528.66,Card,EUR,Approved,2025-08-14,INV00078085,EMP00087,USR0065,0,0,0,0,1,0,1,Finance Director,0,1,1,Medium,2026-03,1,Invalid Posting Date
TX0078088,2025-04-02,A053,IT,,Credit Note,1138.87,Bank Transfer,GBP,Approved,2025-04-06,INV00078088,EMP00138,USR0004,1,0,0,0,0,0,0,Senior Manager,0,1,1,Low,2025-04,0,Missing Vendor
TX0078120,2025-12-07,A040,Marketing,V0492,Invoice,3535.03,Bank Transfer,GBP,Approved,2025-12-11,INV00078120,,USR0027,0,1,0,0,0,0,0,Senior Manager,1,2,1,Medium,2025-12,0,Missing Approval
TX0078137,2026-03-28,A011,Procurement,V0322,Credit Note,711.16,Bank Transfer,USD,Rejected,2025-09-04,INV00078137,EMP00345,USR0080,0,0,0,0,1,0,1,Department Manager,0,1,1,Low,2026-03,0,Invalid Posting Date
TX0078138,2026-03-30,A021,HR,V0425,Invoice,2133.6,Card,EUR,Approved,2026-03-29,INV00078138,EMP00179,USR0150,0,0,0,0,1,0,1,Senior Manager,0,1,1,Low,2026-03,0,Invalid Posting Date
TX0078178,2025-07-15,A056,HR,,Payment,3356.17,Direct Debit,GBP,Rejected,2025-07-18,INV00078178,EMP00055,USR0064,1,0,0,0,0,0,0,Senior Manager,0,1,1,Low,2025-07,0,Missing Vendor
TX0078196,2025-12-08,A072,HR,V0044,Invoice,1708.45,Direct Debit,GBP,Rejected,2025-12-11,INV00069756,EMP00056,USR0119,0,0,0,0,0,1,0,Senior Manager,0,1,1,Low,2025-12,0,Duplicate Invoice
TX0078202,2025-07-29,A037,HR,V0047,Invoice,3772.6,Card,EUR,Rejected,2025-08-05,INV00078202,,USR0094,0,1,0,0,0,0,1,Senior Manager,1,2,1,Medium,2025-07,0,Missing Approval
TX0078204,2025-10-23,A004,Operations,V0169,Payment,789.9,Card,GBP,Rejected,2025-10-25,INV00078204,EMP00037,USR0190,0,0,0,0,0,1,0,Department Manager,0,1,1,Low,2025-10,0,Duplicate Invoice
TX0078213,2026-01-05,A004,Finance,V0094,Payment,2159.23,Cheque,GBP,Approved,2026-01-12,INV00078213,EMP00028,USR0149,0,0,0,0,0,1,0,Senior Manager,0,1,1,Low,2026-01,0,Duplicate Invoice
TX0078220,2026-03-29,A054,Finance,V0196,Journal Entry,143.93,Card,GBP,Approved,2025-06-18,INV00078220,EMP00257,USR0029,0,0,0,0,1,0,1,Department Manager,0,1,1,Low,2026-03,0,Invalid Posting Date
TX0078253,2026-03-28,A045,Finance,V0032,Payment,1071.62,Cheque,EUR,Rejected,2026-03-13,INV00078253,EMP00225,USR0078,0,0,0,0,1,0,1,Senior Manager,0,1,1,Low,2026-03,0,Invalid Posting Date
TX0078263,2025-07-15,A048,Sales,V0482,Invoice,475.02,Direct Debit,EUR,Approved,2025-07-21,INV00058754,EMP00494,USR0048,0,0,0,0,0,1,0,Department Manager,0,1,1,Low,2025-07,0,Duplicate Invoice
TX0078272,2026-03-20,A018,Procurement,V0309,Invoice,684.98,Cheque,GBP,Approved,2026-03-23,INV00078272,EMP00050,USR0191,0,0,0,0,0,1,0,Department Manager,0,1,1,Low,2026-03,0,Duplicate Invoice
TX0078284,2025-12-17,A053,Procurement,V0064,Invoice,107359.38,Card,GBP,Approved,2025-12-20,INV00019793,EMP00151,USR0168,0,0,0,0,0,1,0,Finance Director,0,1,1,High,2025-12,1,Duplicate Invoice
TX0078308,2026-03-20,A063,Sales,V0334,Payment,366.7,Card,EUR,Pending,2026-03-23,INV00056300,EMP00205,USR0073,0,0,0,0,0,1,0,Department Manager,0,1,1,Low,2026-03,0,Duplicate Invoice
TX0078330,2026-01-15,A040,IT,V0497,Journal Entry,-414.73,Bank Transfer,USD,Approved,2026-01-20,INV00078330,EMP00380,USR0192,0,0,0,1,0,0,0,Department Manager,0,1,1,Low,2026-01,0,Invalid Amount
TX0078331,2025-08-11,A062,HR,V0435,Invoice,245.63,Cheque,EUR,Approved,2025-08-11,INV00078331,EMP00500,USR0195,0,0,0,0,0,1,0,Department Manager,0,1,1,Low,2025-08,0,Duplicate Invoice
TX0078348,2026-03-29,A018,Finance,V0486,Payment,2924.63,Direct Debit,GBP,Pending,2025-04-09,INV00078348,EMP00068,USR0057,0,0,0,0,1,0,1,Senior Manager,0,1,1,Low,2026-03,0,Invalid Posting Date
TX0078385,2025-07-18,A004,Procurement,,Invoice,4601.69,Direct Debit,GBP,Approved,2025-07-25,INV00078385,EMP00042,USR0003,1,0,0,0,0,0,0,Senior Manager,0,1,1,Low,2025-07,0,Missing Vendor
TX0078402,2026-03-31,A045,Finance,V0269,Invoice,279.78,Cheque,GBP,Pending,2025-11-03,INV00078402,EMP00127,USR0048,0,0,0,0,1,0,1,Department Manager,0,1,1,Low,2026-03,0,Invalid Posting Date
TX0078433,2025-06-12,A065,Sales,V0144,Invoice,6054.48,Cheque,GBP,Rejected,2025-06-19,INV00066599,EMP00083,USR0121,0,0,0,0,0,1,0,Senior Manager,0,1,1,Low,2025-06,1,Duplicate Invoice
TX0078440,2025-12-19,A069,Procurement,V0106,Expense,1143.46,Card,USD,Approved,2025-12-22,INV00087071,EMP00396,USR0014,0,0,0,0,0,1,0,Senior Manager,0,1,1,Low,2025-12,0,Duplicate Invoice
TX0078450,2026-03-11,A049,HR,V0080,Credit Note,1239.82,Card,EUR,Pending,2026-03-14,INV00078450,EMP00075,USR0093,0,0,0,0,0,1,0,Senior Manager,0,1,1,Low,2026-03,0,Duplicate Invoice
TX0078463,2025-10-20,A071,IT,V0388,Journal Entry,3629.89,Bank Transfer,EUR,Pending,2025-10-19,INV00078463,EMP00081,USR0131,0,0,0,0,1,0,0,Senior Manager,0,1,1,Low,2025-10,0,Invalid Posting Date
TX0078469,2026-03-28,A037,Operations,V0390,Expense,6161.67,Card,USD,Approved,2025-12-10,INV00078469,EMP00259,USR0123,0,0,0,0,1,1,1,Senior Manager,0,2,1,Medium,2026-03,1,Duplicate Invoice
TX0078500,2026-01-12,A056,Operations,V0146,Invoice,2094.25,Cheque,USD,Approved,2026-01-10,INV00078500,EMP00218,USR0187,0,0,0,0,1,0,0,Senior Manager,0,1,1,Low,2026-01,0,Invalid Posting Date
TX0078620,2026-03-14,A071,Sales,V0150,Expense,259.72,Card,EUR,Pending,2026-03-15,INV00061549,EMP00231,USR0117,0,0,0,0,0,1,0,Department Manager,0,1,1,Low,2026-03,0,Duplicate Invoice
TX0078634,2025-08-28,A008,Operations,V0375,Expense,1708.57,Direct Debit,GBP,Approved,2025-08-29,INV00015496,EMP00174,USR0179,0,0,0,0,0,1,1,Senior Manager,0,1,1,Low,2025-08,0,Duplicate Invoice
TX0078638,2025-08-03,A032,Operations,V0335,Invoice,1291.07,Bank Transfer,GBP,Approved,2025-08-10,INV00078638,,USR0007,0,1,0,0,0,0,0,Senior Manager,1,2,1,Medium,2025-08,0,Missing Approval
TX0078656,2025-08-01,A074,Sales,V0368,Payment,2689.98,Bank Transfer,USD,Pending,2025-08-02,INV00078656,,USR0098,0,1,0,0,0,0,0,Senior Manager,1,2,1,Medium,2025-08,0,Missing Approval
TX0078701,2025-04-03,A068,Operations,V0027,Invoice,337.88,Bank Transfer,USD,Approved,2025-04-05,INV00078701,,USR0141,0,1,0,0,0,0,0,Department Manager,0,1,1,Low,2025-04,0,No Exception
TX0078716,2026-03-27,A018,Operations,V0484,Payment,7696.24,Bank Transfer,USD,Approved,2025-04-10,INV00078716,EMP00184,USR0101,0,0,0,0,1,0,1,Senior Manager,0,1,1,Low,2026-03,1,Invalid Posting Date
TX0078751,2025-12-05,,Procurement,V0037,Invoice,315.67,Direct Debit,GBP,Pending,2025-12-05,INV00078751,EMP00059,USR0103,0,0,1,0,0,0,0,Department Manager,0,1,1,Low,2025-12,0,Missing Account
TX0078763,2026-03-31,A075,HR,V0106,Expense,1263.11,Bank Transfer,GBP,Pending,2025-07-27,INV00078763,EMP00129,USR0159,0,0,0,0,1,0,1,Senior Manager,0,1,1,Low,2026-03,0,Invalid Posting Date
TX0078789,2025-09-26,A009,IT,V0141,Invoice,1976.07,Direct Debit,EUR,Approved,2025-10-02,INV00078789,EMP00324,USR0125,0,0,0,0,0,1,0,Senior Manager,0,1,1,Low,2025-09,0,Duplicate Invoice
TX0078804,2025-11-17,A054,Operations,V0288,Journal Entry,5883.05,Card,USD,Rejected,2025-11-17,INV00078804,EMP00006,USR0128,0,0,0,0,0,1,0,Senior Manager,0,1,1,Low,2025-11,1,Duplicate Invoice
TX0078856,2025-07-20,A039,HR,,Invoice,590.19,Cheque,EUR,Rejected,2025-07-26,INV00078856,EMP00403,USR0186,1,0,0,0,0,0,0,Department Manager,0,1,1,Low,2025-07,0,Missing Vendor
TX0078860,2025-10-28,A028,Operations,V0444,Payment,714.7,Card,EUR,Approved,2025-10-28,INV00007145,EMP00248,USR0060,0,0,0,0,0,1,1,Department Manager,0,1,1,Low,2025-10,0,Duplicate Invoice
TX0078864,2026-03-31,A038,IT,V0041,Payment,277.6,Card,GBP,Approved,2025-09-13,INV00078864,EMP00311,USR0112,0,0,0,0,1,0,1,Department Manager,0,1,1,Low,2026-03,0,Invalid Posting Date
TX0078899,2026-01-27,A057,IT,V0317,Expense,-137.29,Bank Transfer,EUR,Pending,2026-01-27,INV00078899,EMP00010,USR0121,0,0,0,1,0,0,1,Department Manager,0,1,1,Low,2026-01,0,Invalid Amount
TX0078934,2025-06-09,A032,Procurement,,Invoice,555.32,Direct Debit,USD,Approved,2025-06-15,INV00078934,EMP00283,USR0146,1,0,0,0,0,0,0,Department Manager,0,1,1,Low,2025-06,0,Missing Vendor
TX0078954,2025-06-02,A013,Sales,V0150,Invoice,1360.62,Card,GBP,Approved,2025-06-09,INV00078954,,USR0103,0,1,0,0,0,0,0,Senior Manager,1,2,1,Medium,2025-06,0,Missing Approval
TX0078958,2026-03-27,A072,IT,V0474,Invoice,443.04,Card,USD,Rejected,2026-03-06,INV00078958,EMP00211,USR0073,0,0,0,0,1,0,1,Department Manager,0,1,1,Low,2026-03,0,Invalid Posting Date
TX0079023,2026-02-24,A002,IT,V0184,Invoice,254.27,Direct Debit,USD,Approved,2026-02-25,INV00079023,EMP00465,USR0045,0,0,0,0,0,1,0,Department Manager,0,1,1,Low,2026-02,0,Duplicate Invoice
TX0079050,2026-03-31,A078,Sales,V0038,Expense,396.22,Cheque,USD,Pending,2025-11-01,INV00079050,EMP00253,USR0014,0,0,0,0,1,0,1,Department Manager,0,1,1,Low,2026-03,0,Invalid Posting Date
TX0079157,2025-11-19,A033,Finance,V0098,Invoice,973.22,Direct Debit,USD,Pending,2025-11-22,INV00079157,EMP00122,USR0076,0,0,0,0,0,1,0,Department Manager,0,1,1,Low,2025-11,0,Duplicate Invoice
TX0079169,2025-12-03,A009,Finance,V0137,Journal Entry,1447.1,Direct Debit,GBP,Approved,2025-12-06,INV00057863,EMP00430,USR0072,0,0,0,0,0,1,0,Senior Manager,0,1,1,Low,2025-12,0,Duplicate Invoice
TX0079176,2026-03-27,A014,Finance,V0153,Invoice,3620.28,Direct Debit,GBP,Pending,2025-12-16,INV00079176,EMP00323,USR0004,0,0,0,0,1,0,1,Senior Manager,0,1,1,Low,2026-03,0,Invalid Posting Date
TX0079177,2025-05-07,A007,Procurement,,Invoice,553.17,Cheque,GBP,Pending,2025-05-08,INV00079177,EMP00336,USR0077,1,0,0,0,0,0,0,Department Manager,0,1,1,Low,2025-05,0,Missing Vendor
TX0079235,2026-03-30,,Sales,V0494,Payment,3020.43,Bank Transfer,EUR,Approved,2026-04-05,INV00079235,EMP00127,USR0108,0,0,1,0,0,0,1,Senior Manager,0,1,1,Low,2026-03,0,Missing Account
TX0079257,2025-04-11,A051,Procurement,V0442,Credit Note,464.74,Card,GBP,Approved,2025-04-18,INV00074337,EMP00436,USR0107,0,0,0,0,0,1,0,Department Manager,0,1,1,Low,2025-04,0,Duplicate Invoice
TX0079278,2025-05-21,A043,Operations,V0312,Payment,3820.77,Direct Debit,EUR,Pending,2025-05-25,INV00079278,EMP00210,USR0174,0,0,0,0,0,1,0,Senior Manager,0,1,1,Low,2025-05,0,Duplicate Invoice
TX0079300,2026-03-12,A030,Sales,V0214,Invoice,1293.63,Card,EUR,Approved,2026-03-15,INV00079300,,USR0107,0,1,0,0,0,0,0,Senior Manager,1,2,1,Medium,2026-03,0,Missing Approval
TX0079321,2026-03-31,A009,Procurement,V0122,Journal Entry,3150.32,Direct Debit,GBP,Approved,2025-08-02,INV00079321,EMP00112,USR0179,0,0,0,0,1,0,1,Senior Manager,0,1,1,Low,2026-03,0,Invalid Posting Date
TX0079322,2025-05-07,A036,IT,V0478,Invoice,815.34,Cheque,GBP,Approved,2025-05-05,INV00079322,EMP00389,USR0065,0,0,0,0,1,0,0,Department Manager,0,1,1,Low,2025-05,0,Invalid Posting Date
TX0079343,2025-10-29,A050,IT,V0274,Invoice,177.29,Card,USD,Approved,2025-11-03,INV00079343,EMP00388,USR0007,0,0,0,0,0,1,1,Department Manager,0,1,1,Low,2025-10,0,Duplicate Invoice
TX0079349,2025-04-17,A043,Sales,,Journal Entry,308.59,Bank Transfer,EUR,Approved,2025-04-18,INV00079349,EMP00311,USR0030,1,0,0,0,0,0,0,Department Manager,0,1,1,Low,2025-04,0,Missing Vendor
TX0079360,2026-01-28,,Marketing,V0293,Credit Note,794.9,Direct Debit,GBP,Pending,2026-01-28,INV00079360,EMP00012,USR0151,0,0,1,0,0,0,1,Department Manager,0,1,1,Low,2026-01,0,Missing Account
TX0079369,2026-03-10,A054,Operations,V0012,Invoice,3789.78,Cheque,GBP,Rejected,2026-03-10,INV00079369,EMP00074,USR0004,0,0,0,0,0,1,0,Senior Manager,0,1,1,Low,2026-03,0,Duplicate Invoice
TX0079371,2025-11-29,A010,Marketing,V0430,Credit Note,507.89,Cheque,USD,Pending,2025-12-05,INV00079371,EMP00405,USR0020,0,0,0,0,0,1,1,Department Manager,0,1,1,Low,2025-11,0,Duplicate Invoice
TX0079375,2025-08-23,A079,Procurement,V0054,Credit Note,13520.83,Bank Transfer,GBP,Approved,2025-08-23,INV00098466,EMP00380,USR0146,0,0,0,0,0,1,0,Finance Director,0,1,1,Medium,2025-08,1,Duplicate Invoice
TX0079383,2026-03-28,A069,Marketing,V0204,Invoice,859.91,Direct Debit,GBP,Approved,2025-11-13,INV00079383,EMP00442,USR0062,0,0,0,0,1,0,1,Department Manager,0,1,1,Low,2026-03,0,Invalid Posting Date
TX0079389,2025-12-28,A025,Operations,,Expense,1483.45,Cheque,GBP,Approved,2026-01-01,INV00079389,EMP00310,USR0021,1,0,0,0,0,0,1,Senior Manager,0,1,1,Low,2025-12,0,Missing Vendor
TX0079397,2026-03-28,A006,Marketing,V0488,Credit Note,253.12,Card,GBP,Approved,2025-12-05,INV00079397,EMP00169,USR0141,0,0,0,0,1,0,1,Department Manager,0,1,1,Low,2026-03,0,Invalid Posting Date
TX0079398,2025-12-05,A058,Finance,V0348,Payment,81.55,Card,EUR,Pending,2025-12-09,INV00045466,EMP00306,USR0005,0,0,0,0,0,1,0,Department Manager,0,1,1,Low,2025-12,0,Duplicate Invoice
TX0079464,2026-03-29,A054,HR,V0436,Invoice,611.38,Card,GBP,Approved,2026-03-17,INV00079464,EMP00218,USR0191,0,0,0,0,1,0,1,Department Manager,0,1,1,Low,2026-03,0,Invalid Posting Date
TX0079494,2026-02-23,A067,Operations,V0186,Invoice,2767.27,Direct Debit,GBP,Rejected,2026-02-23,INV00051020,EMP00462,USR0060,0,0,0,0,0,1,0,Senior Manager,0,1,1,Low,2026-02,0,Duplicate Invoice
TX0079522,2025-10-20,A012,Finance,V0154,Credit Note,3206.34,Cheque,EUR,Approved,2025-10-21,INV00079522,,USR0122,0,1,0,0,0,0,0,Senior Manager,1,2,1,Medium,2025-10,0,Missing Approval
TX0079538,2026-03-20,A006,Finance,V0249,Credit Note,736.04,Card,GBP,Rejected,2026-03-26,INV00048460,EMP00030,USR0019,0,0,0,0,0,1,0,Department Manager,0,1,1,Low,2026-03,0,Duplicate Invoice
TX0079549,2026-03-30,A022,Operations,V0061,Journal Entry,1630.95,Cheque,GBP,Approved,2025-05-09,INV00079549,EMP00039,USR0139,0,0,0,0,1,0,1,Senior Manager,0,1,1,Low,2026-03,0,Invalid Posting Date
TX0079635,2025-07-21,A049,Procurement,V0027,Payment,-1300.73,Cheque,EUR,Pending,2025-07-23,INV00079635,EMP00261,USR0092,0,0,0,1,0,0,0,Senior Manager,0,1,1,Low,2025-07,0,Invalid Amount
TX0079652,2025-05-14,,Finance,V0041,Invoice,592.65,Cheque,EUR,Approved,2025-05-16,INV00079652,EMP00181,USR0040,0,0,1,0,0,0,0,Department Manager,0,1,1,Low,2025-05,0,Missing Account
TX0079673,2025-12-24,A047,Procurement,V0259,Credit Note,921.08,Card,USD,Approved,2025-12-28,INV00079673,,USR0033,0,1,0,0,0,0,0,Department Manager,0,1,1,Low,2025-12,0,No Exception
TX0079686,2026-03-28,A058,Finance,V0349,Payment,195.37,Card,GBP,Approved,2026-02-07,INV00079686,EMP00136,USR0161,0,0,0,0,1,0,1,Department Manager,0,1,1,Low,2026-03,0,Invalid Posting Date
TX0079714,2026-03-30,A057,IT,V0205,Invoice,11362.48,Direct Debit,GBP,Pending,2025-08-28,INV00079714,EMP00230,USR0159,0,0,0,0,1,0,1,Finance Director,0,1,1,Medium,2026-03,1,Invalid Posting Date
TX0079763,2026-02-04,A065,HR,V0174,Invoice,325.38,Direct Debit,GBP,Approved,2026-02-07,INV00073918,EMP00061,USR0149,0,0,0,0,0,1,0,Department Manager,0,1,1,Low,2026-02,0,Duplicate Invoice
TX0079786,2026-03-30,A007,IT,V0152,Journal Entry,945.26,Card,EUR,Rejected,2025-05-09,INV00079786,EMP00357,USR0045,0,0,0,0,1,0,1,Department Manager,0,1,1,Low,2026-03,0,Invalid Posting Date
TX0079809,2025-11-22,A013,Operations,V0069,Journal Entry,1849.78,Card,USD,Rejected,2025-11-29,INV00079809,EMP00229,USR0200,0,0,0,0,0,1,0,Senior Manager,0,1,1,Low,2025-11,0,Duplicate Invoice
TX0079820,2025-06-27,A017,Operations,V0367,Expense,195.51,Bank Transfer,GBP,Approved,2025-07-03,INV00039875,EMP00223,USR0143,0,0,0,0,0,1,1,Department Manager,0,1,1,Low,2025-06,0,Duplicate Invoice
TX0079837,2026-03-28,A023,Procurement,V0187,Expense,3543.05,Cheque,GBP,Approved,2025-04-08,INV00079837,EMP00125,USR0135,0,0,0,0,1,0,1,Senior Manager,0,1,1,Low,2026-03,0,Invalid Posting Date
TX0079844,2025-10-18,A002,IT,V0229,Expense,937.31,Card,GBP,Approved,2025-10-23,INV00079844,EMP00328,USR0032,0,0,0,0,0,1,0,Department Manager,0,1,1,Low,2025-10,0,Duplicate Invoice
TX0079850,2025-07-16,A077,Procurement,V0203,Credit Note,962.94,Direct Debit,GBP,Approved,2025-07-19,INV00013414,EMP00277,USR0004,0,0,0,0,0,1,0,Department Manager,0,1,1,Low,2025-07,0,Duplicate Invoice
TX0079876,2026-03-27,A057,Operations,V0474,Invoice,3940.68,Card,EUR,Pending,2025-10-31,INV00079876,EMP00303,USR0026,0,0,0,0,1,0,1,Senior Manager,0,1,1,Low,2026-03,0,Invalid Posting Date
TX0079893,2026-03-03,A023,Procurement,V0495,Journal Entry,4125.64,Cheque,GBP,Approved,2026-03-06,INV00079893,EMP00206,USR0034,0,0,0,0,0,1,0,Senior Manager,0,1,1,Low,2026-03,0,Duplicate Invoice
TX0079906,2025-12-01,A064,Sales,V0313,Payment,-3105.49,Cheque,USD,Approved,2025-12-08,INV00079906,EMP00088,USR0016,0,0,0,1,0,0,0,Senior Manager,0,1,1,Low,2025-12,0,Invalid Amount
TX0079939,2025-05-23,A036,Operations,,Invoice,1007.91,Bank Transfer,GBP,Approved,2025-05-29,INV00079939,EMP00222,USR0050,1,0,0,0,0,0,0,Senior Manager,0,1,1,Low,2025-05,0,Missing Vendor
TX0079961,2025-08-08,A078,Marketing,V0327,Invoice,997.44,Bank Transfer,EUR,Approved,2025-08-11,INV00079961,EMP00221,USR0063,0,0,0,0,0,1,0,Department Manager,0,1,1,Low,2025-08,0,Duplicate Invoice
TX0079967,2025-12-07,A067,Finance,V0215,Invoice,-5135.78,Cheque,GBP,Rejected,2025-12-07,INV00079967,EMP00236,USR0107,0,0,0,1,0,0,0,Senior Manager,0,1,1,Low,2025-12,0,Invalid Amount
TX0079995,2025-06-19,A020,Finance,V0194,Invoice,1553.59,Cheque,EUR,Rejected,2025-06-25,INV00079995,EMP00115,USR0108,0,0,0,0,0,1,0,Senior Manager,0,1,1,Low,2025-06,0,Duplicate Invoice
TX0080010,2026-03-29,A028,Marketing,V0249,Invoice,811.3,Cheque,EUR,Rejected,2026-03-01,INV00080010,EMP00083,USR0053,0,0,0,0,1,0,1,Department Manager,0,1,1,Low,2026-03,0,Invalid Posting Date
TX0080065,2025-04-22,A016,Operations,V0493,Invoice,245.78,Direct Debit,GBP,Rejected,2025-04-22,INV00001415,EMP00383,USR0128,0,0,0,0,0,1,0,Department Manager,0,1,1,Low,2025-04,0,Duplicate Invoice
TX0080099,2026-03-31,A040,Finance,V0482,Invoice,1218.1,Cheque,GBP,Approved,2025-09-17,INV00080099,EMP00472,USR0096,0,0,0,0,1,0,1,Senior Manager,0,1,1,Low,2026-03,0,Invalid Posting Date
TX0080114,2026-03-12,A055,Operations,V0168,Journal Entry,4075.88,Card,USD,Approved,2026-03-19,INV00018242,EMP00392,USR0059,0,0,0,0,0,1,0,Senior Manager,0,1,1,Low,2026-03,0,Duplicate Invoice
TX0080128,2025-04-10,A020,Procurement,V0382,Payment,1664.02,Cheque,EUR,Rejected,2025-04-15,INV00080128,EMP00075,USR0124,0,0,0,0,0,1,0,Senior Manager,0,1,1,Low,2025-04,0,Duplicate Invoice
TX0080129,2025-12-28,A072,Procurement,V0468,Invoice,1199.36,Bank Transfer,USD,Approved,2026-01-03,INV00001222,EMP00171,USR0035,0,0,0,0,0,1,1,Senior Manager,0,1,1,Low,2025-12,0,Duplicate Invoice
TX0080167,2025-09-08,A036,IT,V0100,Invoice,628.09,Cheque,GBP,Rejected,2025-09-13,INV00080167,EMP00124,USR0168,0,0,0,0,0,1,0,Department Manager,0,1,1,Low,2025-09,0,Duplicate Invoice
TX0080184,2025-08-29,A028,IT,V0346,Journal Entry,218.64,Direct Debit,GBP,Pending,2025-08-27,INV00080184,EMP00166,USR0181,0,0,0,0,1,0,1,Department Manager,0,1,1,Low,2025-08,0,Invalid Posting Date
TX0080185,2025-07-12,A068,Marketing,V0019,Payment,1047.48,Card,GBP,Approved,2025-07-13,INV00080185,EMP00195,USR0083,0,0,0,0,0,1,0,Senior Manager,0,1,1,Low,2025-07,0,Duplicate Invoice
TX0080187,2025-08-19,A038,Operations,V0192,Invoice,288.77,Direct Debit,EUR,Pending,2025-08-19,INV00028922,EMP00017,USR0071,0,0,0,0,0,1,0,Department Manager,0,1,1,Low,2025-08,0,Duplicate Invoice
TX0080297,2025-11-29,A047,Procurement,V0079,Invoice,322.76,Bank Transfer,GBP,Approved,2025-12-04,INV00080297,EMP00404,USR0109,0,0,0,0,0,1,1,Department Manager,0,1,1,Low,2025-11,0,Duplicate Invoice
TX0080327,2026-02-21,A017,IT,V0058,Invoice,4437.49,Cheque,GBP,Rejected,2026-02-26,INV00040989,EMP00090,USR0087,0,0,0,0,0,1,0,Senior Manager,0,1,1,Low,2026-02,0,Duplicate Invoice
TX0080344,2026-03-30,A065,IT,V0207,Invoice,1965.57,Bank Transfer,GBP,Approved,2025-09-13,INV00080344,EMP00280,USR0030,0,0,0,0,1,0,1,Senior Manager,0,1,1,Low,2026-03,0,Invalid Posting Date
TX0080364,2026-03-23,A021,Procurement,V0322,Payment,4821.16,Bank Transfer,GBP,Pending,2026-03-24,INV00064846,EMP00186,USR0059,0,0,0,0,0,1,0,Senior Manager,0,1,1,Low,2026-03,0,Duplicate Invoice
TX0080390,2025-06-21,A029,Finance,V0374,Credit Note,418.54,Card,USD,Approved,2025-06-18,INV00080390,EMP00445,USR0003,0,0,0,0,1,0,0,Department Manager,0,1,1,Low,2025-06,0,Invalid Posting Date
TX0080411,2026-03-30,A026,Procurement,V0346,Payment,358.98,Cheque,GBP,Pending,2026-01-20,INV00080411,EMP00150,USR0038,0,0,0,0,1,0,1,Department Manager,0,1,1,Low,2026-03,0,Invalid Posting Date
TX0080435,2025-07-08,A040,Finance,V0192,Expense,1219.3,Card,EUR,Approved,2025-07-15,INV00080435,,USR0156,0,1,0,0,0,0,0,Senior Manager,1,2,1,Medium,2025-07,0,Missing Approval
TX0080466,2025-09-26,A072,Finance,V0262,Payment,458.7,Cheque,GBP,Rejected,2025-09-22,INV00080466,EMP00199,USR0163,0,0,0,0,1,0,0,Department Manager,0,1,1,Low,2025-09,0,Invalid Posting Date
TX0080479,2026-03-30,A026,Marketing,V0397,Invoice,3555.55,Card,USD,Approved,2025-08-28,INV00080479,EMP00324,USR0030,0,0,0,0,1,0,1,Senior Manager,0,1,1,Low,2026-03,0,Invalid Posting Date
TX0080505,2026-02-24,A030,Operations,V0203,Invoice,241.52,Cheque,GBP,Approved,2026-03-01,INV00002105,EMP00487,USR0025,0,0,0,0,0,1,0,Department Manager,0,1,1,Low,2026-02,0,Duplicate Invoice
TX0080510,2026-03-30,A057,Operations,V0016,Invoice,3729.9,Bank Transfer,USD,Approved,2025-05-02,INV00080510,EMP00121,USR0165,0,0,0,0,1,0,1,Senior Manager,0,1,1,Low,2026-03,0,Invalid Posting Date
TX0080538,2025-05-21,A006,HR,V0065,Invoice,3126.59,Cheque,GBP,Rejected,2025-05-22,INV00095800,EMP00005,USR0070,0,0,0,0,0,1,0,Senior Manager,0,1,1,Low,2025-05,0,Duplicate Invoice
TX0080542,2025-09-13,A010,HR,V0064,Invoice,244.47,Card,EUR,Approved,2025-09-20,INV00091958,EMP00483,USR0046,0,0,0,0,0,1,0,Department Manager,0,1,1,Low,2025-09,0,Duplicate Invoice
TX0080559,2026-02-17,A054,Operations,V0072,Invoice,6237.54,Direct Debit,EUR,Rejected,2026-02-17,INV00069229,EMP00285,USR0199,0,0,0,0,0,1,0,Senior Manager,0,1,1,Low,2026-02,1,Duplicate Invoice
TX0080574,2025-05-24,A007,Operations,V0077,Payment,29446.94,Direct Debit,GBP,Approved,2025-05-30,INV00080574,EMP00473,USR0068,0,0,0,0,0,1,0,Finance Director,0,1,1,Medium,2025-05,1,Duplicate Invoice
TX0080575,2026-03-28,A004,Operations,V0135,Credit Note,1566.9,Cheque,GBP,Approved,2025-06-04,INV00080575,EMP00335,USR0196,0,0,0,0,1,0,1,Senior Manager,0,1,1,Low,2026-03,0,Invalid Posting Date
TX0080581,2025-09-20,A056,Operations,V0054,Expense,289.44,Cheque,GBP,Pending,2025-09-21,INV00080581,,USR0036,0,1,0,0,0,0,0,Department Manager,0,1,1,Low,2025-09,0,No Exception
TX0080596,2025-06-29,A050,Finance,V0118,Invoice,440.05,Bank Transfer,GBP,Approved,2025-07-02,INV00080596,EMP00234,USR0008,0,0,0,0,0,1,1,Department Manager,0,1,1,Low,2025-06,0,Duplicate Invoice
TX0080607,2026-02-26,A005,Procurement,V0485,Expense,157.74,Direct Debit,EUR,Approved,2026-02-28,INV00066030,EMP00218,USR0119,0,0,0,0,0,1,0,Department Manager,0,1,1,Low,2026-02,0,Duplicate Invoice
TX0080647,2025-12-31,A015,Finance,V0365,Invoice,1571.15,Direct Debit,GBP,Pending,2026-01-01,INV00084334,EMP00218,USR0091,0,0,0,0,0,1,1,Senior Manager,0,1,1,Low,2025-12,0,Duplicate Invoice
TX0080648,2025-07-19,A049,Marketing,V0010,Journal Entry,1383.6,Cheque,USD,Pending,2025-07-25,INV00080648,EMP00387,USR0161,0,0,0,0,0,1,0,Senior Manager,0,1,1,Low,2025-07,0,Duplicate Invoice
TX0080682,2026-03-31,A077,Procurement,V0499,Credit Note,10617.13,Cheque,EUR,Approved,2025-11-05,INV00080682,EMP00085,USR0056,0,0,0,0,1,0,1,Finance Director,0,1,1,Medium,2026-03,1,Invalid Posting Date
TX0080751,2026-03-02,A078,Operations,V0356,Journal Entry,1570.08,Card,EUR,Pending,2026-03-06,INV00080751,EMP00034,USR0031,0,0,0,0,0,1,0,Senior Manager,0,1,1,Low,2026-03,0,Duplicate Invoice
TX0080782,2025-07-16,A005,Sales,V0221,Invoice,1859.12,Card,USD,Approved,2025-07-16,INV00080782,,USR0139,0,1,0,0,0,0,0,Senior Manager,1,2,1,Medium,2025-07,0,Missing Approval
TX0080787,2025-05-27,A018,Marketing,V0050,Credit Note,-168.42,Bank Transfer,GBP,Rejected,2025-05-28,INV00080787,EMP00428,USR0064,0,0,0,1,0,0,1,Department Manager,0,1,1,Low,2025-05,0,Invalid Amount
TX0080818,2026-01-28,A008,Finance,V0205,Invoice,1865.39,Direct Debit,GBP,Approved,2026-01-25,INV00080818,EMP00214,USR0178,0,0,0,0,1,0,1,Senior Manager,0,1,1,Low,2026-01,0,Invalid Posting Date
TX0080820,2026-01-31,A078,Marketing,V0481,Invoice,-6513.3,Card,USD,Approved,2026-02-06,INV00080820,EMP00243,USR0106,0,0,0,1,0,0,1,Senior Manager,0,1,1,Low,2026-01,0,Invalid Amount
TX0080829,2026-02-08,A013,Procurement,V0464,Payment,391.76,Direct Debit,GBP,Pending,2026-02-08,INV00080829,EMP00424,USR0162,0,0,0,0,0,1,0,Department Manager,0,1,1,Low,2026-02,0,Duplicate Invoice
TX0080832,2025-08-31,A033,Operations,V0178,Expense,3108.39,Bank Transfer,USD,Approved,2025-08-31,INV00011447,,USR0003,0,1,0,0,0,1,1,Senior Manager,1,3,1,High,2025-08,0,Duplicate Invoice
TX0080848,2026-03-28,A021,Sales,V0036,Journal Entry,1273.33,Bank Transfer,GBP,Approved,2025-09-02,INV00080848,EMP00266,USR0116,0,0,0,0,1,0,1,Senior Manager,0,1,1,Low,2026-03,0,Invalid Posting Date
TX0080886,2025-05-31,A064,Operations,V0113,Payment,3987.21,Bank Transfer,USD,Pending,2025-06-04,INV00062787,EMP00430,USR0142,0,0,0,0,0,1,1,Senior Manager,0,1,1,Low,2025-05,0,Duplicate Invoice
TX0080903,2025-05-09,A023,Sales,,Payment,318.21,Cheque,EUR,Approved,2025-05-12,INV00080903,EMP00065,USR0119,1,0,0,0,0,0,0,Department Manager,0,1,1,Low,2025-05,0,Missing Vendor
TX0080918,2025-04-04,A035,IT,V0334,Invoice,5602.33,Bank Transfer,USD,Rejected,2025-04-07,INV00080918,EMP00438,USR0157,0,0,0,0,0,1,0,Senior Manager,0,1,1,Low,2025-04,0,Duplicate Invoice
TX0080919,2025-11-07,A020,Procurement,V0002,Invoice,335.88,Cheque,GBP,Approved,2025-11-08,INV00080919,,USR0189,0,1,0,0,0,0,0,Department Manager,0,1,1,Low,2025-11,0,No Exception
TX0080921,2025-04-22,A046,IT,V0374,Expense,77.67,Direct Debit,GBP,Approved,2025-04-28,INV00017673,EMP00122,USR0067,0,0,0,0,0,1,0,Department Manager,0,1,1,Low,2025-04,0,Duplicate Invoice
TX0080923,2026-03-31,A008,Marketing,V0132,Invoice,1212.87,Direct Debit,USD,Rejected,2025-07-18,INV00080923,EMP00283,USR0115,0,0,0,0,1,0,1,Senior Manager,0,1,1,Low,2026-03,0,Invalid Posting Date
TX0080927,2026-03-07,A040,IT,V0216,Journal Entry,841.21,Bank Transfer,GBP,Approved,2026-03-10,INV00031592,EMP00142,USR0035,0,0,0,0,0,1,0,Department Manager,0,1,1,Low,2026-03,0,Duplicate Invoice
TX0080939,2026-03-01,A058,Procurement,V0260,Invoice,667.8,Direct Debit,GBP,Approved,2026-03-05,INV00086547,EMP00293,USR0181,0,0,0,0,0,1,0,Department Manager,0,1,1,Low,2026-03,0,Duplicate Invoice
TX0080961,2025-10-08,A011,Sales,,Expense,363.44,Direct Debit,GBP,Approved,2025-10-11,INV00080961,EMP00131,USR0113,1,0,0,0,0,0,0,Department Manager,0,1,1,Low,2025-10,0,Missing Vendor
TX0080977,2025-10-12,A045,HR,V0005,Payment,645.14,Cheque,GBP,Pending,2025-10-10,INV00080977,EMP00213,USR0004,0,0,0,0,1,0,0,Department Manager,0,1,1,Low,2025-10,0,Invalid Posting Date
TX0080985,2025-05-29,A037,Finance,V0411,Expense,251.23,Bank Transfer,EUR,Approved,2025-05-26,INV00080985,EMP00373,USR0032,0,0,0,0,1,0,1,Department Manager,0,1,1,Low,2025-05,0,Invalid Posting Date
TX0080986,2026-03-28,A046,IT,V0274,Expense,2123.7,Card,EUR,Approved,2025-09-24,INV00080986,EMP00178,USR0012,0,0,0,0,1,0,1,Senior Manager,0,1,1,Low,2026-03,0,Invalid Posting Date
TX0080988,2025-08-04,A047,Procurement,,Invoice,957.6,Card,GBP,Rejected,2025-08-10,INV00080988,EMP00023,USR0067,1,0,0,0,0,0,0,Department Manager,0,1,1,Low,2025-08,0,Missing Vendor
TX0080992,2026-03-14,A014,IT,V0395,Journal Entry,5278.58,Bank Transfer,GBP,Approved,2026-03-17,INV00080992,,USR0067,0,1,0,0,0,0,0,Senior Manager,1,2,1,Medium,2026-03,0,Missing Approval
TX0081023,2025-08-07,A019,IT,V0229,Invoice,4112.7,Cheque,GBP,Pending,2025-08-14,INV00081023,,USR0029,0,1,0,0,0,0,0,Senior Manager,1,2,1,Medium,2025-08,0,Missing Approval
TX0081036,2025-11-13,A062,Sales,V0086,Payment,1496.16,Cheque,EUR,Approved,2025-11-17,INV00081036,EMP00439,USR0089,0,0,0,0,0,1,0,Senior Manager,0,1,1,Low,2025-11,0,Duplicate Invoice
TX0081066,2026-01-25,A073,Operations,V0315,Invoice,1101.28,Bank Transfer,GBP,Approved,2026-01-28,INV00031632,EMP00151,USR0136,0,0,0,0,0,1,0,Senior Manager,0,1,1,Low,2026-01,0,Duplicate Invoice
TX0081079,2026-03-31,A012,IT,V0263,Payment,661.24,Bank Transfer,GBP,Approved,2025-04-29,INV00081079,EMP00203,USR0143,0,0,0,0,1,0,1,Department Manager,0,1,1,Low,2026-03,0,Invalid Posting Date
TX0081106,2026-03-27,A037,Sales,V0003,Invoice,164.68,Bank Transfer,EUR,Rejected,2025-10-25,INV00081106,EMP00256,USR0003,0,0,0,0,1,0,1,Department Manager,0,1,1,Low,2026-03,0,Invalid Posting Date
TX0081144,2025-07-03,A055,Operations,V0277,Credit Note,2256.18,Card,EUR,Approved,2025-07-04,INV00081144,EMP00172,USR0139,0,0,0,0,0,1,0,Senior Manager,0,1,1,Low,2025-07,0,Duplicate Invoice
TX0081154,2026-03-28,A051,Procurement,V0495,Expense,5653.9,Direct Debit,USD,Rejected,2025-10-20,INV00081154,EMP00034,USR0098,0,0,0,0,1,0,1,Senior Manager,0,1,1,Low,2026-03,0,Invalid Posting Date
TX0081168,2026-03-27,A018,Procurement,V0296,Payment,367.43,Card,GBP,Approved,2025-09-30,INV00081168,EMP00071,USR0032,0,0,0,0,1,0,1,Department Manager,0,1,1,Low,2026-03,0,Invalid Posting Date
TX0081170,2025-11-14,A070,Finance,,Invoice,4748.29,Bank Transfer,GBP,Approved,2025-11-20,INV00081170,EMP00235,USR0154,1,0,0,0,0,0,0,Senior Manager,0,1,1,Low,2025-11,0,Missing Vendor
TX0081176,2025-07-28,A063,IT,V0462,Invoice,2721.45,Bank Transfer,GBP,Approved,2025-08-02,INV00081176,,USR0180,0,1,0,0,0,0,1,Senior Manager,1,2,1,Medium,2025-07,0,Missing Approval
TX0081202,2026-03-27,A077,IT,V0297,Invoice,186.38,Card,GBP,Pending,2025-10-24,INV00081202,EMP00154,USR0026,0,0,0,0,1,0,1,Department Manager,0,1,1,Low,2026-03,0,Invalid Posting Date
TX0081204,2026-03-29,A024,Sales,V0082,Invoice,193.2,Bank Transfer,USD,Rejected,2025-06-28,INV00081204,EMP00208,USR0153,0,0,0,0,1,0,1,Department Manager,0,1,1,Low,2026-03,0,Invalid Posting Date
TX0081218,2025-10-31,A070,Finance,V0333,Invoice,839.95,Direct Debit,USD,Pending,2025-10-28,INV00081218,EMP00009,USR0059,0,0,0,0,1,0,1,Department Manager,0,1,1,Low,2025-10,0,Invalid Posting Date
TX0081263,2026-03-30,A036,Finance,V0140,Invoice,2319.4,Cheque,GBP,Approved,2025-09-08,INV00081263,EMP00461,USR0154,0,0,0,0,1,0,1,Senior Manager,0,1,1,Low,2026-03,0,Invalid Posting Date
TX0081276,2025-09-19,A002,Marketing,V0002,Invoice,1020.14,Card,USD,Rejected,2025-09-16,INV00081276,EMP00403,USR0037,0,0,0,0,1,0,0,Senior Manager,0,1,1,Low,2025-09,0,Invalid Posting Date
TX0081294,2025-11-07,A020,IT,V0362,Invoice,10226.89,Cheque,USD,Approved,2025-11-10,INV00081294,,USR0103,0,1,0,0,0,0,0,Finance Director,1,2,1,Medium,2025-11,1,Missing Approval
TX0081323,2026-03-31,A024,Procurement,V0248,Invoice,886.72,Cheque,GBP,Approved,2025-07-11,INV00081323,EMP00314,USR0054,0,0,0,0,1,0,1,Department Manager,0,1,1,Low,2026-03,0,Invalid Posting Date
TX0081328,2025-12-08,A047,Sales,V0056,Invoice,926.56,Cheque,GBP,Approved,2025-12-14,INV00084866,EMP00100,USR0153,0,0,0,0,0,1,0,Department Manager,0,1,1,Low,2025-12,0,Duplicate Invoice
TX0081347,2025-09-12,A016,IT,V0117,Payment,2778.01,Card,GBP,Pending,2025-09-12,INV00081347,EMP00410,USR0026,0,0,0,0,0,1,0,Senior Manager,0,1,1,Low,2025-09,0,Duplicate Invoice
TX0081431,2026-02-18,A001,Procurement,V0480,Payment,4939.49,Bank Transfer,GBP,Approved,2026-02-25,INV00081431,,USR0005,0,1,0,0,0,0,0,Senior Manager,1,2,1,Medium,2026-02,0,Missing Approval
TX0081457,2026-03-30,A043,IT,V0211,Payment,1948.44,Card,GBP,Approved,2025-04-09,INV00081457,EMP00167,USR0021,0,0,0,0,1,0,1,Senior Manager,0,1,1,Low,2026-03,0,Invalid Posting Date
TX0081473,2026-03-31,A053,HR,V0362,Invoice,1727.45,Direct Debit,GBP,Approved,2025-04-28,INV00081473,EMP00152,USR0057,0,0,0,0,1,0,1,Senior Manager,0,1,1,Low,2026-03,0,Invalid Posting Date
TX0081497,2025-10-02,A004,Sales,,Invoice,578.41,Cheque,GBP,Rejected,2025-10-02,INV00081497,EMP00404,USR0185,1,0,0,0,0,0,0,Department Manager,0,1,1,Low,2025-10,0,Missing Vendor
TX0081501,2025-12-27,A052,HR,V0479,Journal Entry,330.5,Card,USD,Approved,2025-12-23,INV00081501,EMP00268,USR0107,0,0,0,0,1,0,1,Department Manager,0,1,1,Low,2025-12,0,Invalid Posting Date
TX0081507,2025-11-15,A005,Operations,V0403,Payment,1027.69,Cheque,GBP,Pending,2025-11-20,INV00029776,EMP00116,USR0012,0,0,0,0,0,1,0,Senior Manager,0,1,1,Low,2025-11,0,Duplicate Invoice
TX0081516,2025-09-22,A023,HR,V0448,Invoice,502.71,Card,USD,Approved,2025-09-29,INV00081516,,USR0105,0,1,0,0,0,0,0,Department Manager,0,1,1,Low,2025-09,0,No Exception
TX0081531,2025-07-25,A070,Procurement,V0243,Invoice,7614.22,Bank Transfer,GBP,Rejected,2025-07-26,INV00037630,EMP00263,USR0149,0,0,0,0,0,1,0,Senior Manager,0,1,1,Low,2025-07,1,Duplicate Invoice
TX0081546,2026-01-23,A021,Operations,V0282,Invoice,4382.93,Cheque,GBP,Approved,2026-01-30,INV00081546,,USR0014,0,1,0,0,0,0,0,Senior Manager,1,2,1,Medium,2026-01,0,Missing Approval
TX0081548,2026-03-31,A027,Operations,V0418,Invoice,403.69,Bank Transfer,EUR,Approved,2025-12-01,INV00081548,EMP00350,USR0144,0,0,0,0,1,0,1,Department Manager,0,1,1,Low,2026-03,0,Invalid Posting Date
TX0081558,2025-07-19,A025,IT,V0309,Invoice,4894.67,Card,USD,Rejected,2025-07-26,INV00081558,,USR0053,0,1,0,0,0,0,0,Senior Manager,1,2,1,Medium,2025-07,0,Missing Approval
TX0081582,2025-06-01,A077,Finance,V0338,Credit Note,15888.5,Card,GBP,Approved,2025-06-02,INV00081582,EMP00038,USR0015,0,0,0,0,0,1,0,Finance Director,0,1,1,Medium,2025-06,1,Duplicate Invoice
TX0081584,2025-09-07,A075,Finance,V0430,Invoice,952.4,Card,EUR,Pending,2025-09-09,INV00031197,EMP00286,USR0199,0,0,0,0,0,1,0,Department Manager,0,1,1,Low,2025-09,0,Duplicate Invoice
TX0081627,2025-09-22,A025,HR,V0111,Credit Note,1576.48,Cheque,EUR,Rejected,2025-09-28,INV00081627,,USR0114,0,1,0,0,0,0,0,Senior Manager,1,2,1,Medium,2025-09,0,Missing Approval
TX0081637,2026-03-27,A060,IT,V0474,Payment,1134.28,Card,USD,Pending,2025-05-30,INV00081637,EMP00079,USR0049,0,0,0,0,1,0,1,Senior Manager,0,1,1,Low,2026-03,0,Invalid Posting Date
TX0081672,2026-03-29,A030,IT,V0022,Expense,325.37,Cheque,GBP,Rejected,2025-08-21,INV00081672,EMP00461,USR0110,0,0,0,0,1,0,1,Department Manager,0,1,1,Low,2026-03,0,Invalid Posting Date
TX0081762,2026-02-15,A034,HR,,Payment,596.09,Direct Debit,GBP,Pending,2026-02-19,INV00081762,EMP00250,USR0085,1,0,0,0,0,0,0,Department Manager,0,1,1,Low,2026-02,0,Missing Vendor
TX0081763,2025-04-26,A050,Operations,V0383,Invoice,-84.87,Card,GBP,Approved,2025-04-26,INV00081763,EMP00174,USR0112,0,0,0,1,0,0,0,Department Manager,0,1,1,Low,2025-04,0,Invalid Amount
TX0081773,2025-09-02,A051,Procurement,V0352,Invoice,4193.41,Cheque,GBP,Pending,2025-09-09,INV00081773,EMP00388,USR0074,0,0,0,0,0,1,0,Senior Manager,0,1,1,Low,2025-09,0,Duplicate Invoice
TX0081817,2025-05-14,A040,IT,,Journal Entry,3130.17,Card,GBP,Approved,2025-05-14,INV00081817,EMP00488,USR0123,1,0,0,0,0,0,0,Senior Manager,0,1,1,Low,2025-05,0,Missing Vendor
TX0081818,2025-10-26,A049,IT,V0044,Expense,496.19,Bank Transfer,USD,Rejected,2025-10-30,INV00081818,,USR0164,0,1,0,0,0,0,0,Department Manager,0,1,1,Low,2025-10,0,No Exception
TX0081824,2025-04-04,A069,Operations,V0250,Expense,7134.4,Card,GBP,Approved,2025-04-09,INV00081824,EMP00262,USR0090,0,0,0,0,0,1,0,Senior Manager,0,1,1,Low,2025-04,1,Duplicate Invoice
TX0081857,2025-08-23,A043,Operations,V0235,Invoice,3393.95,Direct Debit,GBP,Approved,2025-08-28,INV00081857,,USR0129,0,1,0,0,0,0,0,Senior Manager,1,2,1,Medium,2025-08,0,Missing Approval
TX0081947,2026-03-31,A065,IT,V0176,Credit Note,1470.49,Cheque,EUR,Approved,2025-12-21,INV00081947,EMP00208,USR0153,0,0,0,0,1,0,1,Senior Manager,0,1,1,Low,2026-03,0,Invalid Posting Date
TX0081958,2026-03-29,A061,Procurement,V0067,Invoice,2717.02,Cheque,GBP,Approved,2025-04-18,INV00081958,EMP00489,USR0003,0,0,0,0,1,0,1,Senior Manager,0,1,1,Low,2026-03,0,Invalid Posting Date
TX0081993,2025-04-03,A055,Operations,V0252,Invoice,793.53,Direct Debit,EUR,Approved,2025-04-03,INV00081993,EMP00092,USR0043,0,0,0,0,0,1,0,Department Manager,0,1,1,Low,2025-04,0,Duplicate Invoice
TX0081996,2025-10-23,A040,HR,V0396,Journal Entry,392.1,Direct Debit,GBP,Approved,2025-10-30,INV00081996,EMP00499,USR0161,0,0,0,0,0,1,0,Department Manager,0,1,1,Low,2025-10,0,Duplicate Invoice
TX0081997,2025-10-11,A046,Operations,V0168,Payment,-599.06,Direct Debit,GBP,Approved,2025-10-17,INV00081997,EMP00088,USR0134,0,0,0,1,0,0,0,Department Manager,0,1,1,Low,2025-10,0,Invalid Amount
TX0082025,2025-11-22,A038,Sales,V0384,Invoice,1400.57,Bank Transfer,EUR,Pending,2025-11-27,INV00005074,EMP00441,USR0049,0,0,0,0,0,1,0,Senior Manager,0,1,1,Low,2025-11,0,Duplicate Invoice
TX0082069,2026-03-28,A025,Finance,V0245,Credit Note,1115.92,Bank Transfer,GBP,Rejected,2026-03-10,INV00082069,EMP00234,USR0140,0,0,0,0,1,0,1,Senior Manager,0,1,1,Low,2026-03,0,Invalid Posting Date
TX0082082,2025-08-31,A072,Operations,,Journal Entry,4703.36,Cheque,GBP,Approved,2025-09-04,INV00082082,EMP00473,USR0110,1,0,0,0,0,0,1,Senior Manager,0,1,1,Low,2025-08,0,Missing Vendor
TX0082091,2026-02-11,,IT,V0193,Journal Entry,129.76,Card,GBP,Approved,2026-02-11,INV00082091,EMP00450,USR0070,0,0,1,0,0,0,0,Department Manager,0,1,1,Low,2026-02,0,Missing Account
TX0082119,2026-03-29,A008,Finance,V0455,Expense,1060.0,Cheque,GBP,Rejected,2025-10-06,INV00082119,EMP00169,USR0081,0,0,0,0,1,0,1,Senior Manager,0,1,1,Low,2026-03,0,Invalid Posting Date
TX0082121,2026-03-31,A002,Finance,V0317,Journal Entry,4396.8,Cheque,GBP,Approved,2025-05-19,INV00082121,EMP00318,USR0148,0,0,0,0,1,0,1,Senior Manager,0,1,1,Low,2026-03,0,Invalid Posting Date
TX0082128,2025-05-29,A055,Procurement,V0198,Payment,4731.61,Direct Debit,GBP,Approved,2025-06-01,INV00012534,EMP00277,USR0188,0,0,0,0,0,1,1,Senior Manager,0,1,1,Low,2025-05,0,Duplicate Invoice
TX0082140,2026-03-31,A004,Sales,V0245,Invoice,6284.95,Cheque,USD,Pending,2025-10-16,INV00082140,,USR0150,0,1,0,0,1,0,1,Senior Manager,1,3,1,High,2026-03,1,Missing Approval
TX0082150,2025-10-19,A034,IT,V0054,Credit Note,802.23,Card,GBP,Approved,2025-10-21,INV00082150,EMP00298,USR0148,0,0,0,0,0,1,0,Department Manager,0,1,1,Low,2025-10,0,Duplicate Invoice
TX0082151,2025-07-18,A010,Procurement,V0212,Journal Entry,535.41,Card,EUR,Approved,2025-07-18,INV00082151,,USR0109,0,1,0,0,0,0,0,Department Manager,0,1,1,Low,2025-07,0,No Exception
TX0082159,2025-07-06,A006,IT,V0487,Payment,2437.84,Card,EUR,Approved,2025-07-08,INV00080167,EMP00022,USR0035,0,0,0,0,0,1,0,Senior Manager,0,1,1,Low,2025-07,0,Duplicate Invoice
TX0082163,2026-03-30,A061,Operations,V0249,Invoice,476.91,Cheque,EUR,Approved,2026-02-01,INV00082163,EMP00127,USR0137,0,0,0,0,1,0,1,Department Manager,0,1,1,Low,2026-03,0,Invalid Posting Date
TX0082188,2026-03-04,A054,IT,V0161,Invoice,-762.95,Direct Debit,GBP,Approved,2026-03-10,INV00082188,EMP00374,USR0027,0,0,0,1,0,0,0,Department Manager,0,1,1,Low,2026-03,0,Invalid Amount
TX0082193,2025-11-25,A028,Operations,V0056,Expense,1555.82,Cheque,GBP,Approved,2025-11-30,INV00082193,EMP00013,USR0096,0,0,0,0,0,1,0,Senior Manager,0,1,1,Low,2025-11,0,Duplicate Invoice
TX0082200,2025-10-05,A062,Sales,V0163,Payment,851.02,Direct Debit,GBP,Approved,2025-10-05,INV00082200,EMP00210,USR0022,0,0,0,0,0,1,0,Department Manager,0,1,1,Low,2025-10,0,Duplicate Invoice
TX0082207,2026-03-29,A059,IT,V0489,Expense,30677.64,Cheque,GBP,Pending,2025-09-29,INV00082207,EMP00032,USR0199,0,0,0,0,1,0,1,Finance Director,0,1,1,Medium,2026-03,1,Invalid Posting Date
TX0082213,2025-06-21,A020,HR,,Invoice,2176.42,Cheque,EUR,Pending,2025-06-22,INV00082213,EMP00163,USR0164,1,0,0,0,0,0,0,Senior Manager,0,1,1,Low,2025-06,0,Missing Vendor
TX0082222,2025-12-10,A080,Sales,V0159,Invoice,469.85,Bank Transfer,GBP,Approved,2025-12-17,INV00082222,,USR0006,0,1,0,0,0,0,0,Department Manager,0,1,1,Low,2025-12,0,No Exception
TX0082259,2025-05-06,A049,Operations,V0093,Invoice,-310.38,Card,USD,Approved,2025-05-10,INV00089405,EMP00298,USR0032,0,0,0,1,0,1,0,Department Manager,0,2,1,Medium,2025-05,0,Invalid Amount
TX0082262,2026-03-27,A036,Sales,V0438,Expense,457.31,Bank Transfer,GBP,Approved,2025-10-03,INV00082262,EMP00484,USR0014,0,0,0,0,1,0,1,Department Manager,0,1,1,Low,2026-03,0,Invalid Posting Date
TX0082282,2025-09-02,A070,Marketing,V0447,Invoice,2167.14,Direct Debit,EUR,Approved,2025-09-06,INV00082282,,USR0097,0,1,0,0,0,0,0,Senior Manager,1,2,1,Medium,2025-09,0,Missing Approval
TX0082308,2026-03-29,A054,Procurement,V0084,Payment,522.98,Cheque,GBP,Rejected,2025-05-14,INV00082308,EMP00161,USR0182,0,0,0,0,1,0,1,Department Manager,0,1,1,Low,2026-03,0,Invalid Posting Date
TX0082325,2025-07-20,A022,IT,V0272,Invoice,686.81,Bank Transfer,GBP,Pending,2025-07-22,INV00082325,,USR0024,0,1,0,0,0,0,0,Department Manager,0,1,1,Low,2025-07,0,No Exception
TX0082341,2025-05-06,A048,Operations,V0088,Expense,-549.03,Card,GBP,Pending,2025-05-09,INV00082341,EMP00473,USR0124,0,0,0,1,0,0,0,Department Manager,0,1,1,Low,2025-05,0,Invalid Amount
TX0082364,2025-10-14,A002,Procurement,V0241,Invoice,5184.4,Card,EUR,Approved,2025-10-17,INV00082364,EMP00100,USR0100,0,0,0,0,0,1,0,Senior Manager,0,1,1,Low,2025-10,0,Duplicate Invoice
TX0082389,2026-01-24,A002,HR,V0041,Invoice,1695.37,Card,USD,Approved,2026-01-28,INV00050138,EMP00101,USR0187,0,0,0,0,0,1,0,Senior Manager,0,1,1,Low,2026-01,0,Duplicate Invoice
TX0082400,2025-08-30,A075,Finance,V0269,Expense,1191.01,Cheque,EUR,Rejected,2025-09-05,INV00082400,,USR0162,0,1,0,0,0,0,1,Senior Manager,1,2,1,Medium,2025-08,0,Missing Approval
TX0082409,2026-03-27,A042,Marketing,V0212,Journal Entry,710.66,Cheque,GBP,Pending,2025-07-14,INV00082409,EMP00054,USR0128,0,0,0,0,1,0,1,Department Manager,0,1,1,Low,2026-03,0,Invalid Posting Date
TX0082418,2025-07-24,A051,Sales,V0260,Invoice,178.04,Cheque,USD,Rejected,2025-07-31,INV00082418,EMP00024,USR0070,0,0,0,0,0,1,0,Department Manager,0,1,1,Low,2025-07,0,Duplicate Invoice
TX0082495,2025-08-26,A070,Procurement,V0254,Invoice,16647.77,Direct Debit,GBP,Approved,2025-08-26,INV00076435,EMP00179,USR0196,0,0,0,0,0,1,0,Finance Director,0,1,1,Medium,2025-08,1,Duplicate Invoice
TX0082504,2025-07-11,A010,IT,V0059,Invoice,3395.54,Card,GBP,Approved,2025-07-13,INV00049960,,USR0179,0,1,0,0,0,1,0,Senior Manager,1,3,1,High,2025-07,0,Duplicate Invoice
TX0082507,2025-10-20,A002,Marketing,V0167,Invoice,722.15,Card,GBP,Approved,2025-10-22,INV00082507,EMP00468,USR0180,0,0,0,0,0,1,0,Department Manager,0,1,1,Low,2025-10,0,Duplicate Invoice
TX0082544,2026-01-01,A061,Operations,,Credit Note,5221.74,Cheque,GBP,Pending,2026-01-05,INV00082544,EMP00018,USR0154,1,0,0,0,0,0,0,Senior Manager,0,1,1,Low,2026-01,0,Missing Vendor
TX0082566,2025-08-13,A075,HR,,Invoice,3914.75,Direct Debit,USD,Approved,2025-08-13,INV00082566,EMP00400,USR0092,1,0,0,0,0,0,0,Senior Manager,0,1,1,Low,2025-08,0,Missing Vendor
TX0082572,2026-03-30,A047,Marketing,V0451,Invoice,1152.18,Direct Debit,GBP,Pending,2025-10-05,INV00056294,EMP00036,USR0018,0,0,0,0,1,1,1,Senior Manager,0,2,1,Medium,2026-03,0,Duplicate Invoice
TX0082576,2026-03-01,A026,Marketing,V0403,Invoice,572.5,Direct Debit,GBP,Pending,2026-03-03,INV00082576,,USR0027,0,1,0,0,0,0,0,Department Manager,0,1,1,Low,2026-03,0,No Exception
TX0082586,2025-12-29,A074,Sales,V0404,Journal Entry,2010.16,Bank Transfer,EUR,Approved,2025-12-30,INV00082586,EMP00459,USR0104,0,0,0,0,0,1,1,Senior Manager,0,1,1,Low,2025-12,0,Duplicate Invoice
TX0082630,2025-04-09,A048,Finance,V0314,Expense,-793.9,Direct Debit,GBP,Rejected,2025-04-09,INV00082630,EMP00312,USR0058,0,0,0,1,0,0,0,Department Manager,0,1,1,Low,2025-04,0,Invalid Amount
TX0082649,2025-08-18,A080,Operations,V0374,Payment,530.87,Card,GBP,Pending,2025-08-18,INV00082649,,USR0189,0,1,0,0,0,0,0,Department Manager,0,1,1,Low,2025-08,0,No Exception
TX0082729,2026-03-27,A010,IT,V0379,Journal Entry,87.55,Cheque,EUR,Approved,2026-01-11,INV00082729,EMP00194,USR0124,0,0,0,0,1,0,1,Department Manager,0,1,1,Low,2026-03,0,Invalid Posting Date
TX0082741,2025-12-16,A034,Procurement,,Invoice,293.48,Bank Transfer,GBP,Approved,2025-12-19,INV00082741,EMP00360,USR0077,1,0,0,0,0,0,0,Department Manager,0,1,1,Low,2025-12,0,Missing Vendor
TX0082746,2026-03-31,A053,Procurement,V0328,Payment,230.15,Card,GBP,Rejected,2025-05-29,INV00082746,,USR0120,0,1,0,0,1,0,1,Department Manager,0,2,1,Medium,2026-03,0,Invalid Posting Date
TX0082778,2026-03-27,A051,IT,V0483,Invoice,975.41,Card,GBP,Rejected,2026-03-27,INV00022825,EMP00013,USR0010,0,0,0,0,0,1,1,Department Manager,0,1,1,Low,2026-03,0,Duplicate Invoice
TX0082794,2025-10-01,A042,HR,V0237,Journal Entry,1481.72,Bank Transfer,EUR,Approved,2025-10-08,INV00082794,,USR0090,0,1,0,0,0,0,0,Senior Manager,1,2,1,Medium,2025-10,0,Missing Approval
TX0082823,2026-03-30,A078,Marketing,V0056,Invoice,142.54,Card,EUR,Rejected,2026-01-28,INV00082823,EMP00475,USR0003,0,0,0,0,1,0,1,Department Manager,0,1,1,Low,2026-03,0,Invalid Posting Date
TX0082834,2026-03-28,A075,Finance,V0117,Invoice,1282.7,Direct Debit,USD,Approved,2025-08-13,INV00082834,EMP00039,USR0046,0,0,0,0,1,0,1,Senior Manager,0,1,1,Low,2026-03,0,Invalid Posting Date
TX0082851,2025-04-22,A028,Sales,V0205,Invoice,4060.95,Bank Transfer,EUR,Pending,2025-04-27,INV00020331,EMP00187,USR0061,0,0,0,0,0,1,0,Senior Manager,0,1,1,Low,2025-04,0,Duplicate Invoice
TX0082855,2026-03-27,A016,HR,V0296,Invoice,6659.41,Card,GBP,Approved,2025-07-01,INV00082855,EMP00368,USR0073,0,0,0,0,1,0,1,Senior Manager,0,1,1,Low,2026-03,1,Invalid Posting Date
TX0082857,2026-03-27,A001,IT,V0459,Expense,8752.28,Cheque,GBP,Approved,2025-07-30,INV00082857,EMP00430,USR0128,0,0,0,0,1,0,1,Senior Manager,0,1,1,Low,2026-03,1,Invalid Posting Date
TX0082861,2026-03-29,A018,HR,V0164,Payment,260.47,Cheque,USD,Approved,2025-12-20,INV00082861,EMP00302,USR0072,0,0,0,0,1,0,1,Department Manager,0,1,1,Low,2026-03,0,Invalid Posting Date
TX0082862,2026-03-31,A016,Operations,V0269,Invoice,1877.7,Cheque,EUR,Approved,2026-01-10,INV00082862,EMP00484,USR0145,0,0,0,0,1,0,1,Senior Manager,0,1,1,Low,2026-03,0,Invalid Posting Date
TX0082891,2025-11-11,A018,Sales,V0330,Invoice,15444.32,Bank Transfer,EUR,Pending,2025-11-13,INV00082891,,USR0099,0,1,0,0,0,0,0,Finance Director,1,2,1,Medium,2025-11,1,Missing Approval
TX0082903,2026-01-15,A028,IT,V0358,Payment,499.7,Card,GBP,Pending,2026-01-14,INV00082903,EMP00153,USR0097,0,0,0,0,1,0,0,Department Manager,0,1,1,Low,2026-01,0,Invalid Posting Date
TX0082945,2025-05-17,A073,Sales,V0403,Expense,208.85,Bank Transfer,USD,Approved,2025-05-24,INV00082945,EMP00125,USR0192,0,0,0,0,0,1,0,Department Manager,0,1,1,Low,2025-05,0,Duplicate Invoice
TX0082994,2025-05-15,A010,IT,,Invoice,1833.36,Direct Debit,GBP,Pending,2025-05-18,INV00082994,EMP00224,USR0070,1,0,0,0,0,0,0,Senior Manager,0,1,1,Low,2025-05,0,Missing Vendor
TX0082997,2026-01-12,A044,IT,V0485,Invoice,239.62,Direct Debit,EUR,Rejected,2026-01-17,INV00082997,,USR0108,0,1,0,0,0,0,0,Department Manager,0,1,1,Low,2026-01,0,No Exception
TX0083004,2026-03-14,A073,Procurement,V0247,Invoice,967.08,Direct Debit,EUR,Approved,2026-03-16,INV00083004,EMP00121,USR0082,0,0,0,0,0,1,0,Department Manager,0,1,1,Low,2026-03,0,Duplicate Invoice
TX0083007,2025-08-21,A032,Sales,V0261,Journal Entry,748.87,Cheque,USD,Approved,2025-08-22,INV00083007,EMP00260,USR0034,0,0,0,0,0,1,0,Department Manager,0,1,1,Low,2025-08,0,Duplicate Invoice
TX0083013,2025-10-09,A011,Operations,V0047,Invoice,668.33,Bank Transfer,USD,Approved,2025-10-13,INV00083013,EMP00200,USR0049,0,0,0,0,0,1,0,Department Manager,0,1,1,Low,2025-10,0,Duplicate Invoice
TX0083021,2026-03-31,A031,Finance,V0394,Invoice,4834.57,Bank Transfer,USD,Approved,2025-07-03,INV00083021,EMP00438,USR0078,0,0,0,0,1,0,1,Senior Manager,0,1,1,Low,2026-03,0,Invalid Posting Date
TX0083040,2026-03-18,A001,Operations,V0093,Invoice,206.92,Bank Transfer,USD,Rejected,2026-03-19,INV00083040,EMP00317,USR0165,0,0,0,0,0,1,0,Department Manager,0,1,1,Low,2026-03,0,Duplicate Invoice
TX0083061,2026-03-31,A021,Marketing,V0452,Payment,519.91,Cheque,GBP,Rejected,2026-03-21,INV00083061,EMP00195,USR0148,0,0,0,0,1,0,1,Department Manager,0,1,1,Low,2026-03,0,Invalid Posting Date
TX0083086,2025-06-29,,Operations,V0004,Payment,1547.17,Cheque,USD,Approved,2025-07-02,INV00083086,EMP00120,USR0168,0,0,1,0,0,0,1,Senior Manager,0,1,1,Low,2025-06,0,Missing Account
TX0083094,2025-04-13,A052,HR,V0241,Credit Note,849.4,Bank Transfer,GBP,Pending,2025-04-15,INV00083094,,USR0067,0,1,0,0,0,0,0,Department Manager,0,1,1,Low,2025-04,0,No Exception
TX0083116,2025-08-01,A073,IT,V0137,Invoice,-1535.5,Direct Debit,GBP,Approved,2025-08-07,INV00083116,EMP00111,USR0083,0,0,0,1,0,0,0,Senior Manager,0,1,1,Low,2025-08,0,Invalid Amount
TX0083143,2026-02-05,A025,IT,V0249,Invoice,3401.89,Bank Transfer,GBP,Approved,2026-02-05,INV00083143,EMP00037,USR0089,0,0,0,0,0,1,0,Senior Manager,0,1,1,Low,2026-02,0,Duplicate Invoice
TX0083174,2026-03-28,A051,IT,V0017,Expense,124.68,Cheque,USD,Pending,2025-07-01,INV00083174,EMP00095,USR0166,0,0,0,0,1,0,1,Department Manager,0,1,1,Low,2026-03,0,Invalid Posting Date
TX0083218,2025-07-08,A058,Finance,,Journal Entry,1494.08,Direct Debit,EUR,Rejected,2025-07-13,INV00083218,EMP00002,USR0026,1,0,0,0,0,0,0,Senior Manager,0,1,1,Low,2025-07,0,Missing Vendor
TX0083305,2025-10-05,A039,HR,V0385,Invoice,1340.97,Bank Transfer,GBP,Pending,2025-10-11,INV00083305,EMP00497,USR0156,0,0,0,0,0,1,0,Senior Manager,0,1,1,Low,2025-10,0,Duplicate Invoice
TX0083326,2026-01-16,A032,HR,V0046,Payment,2180.08,Card,EUR,Approved,2026-01-20,INV00083326,,USR0040,0,1,0,0,0,0,0,Senior Manager,1,2,1,Medium,2026-01,0,Missing Approval
TX0083408,2026-03-31,A072,IT,V0143,Payment,795.67,Cheque,EUR,Approved,2025-10-24,INV00083408,EMP00296,USR0135,0,0,0,0,1,0,1,Department Manager,0,1,1,Low,2026-03,0,Invalid Posting Date
TX0083462,2025-06-04,A077,HR,V0342,Invoice,6191.54,Card,GBP,Approved,2025-06-01,INV00083462,EMP00465,USR0047,0,0,0,0,1,0,0,Senior Manager,0,1,1,Low,2025-06,1,Invalid Posting Date
TX0083481,2025-06-24,A036,Operations,V0451,Journal Entry,-1572.97,Bank Transfer,EUR,Approved,2025-06-29,INV00083481,EMP00224,USR0035,0,0,0,1,0,0,0,Senior Manager,0,1,1,Low,2025-06,0,Invalid Amount
TX0083499,2026-03-28,A061,IT,V0329,Invoice,706.31,Bank Transfer,GBP,Pending,2026-01-06,INV00083499,EMP00270,USR0030,0,0,0,0,1,0,1,Department Manager,0,1,1,Low,2026-03,0,Invalid Posting Date
TX0083550,2026-03-14,A066,Procurement,V0325,Payment,2652.47,Card,GBP,Approved,2026-03-11,INV00083550,EMP00042,USR0011,0,0,0,0,1,0,0,Senior Manager,0,1,1,Low,2026-03,0,Invalid Posting Date
TX0083590,2025-05-30,A039,Operations,,Expense,158.62,Card,USD,Rejected,2025-06-05,INV00083590,EMP00452,USR0191,1,0,0,0,0,0,1,Department Manager,0,1,1,Low,2025-05,0,Missing Vendor
TX0083595,2026-01-25,A038,IT,V0170,Expense,1439.79,Bank Transfer,GBP,Approved,2026-01-25,INV00083595,EMP00453,USR0073,0,0,0,0,0,1,0,Senior Manager,0,1,1,Low,2026-01,0,Duplicate Invoice
TX0083648,2025-10-04,A077,Marketing,V0127,Invoice,2442.21,Direct Debit,GBP,Approved,2025-10-08,INV00030903,EMP00231,USR0029,0,0,0,0,0,1,0,Senior Manager,0,1,1,Low,2025-10,0,Duplicate Invoice
TX0083672,2026-03-28,A024,Operations,V0185,Payment,4531.68,Direct Debit,USD,Approved,2025-11-04,INV00083672,EMP00200,USR0142,0,0,0,0,1,0,1,Senior Manager,0,1,1,Low,2026-03,0,Invalid Posting Date
TX0083678,2025-10-18,A029,Finance,V0188,Invoice,257.52,Cheque,GBP,Approved,2025-10-22,INV00083678,,USR0145,0,1,0,0,0,0,0,Department Manager,0,1,1,Low,2025-10,0,No Exception
TX0083696,2025-05-18,A071,Marketing,V0456,Invoice,252.92,Bank Transfer,GBP,Approved,2025-05-19,INV00026971,EMP00224,USR0081,0,0,0,0,0,1,0,Department Manager,0,1,1,Low,2025-05,0,Duplicate Invoice
TX0083705,2025-10-30,A069,Finance,V0042,Expense,1669.23,Cheque,GBP,Approved,2025-10-28,INV00083705,EMP00405,USR0044,0,0,0,0,1,0,1,Senior Manager,0,1,1,Low,2025-10,0,Invalid Posting Date
TX0083709,2025-04-24,A012,IT,V0108,Credit Note,156.66,Bank Transfer,GBP,Approved,2025-04-22,INV00083709,EMP00008,USR0023,0,0,0,0,1,0,0,Department Manager,0,1,1,Low,2025-04,0,Invalid Posting Date
TX0083715,2026-03-30,A053,Operations,V0040,Invoice,2157.14,Cheque,GBP,Pending,2026-03-29,INV00083715,EMP00014,USR0166,0,0,0,0,1,0,1,Senior Manager,0,1,1,Low,2026-03,0,Invalid Posting Date
TX0083744,2026-02-16,,Sales,V0328,Credit Note,1426.29,Bank Transfer,GBP,Approved,2026-02-21,INV00083744,EMP00498,USR0178,0,0,1,0,0,0,0,Senior Manager,0,1,1,Low,2026-02,0,Missing Account
TX0083783,2026-03-27,A065,Marketing,V0340,Expense,564.4,Card,EUR,Approved,2025-09-16,INV00083783,EMP00352,USR0060,0,0,0,0,1,0,1,Department Manager,0,1,1,Low,2026-03,0,Invalid Posting Date
TX0083834,2025-04-30,,IT,V0281,Invoice,496.73,Cheque,GBP,Pending,2025-05-02,INV00083834,EMP00486,USR0006,0,0,1,0,0,0,1,Department Manager,0,1,1,Low,2025-04,0,Missing Account
TX0083842,2025-10-14,A018,Operations,V0234,Journal Entry,333.89,Card,USD,Approved,2025-10-12,INV00083842,EMP00111,USR0100,0,0,0,0,1,0,0,Department Manager,0,1,1,Low,2025-10,0,Invalid Posting Date
TX0083847,2026-03-27,A048,IT,V0261,Invoice,1189.12,Direct Debit,GBP,Approved,2025-11-06,INV00083847,EMP00139,USR0058,0,0,0,0,1,0,1,Senior Manager,0,1,1,Low,2026-03,0,Invalid Posting Date
TX0083858,2026-03-28,A038,HR,V0245,Invoice,8012.93,Direct Debit,USD,Rejected,2026-03-25,INV00083858,EMP00112,USR0058,0,0,0,0,1,0,1,Senior Manager,0,1,1,Low,2026-03,1,Invalid Posting Date
TX0083869,2025-10-26,A063,Sales,V0162,Credit Note,1920.72,Card,GBP,Pending,2025-11-02,INV00083869,,USR0095,0,1,0,0,0,0,0,Senior Manager,1,2,1,Medium,2025-10,0,Missing Approval
TX0083910,2026-02-16,A077,Finance,V0278,Invoice,98.9,Direct Debit,EUR,Approved,2026-02-20,INV00083910,EMP00472,USR0072,0,0,0,0,0,1,0,Department Manager,0,1,1,Low,2026-02,0,Duplicate Invoice
TX0083943,2025-12-01,A021,Procurement,V0285,Expense,409.83,Bank Transfer,EUR,Rejected,2025-12-01,INV00083943,EMP00232,USR0141,0,0,0,0,0,1,0,Department Manager,0,1,1,Low,2025-12,0,Duplicate Invoice
TX0084005,2025-06-07,A068,IT,V0273,Expense,2128.95,Bank Transfer,GBP,Approved,2025-06-09,INV00084005,EMP00407,USR0136,0,0,0,0,0,1,0,Senior Manager,0,1,1,Low,2025-06,0,Duplicate Invoice
TX0084059,2025-11-09,A003,Procurement,V0153,Invoice,324.45,Card,GBP,Approved,2025-11-15,INV00005465,EMP00210,USR0182,0,0,0,0,0,1,0,Department Manager,0,1,1,Low,2025-11,0,Duplicate Invoice
TX0084069,2026-03-30,A017,IT,V0203,Invoice,1147.38,Bank Transfer,GBP,Approved,2026-03-07,INV00084069,EMP00397,USR0055,0,0,0,0,1,0,1,Senior Manager,0,1,1,Low,2026-03,0,Invalid Posting Date
TX0084218,2026-03-10,A056,Sales,V0049,Payment,875.95,Card,USD,Pending,2026-03-10,INV00016822,EMP00279,USR0011,0,0,0,0,0,1,0,Department Manager,0,1,1,Low,2026-03,0,Duplicate Invoice
TX0084271,2025-12-14,A060,Finance,V0493,Invoice,825.0,Direct Debit,GBP,Approved,2025-12-14,INV00019967,EMP00446,USR0159,0,0,0,0,0,1,0,Department Manager,0,1,1,Low,2025-12,0,Duplicate Invoice
TX0084273,2025-11-09,A023,IT,V0152,Expense,430.94,Direct Debit,GBP,Approved,2025-11-15,INV00065891,EMP00327,USR0054,0,0,0,0,0,1,0,Department Manager,0,1,1,Low,2025-11,0,Duplicate Invoice
TX0084316,2026-03-30,A031,Procurement,V0494,Payment,446.94,Bank Transfer,EUR,Approved,2025-09-14,INV00084316,EMP00144,USR0119,0,0,0,0,1,0,1,Department Manager,0,1,1,Low,2026-03,0,Invalid Posting Date
TX0084334,2025-05-04,A033,IT,V0074,Invoice,1448.34,Cheque,GBP,Pending,2025-05-05,INV00084334,EMP00201,USR0067,0,0,0,0,0,1,0,Senior Manager,0,1,1,Low,2025-05,0,Duplicate Invoice
TX0084341,2025-10-14,A010,Sales,V0317,Invoice,484.55,Bank Transfer,GBP,Pending,2025-10-14,INV00084341,EMP00302,USR0054,0,0,0,0,0,1,0,Department Manager,0,1,1,Low,2025-10,0,Duplicate Invoice
TX0084349,2026-01-02,A067,Finance,V0493,Invoice,656.13,Card,GBP,Rejected,2026-01-02,INV00075722,EMP00352,USR0189,0,0,0,0,0,1,0,Department Manager,0,1,1,Low,2026-01,0,Duplicate Invoice
TX0084363,2025-08-01,A067,Operations,V0227,Invoice,1337.07,Bank Transfer,GBP,Approved,2025-08-04,INV00015603,EMP00446,USR0162,0,0,0,0,0,1,0,Senior Manager,0,1,1,Low,2025-08,0,Duplicate Invoice
TX0084373,2025-04-28,A014,Finance,V0063,Payment,1056.25,Bank Transfer,USD,Approved,2025-04-28,INV00084373,EMP00191,USR0143,0,0,0,0,0,1,1,Senior Manager,0,1,1,Low,2025-04,0,Duplicate Invoice
TX0084390,2026-03-29,A019,Finance,V0298,Invoice,4292.68,Direct Debit,GBP,Approved,2025-10-05,INV00084390,EMP00213,USR0124,0,0,0,0,1,0,1,Senior Manager,0,1,1,Low,2026-03,0,Invalid Posting Date
TX0084393,2025-06-23,A010,Operations,,Invoice,782.28,Direct Debit,GBP,Rejected,2025-06-27,INV00084393,EMP00205,USR0068,1,0,0,0,0,0,0,Department Manager,0,1,1,Low,2025-06,0,Missing Vendor
TX0084423,2026-03-31,A050,Operations,V0308,Invoice,3648.92,Card,GBP,Approved,2025-10-11,INV00084423,EMP00204,USR0083,0,0,0,0,1,0,1,Senior Manager,0,1,1,Low,2026-03,0,Invalid Posting Date
TX0084425,2026-03-27,A068,Operations,V0370,Journal Entry,3031.46,Direct Debit,GBP,Pending,2025-05-14,INV00084425,EMP00220,USR0036,0,0,0,0,1,0,1,Senior Manager,0,1,1,Low,2026-03,0,Invalid Posting Date
TX0084464,2025-07-01,A002,Finance,V0185,Invoice,349.43,Cheque,GBP,Approved,2025-07-01,INV00084464,EMP00316,USR0191,0,0,0,0,0,1,0,Department Manager,0,1,1,Low,2025-07,0,Duplicate Invoice
TX0084476,2025-10-17,A005,Finance,V0031,Invoice,547.33,Cheque,GBP,Approved,2025-10-17,INV00084476,,USR0188,0,1,0,0,0,0,0,Department Manager,0,1,1,Low,2025-10,0,No Exception
TX0084498,2026-03-30,A057,Operations,V0026,Journal Entry,1779.6,Bank Transfer,GBP,Approved,2025-08-09,INV00084498,EMP00305,USR0063,0,0,0,0,1,0,1,Senior Manager,0,1,1,Low,2026-03,0,Invalid Posting Date
TX0084568,2025-09-19,A037,HR,V0094,Invoice,801.72,Cheque,GBP,Approved,2025-09-18,INV00084568,EMP00266,USR0174,0,0,0,0,1,0,0,Department Manager,0,1,1,Low,2025-09,0,Invalid Posting Date
TX0084576,2026-03-27,A071,IT,V0458,Payment,1498.11,Cheque,USD,Rejected,2026-01-31,INV00084576,EMP00357,USR0124,0,0,0,0,1,0,1,Senior Manager,0,1,1,Low,2026-03,0,Invalid Posting Date
TX0084588,2026-03-30,A027,IT,V0129,Expense,1838.33,Card,USD,Approved,2025-05-02,INV00084588,EMP00307,USR0057,0,0,0,0,1,0,1,Senior Manager,0,1,1,Low,2026-03,0,Invalid Posting Date
TX0084600,2025-06-29,A067,Sales,,Credit Note,654.51,Bank Transfer,GBP,Approved,2025-07-04,INV00084600,EMP00075,USR0144,1,0,0,0,0,0,1,Department Manager,0,1,1,Low,2025-06,0,Missing Vendor
TX0084611,2025-07-03,A016,Finance,V0128,Invoice,1758.23,Bank Transfer,GBP,Approved,2025-07-04,INV00084611,EMP00368,USR0194,0,0,0,0,0,1,0,Senior Manager,0,1,1,Low,2025-07,0,Duplicate Invoice
TX0084685,2025-10-25,A037,IT,,Invoice,3682.57,Direct Debit,GBP,Approved,2025-10-25,INV00084685,EMP00422,USR0064,1,0,0,0,0,0,0,Senior Manager,0,1,1,Low,2025-10,0,Missing Vendor
TX0084722,2026-01-06,A046,Sales,V0006,Payment,1256.57,Bank Transfer,USD,Rejected,2026-01-13,INV00084722,EMP00093,USR0163,0,0,0,0,0,1,0,Senior Manager,0,1,1,Low,2026-01,0,Duplicate Invoice
TX0084758,2025-11-19,A060,Operations,V0085,Invoice,2216.73,Cheque,USD,Pending,2025-11-20,INV00063781,EMP00109,USR0116,0,0,0,0,0,1,0,Senior Manager,0,1,1,Low,2025-11,0,Duplicate Invoice
TX0084855,2025-04-05,A025,HR,V0012,Invoice,11961.11,Bank Transfer,GBP,Approved,2025-04-11,INV00085889,EMP00087,USR0125,0,0,0,0,0,1,0,Finance Director,0,1,1,Medium,2025-04,1,Duplicate Invoice
TX0084866,2025-12-07,A054,Operations,V0213,Invoice,1163.08,Bank Transfer,GBP,Approved,2025-12-13,INV00084866,EMP00494,USR0162,0,0,0,0,0,1,0,Senior Manager,0,1,1,Low,2025-12,0,Duplicate Invoice
TX0084878,2026-03-28,A029,Finance,V0256,Expense,223.33,Bank Transfer,GBP,Pending,2025-06-28,INV00084878,EMP00110,USR0003,0,0,0,0,1,0,1,Department Manager,0,1,1,Low,2026-03,0,Invalid Posting Date
TX0084891,2026-03-29,A025,Operations,V0092,Invoice,2084.26,Bank Transfer,USD,Approved,2025-09-22,INV00084891,EMP00161,USR0023,0,0,0,0,1,0,1,Senior Manager,0,1,1,Low,2026-03,0,Invalid Posting Date
TX0084911,2026-01-03,,Marketing,V0438,Invoice,854.27,Direct Debit,GBP,Approved,2026-01-05,INV00084911,EMP00302,USR0103,0,0,1,0,0,0,0,Department Manager,0,1,1,Low,2026-01,0,Missing Account
TX0084937,2025-09-29,A023,Marketing,V0037,Invoice,7022.85,Cheque,GBP,Approved,2025-10-03,INV00084937,EMP00239,USR0031,0,0,0,0,0,1,1,Senior Manager,0,1,1,Low,2025-09,1,Duplicate Invoice
TX0084951,2026-03-31,A072,IT,V0416,Invoice,489.82,Cheque,GBP,Rejected,2025-10-04,INV00084951,EMP00078,USR0173,0,0,0,0,1,0,1,Department Manager,0,1,1,Low,2026-03,0,Invalid Posting Date
TX0084993,2025-08-14,A070,Marketing,V0338,Payment,4075.97,Direct Debit,GBP,Approved,2025-08-18,INV00084993,EMP00174,USR0062,0,0,0,0,0,1,0,Senior Manager,0,1,1,Low,2025-08,0,Duplicate Invoice
TX0085021,2025-08-30,A017,HR,V0045,Expense,183.01,Bank Transfer,GBP,Approved,2025-09-01,INV00011931,EMP00111,USR0057,0,0,0,0,0,1,1,Department Manager,0,1,1,Low,2025-08,0,Duplicate Invoice
TX0085030,2025-10-05,A044,Sales,V0363,Payment,3084.1,Direct Debit,GBP,Approved,2025-10-04,INV00085030,EMP00448,USR0092,0,0,0,0,1,0,0,Senior Manager,0,1,1,Low,2025-10,0,Invalid Posting Date
TX0085034,2025-09-11,A056,Finance,V0440,Invoice,564.66,Bank Transfer,GBP,Rejected,2025-09-13,INV00087445,EMP00216,USR0006,0,0,0,0,0,1,0,Department Manager,0,1,1,Low,2025-09,0,Duplicate Invoice
TX0085040,2025-04-18,A016,HR,V0237,Payment,10933.5,Card,GBP,Approved,2025-04-23,INV00064112,EMP00076,USR0117,0,0,0,0,0,1,0,Finance Director,0,1,1,Medium,2025-04,1,Duplicate Invoice
TX0085043,2026-02-20,A060,IT,V0164,Invoice,1205.05,Card,EUR,Rejected,2026-02-21,INV00013915,EMP00224,USR0142,0,0,0,0,0,1,0,Senior Manager,0,1,1,Low,2026-02,0,Duplicate Invoice
TX0085049,2026-03-27,A022,Sales,V0082,Expense,1031.57,Direct Debit,GBP,Approved,2025-10-14,INV00085049,EMP00382,USR0026,0,0,0,0,1,0,1,Senior Manager,0,1,1,Low,2026-03,0,Invalid Posting Date
TX0085052,2026-03-29,A066,Marketing,V0116,Expense,1118.55,Bank Transfer,GBP,Approved,2026-02-11,INV00085052,EMP00134,USR0083,0,0,0,0,1,0,1,Senior Manager,0,1,1,Low,2026-03,0,Invalid Posting Date
TX0085061,2025-05-07,A041,Procurement,V0307,Invoice,-527.53,Cheque,USD,Rejected,2025-05-10,INV00085061,EMP00332,USR0051,0,0,0,1,0,0,0,Department Manager,0,1,1,Low,2025-05,0,Invalid Amount
TX0085086,2025-10-29,,Marketing,V0419,Expense,731.08,Bank Transfer,GBP,Approved,2025-11-04,INV00085086,EMP00012,USR0012,0,0,1,0,0,0,1,Department Manager,0,1,1,Low,2025-10,0,Missing Account
TX0085173,2026-03-05,A030,HR,V0153,Payment,7729.75,Bank Transfer,GBP,Approved,2026-03-02,INV00085173,EMP00496,USR0099,0,0,0,0,1,0,0,Senior Manager,0,1,1,Low,2026-03,1,Invalid Posting Date
TX0085191,2025-05-04,A033,Procurement,V0200,Invoice,3698.26,Bank Transfer,GBP,Approved,2025-05-07,INV00085191,,USR0146,0,1,0,0,0,0,0,Senior Manager,1,2,1,Medium,2025-05,0,Missing Approval
TX0085199,2025-05-01,A035,Marketing,V0114,Credit Note,146.8,Cheque,USD,Pending,2025-05-08,INV00085199,EMP00263,USR0029,0,0,0,0,0,1,0,Department Manager,0,1,1,Low,2025-05,0,Duplicate Invoice
TX0085251,2026-03-12,A017,IT,V0130,Invoice,2449.62,Card,USD,Approved,2026-03-19,INV00085251,,USR0165,0,1,0,0,0,0,0,Senior Manager,1,2,1,Medium,2026-03,0,Missing Approval
TX0085263,2025-04-15,A007,Procurement,V0298,Invoice,4451.29,Direct Debit,USD,Rejected,2025-04-21,INV00056098,EMP00265,USR0019,0,0,0,0,0,1,0,Senior Manager,0,1,1,Low,2025-04,0,Duplicate Invoice
TX0085282,2025-05-21,A033,HR,V0451,Invoice,5301.88,Cheque,GBP,Approved,2025-05-25,INV00085282,,USR0105,0,1,0,0,0,0,0,Senior Manager,1,2,1,Medium,2025-05,0,Missing Approval
TX0085302,2026-03-31,A032,Finance,V0172,Expense,1169.45,Cheque,GBP,Pending,2025-05-09,INV00085302,EMP00440,USR0022,0,0,0,0,1,0,1,Senior Manager,0,1,1,Low,2026-03,0,Invalid Posting Date
TX0085318,2026-03-30,A021,Operations,V0414,Payment,2555.61,Card,USD,Pending,2025-06-19,INV00085318,EMP00171,USR0069,0,0,0,0,1,0,1,Senior Manager,0,1,1,Low,2026-03,0,Invalid Posting Date
TX0085328,2025-07-12,A016,Marketing,V0044,Credit Note,265.47,Bank Transfer,GBP,Pending,2025-07-18,INV00085328,,USR0073,0,1,0,0,0,0,0,Department Manager,0,1,1,Low,2025-07,0,No Exception
TX0085352,2025-07-31,A051,HR,V0083,Journal Entry,1055.23,Direct Debit,GBP,Pending,2025-07-30,INV00085352,EMP00292,USR0014,0,0,0,0,1,0,1,Senior Manager,0,1,1,Low,2025-07,0,Invalid Posting Date
TX0085382,2026-01-10,A066,Procurement,,Invoice,3057.53,Direct Debit,GBP,Approved,2026-01-11,INV00085382,EMP00286,USR0141,1,0,0,0,0,0,0,Senior Manager,0,1,1,Low,2026-01,0,Missing Vendor
TX0085390,2025-08-26,A077,IT,,Invoice,390.32,Direct Debit,USD,Approved,2025-08-26,INV00085390,EMP00334,USR0124,1,0,0,0,0,0,0,Department Manager,0,1,1,Low,2025-08,0,Missing Vendor
TX0085395,2025-06-19,A040,Procurement,V0061,Expense,10925.35,Cheque,GBP,Pending,2025-06-16,INV00085395,EMP00195,USR0006,0,0,0,0,1,0,0,Finance Director,0,1,1,Medium,2025-06,1,Invalid Posting Date
TX0085414,2025-09-29,A052,HR,V0394,Invoice,575.45,Bank Transfer,EUR,Pending,2025-10-02,INV00085414,EMP00238,USR0101,0,0,0,0,0,1,1,Department Manager,0,1,1,Low,2025-09,0,Duplicate Invoice
TX0085434,2026-03-27,A057,IT,V0387,Credit Note,555.77,Direct Debit,EUR,Approved,2026-03-18,INV00085434,EMP00082,USR0094,0,0,0,0,1,0,1,Department Manager,0,1,1,Low,2026-03,0,Invalid Posting Date
TX0085438,2026-03-27,A077,Sales,V0076,Expense,1559.65,Direct Debit,USD,Approved,2025-09-10,INV00085438,EMP00462,USR0063,0,0,0,0,1,0,1,Senior Manager,0,1,1,Low,2026-03,0,Invalid Posting Date
TX0085454,2025-12-21,A062,Finance,,Credit Note,414.34,Cheque,EUR,Rejected,2025-12-23,INV00085454,EMP00130,USR0052,1,0,0,0,0,0,0,Department Manager,0,1,1,Low,2025-12,0,Missing Vendor
TX0085462,2026-03-30,A064,Operations,V0188,Credit Note,415.82,Direct Debit,GBP,Approved,2025-10-27,INV00085462,EMP00364,USR0089,0,0,0,0,1,0,1,Department Manager,0,1,1,Low,2026-03,0,Invalid Posting Date
TX0085493,2025-10-15,A058,Finance,V0048,Expense,1579.25,Direct Debit,EUR,Pending,2025-10-19,INV00085493,,USR0007,0,1,0,0,0,0,0,Senior Manager,1,2,1,Medium,2025-10,0,Missing Approval
TX0085515,2025-08-28,A065,Marketing,V0029,Expense,8107.2,Bank Transfer,USD,Approved,2025-09-02,INV00049674,EMP00358,USR0020,0,0,0,0,0,1,1,Senior Manager,0,1,1,Low,2025-08,1,Duplicate Invoice
TX0085538,2025-09-16,,Operations,V0153,Invoice,1238.72,Cheque,USD,Approved,2025-09-21,INV00085538,EMP00212,USR0161,0,0,1,0,0,0,0,Senior Manager,0,1,1,Low,2025-09,0,Missing Account
TX0085542,2025-05-12,A005,Operations,V0470,Invoice,564.02,Card,GBP,Approved,2025-05-19,INV00016291,EMP00227,USR0017,0,0,0,0,0,1,0,Department Manager,0,1,1,Low,2025-05,0,Duplicate Invoice
TX0085548,2025-12-18,A027,Finance,V0289,Expense,949.93,Cheque,GBP,Approved,2025-12-15,INV00085548,EMP00272,USR0097,0,0,0,0,1,0,0,Department Manager,0,1,1,Low,2025-12,0,Invalid Posting Date
TX0085571,2025-11-17,A050,Sales,,Payment,446.48,Direct Debit,GBP,Pending,2025-11-17,INV00085571,EMP00453,USR0197,1,0,0,0,0,0,0,Department Manager,0,1,1,Low,2025-11,0,Missing Vendor
TX0085575,2026-01-20,A046,HR,V0377,Journal Entry,423.03,Bank Transfer,USD,Approved,2026-01-25,INV00085575,EMP00361,USR0194,0,0,0,0,0,1,0,Department Manager,0,1,1,Low,2026-01,0,Duplicate Invoice
TX0085587,2026-03-27,A016,Operations,V0088,Payment,2030.28,Bank Transfer,EUR,Approved,2025-06-24,INV00085587,EMP00113,USR0162,0,0,0,0,1,0,1,Senior Manager,0,1,1,Low,2026-03,0,Invalid Posting Date
TX0085589,2026-03-27,A076,Finance,V0422,Payment,1129.4,Card,GBP,Approved,2025-11-28,INV00085589,EMP00133,USR0022,0,0,0,0,1,0,1,Senior Manager,0,1,1,Low,2026-03,0,Invalid Posting Date
TX0085618,2025-05-28,A037,Finance,V0185,Expense,437.69,Card,GBP,Approved,2025-05-26,INV00085618,EMP00314,USR0067,0,0,0,0,1,0,1,Department Manager,0,1,1,Low,2025-05,0,Invalid Posting Date
TX0085699,2025-06-18,A051,Procurement,V0165,Invoice,4246.48,Cheque,GBP,Approved,2025-06-19,INV00085699,EMP00473,USR0145,0,0,0,0,0,1,0,Senior Manager,0,1,1,Low,2025-06,0,Duplicate Invoice
TX0085706,2026-03-29,A034,Procurement,V0059,Invoice,338.53,Cheque,GBP,Pending,2025-09-20,INV00085706,EMP00023,USR0085,0,0,0,0,1,0,1,Department Manager,0,1,1,Low,2026-03,0,Invalid Posting Date
TX0085722,2025-05-24,A017,Operations,V0132,Invoice,1140.95,Bank Transfer,GBP,Approved,2025-05-31,INV00085722,,USR0135,0,1,0,0,0,0,0,Senior Manager,1,2,1,Medium,2025-05,0,Missing Approval
TX0085733,2026-01-01,A061,Procurement,V0402,Invoice,235.62,Bank Transfer,GBP,Approved,2026-01-01,INV00085733,,USR0140,0,1,0,0,0,0,0,Department Manager,0,1,1,Low,2026-01,0,No Exception
TX0085734,2026-03-29,A015,IT,V0491,Credit Note,719.31,Bank Transfer,USD,Pending,2025-04-28,INV00085734,EMP00469,USR0070,0,0,0,0,1,0,1,Department Manager,0,1,1,Low,2026-03,0,Invalid Posting Date
TX0085748,2025-07-24,A016,Operations,V0156,Invoice,1536.55,Card,EUR,Approved,2025-07-31,INV00085748,,USR0072,0,1,0,0,0,0,0,Senior Manager,1,2,1,Medium,2025-07,0,Missing Approval
TX0085757,2025-07-23,A051,Finance,V0201,Invoice,-257.61,Card,GBP,Approved,2025-07-30,INV00085757,EMP00175,USR0181,0,0,0,1,0,0,0,Department Manager,0,1,1,Low,2025-07,0,Invalid Amount
TX0085767,2025-11-12,A024,Operations,V0161,Invoice,646.19,Direct Debit,GBP,Rejected,2025-11-13,INV00085767,EMP00249,USR0065,0,0,0,0,0,1,0,Department Manager,0,1,1,Low,2025-11,0,Duplicate Invoice
TX0085780,2025-10-09,A001,Procurement,,Invoice,1433.17,Direct Debit,USD,Approved,2025-10-15,INV00085780,EMP00204,USR0008,1,0,0,0,0,0,0,Senior Manager,0,1,1,Low,2025-10,0,Missing Vendor
TX0085798,2025-11-28,A067,IT,V0120,Journal Entry,376.58,Card,GBP,Approved,2025-12-01,INV00092534,EMP00478,USR0178,0,0,0,0,0,1,1,Department Manager,0,1,1,Low,2025-11,0,Duplicate Invoice
TX0085840,2025-06-18,A063,Marketing,V0017,Invoice,3178.61,Cheque,USD,Approved,2025-06-19,INV00085840,,USR0132,0,1,0,0,0,0,0,Senior Manager,1,2,1,Medium,2025-06,0,Missing Approval
TX0085863,2025-05-04,A078,Operations,V0226,Payment,1617.3,Cheque,GBP,Approved,2025-05-11,INV00085863,,USR0116,0,1,0,0,0,0,0,Senior Manager,1,2,1,Medium,2025-05,0,Missing Approval
TX0085865,2025-08-08,A073,Operations,V0150,Payment,11606.29,Cheque,GBP,Approved,2025-08-15,INV00009888,EMP00319,USR0092,0,0,0,0,0,1,0,Finance Director,0,1,1,Medium,2025-08,1,Duplicate Invoice
TX0085867,2025-07-09,A015,Sales,V0407,Expense,-1705.93,Cheque,GBP,Approved,2025-07-12,INV00085867,EMP00296,USR0004,0,0,0,1,0,0,0,Senior Manager,0,1,1,Low,2025-07,0,Invalid Amount
TX0085889,2025-08-06,A051,Operations,V0331,Invoice,8796.89,Direct Debit,USD,Rejected,2025-08-09,INV00085889,EMP00145,USR0171,0,0,0,0,0,1,0,Senior Manager,0,1,1,Low,2025-08,1,Duplicate Invoice
TX0085907,2025-04-07,A021,Finance,V0326,Journal Entry,3102.78,Bank Transfer,GBP,Approved,2025-04-08,INV00085907,EMP00108,USR0090,0,0,0,0,0,1,0,Senior Manager,0,1,1,Low,2025-04,0,Duplicate Invoice
TX0085913,2025-09-02,A048,Marketing,V0417,Invoice,1402.08,Direct Debit,USD,Approved,2025-09-03,INV00085913,,USR0049,0,1,0,0,0,0,0,Senior Manager,1,2,1,Medium,2025-09,0,Missing Approval
TX0085955,2026-03-28,A048,Procurement,V0098,Invoice,18104.37,Card,GBP,Pending,2025-09-03,INV00085955,EMP00009,USR0148,0,0,0,0,1,0,1,Finance Director,0,1,1,Medium,2026-03,1,Invalid Posting Date
TX0085958,2026-03-03,,IT,V0030,Credit Note,9354.08,Direct Debit,USD,Approved,2026-03-09,INV00085958,EMP00244,USR0042,0,0,1,0,0,0,0,Senior Manager,0,1,1,Low,2026-03,1,Missing Account
TX0085979,2026-03-27,A005,Sales,V0338,Expense,4272.98,Bank Transfer,USD,Pending,2026-04-02,INV00085979,,USR0130,0,1,0,0,0,0,1,Senior Manager,1,2,1,Medium,2026-03,0,Missing Approval
TX0086001,2025-11-29,A074,Procurement,V0239,Invoice,800.22,Card,GBP,Pending,2025-12-02,INV00086001,EMP00331,USR0070,0,0,0,0,0,1,1,Department Manager,0,1,1,Low,2025-11,0,Duplicate Invoice
TX0086042,2026-03-29,A028,Marketing,V0168,Payment,280.78,Cheque,GBP,Approved,2025-11-10,INV00086042,EMP00002,USR0015,0,0,0,0,1,0,1,Department Manager,0,1,1,Low,2026-03,0,Invalid Posting Date
TX0086070,2025-12-27,A076,Operations,V0345,Payment,426.77,Cheque,EUR,Pending,2025-12-28,INV00049809,EMP00457,USR0079,0,0,0,0,0,1,1,Department Manager,0,1,1,Low,2025-12,0,Duplicate Invoice
TX0086120,2026-03-27,A043,Marketing,V0210,Invoice,8912.35,Card,GBP,Approved,2025-10-15,INV00086120,EMP00422,USR0122,0,0,0,0,1,0,1,Senior Manager,0,1,1,Low,2026-03,1,Invalid Posting Date
TX0086186,2026-03-28,A075,IT,V0234,Journal Entry,457.24,Bank Transfer,GBP,Pending,2025-09-15,INV00086186,EMP00256,USR0031,0,0,0,0,1,0,1,Department Manager,0,1,1,Low,2026-03,0,Invalid Posting Date
TX0086228,2026-03-29,A004,Procurement,V0365,Journal Entry,463.35,Cheque,USD,Approved,2025-12-09,INV00086228,EMP00386,USR0084,0,0,0,0,1,0,1,Department Manager,0,1,1,Low,2026-03,0,Invalid Posting Date
TX0086234,2025-09-14,A066,Operations,V0062,Credit Note,221.29,Bank Transfer,GBP,Pending,2025-09-21,INV00086234,EMP00369,USR0014,0,0,0,0,0,1,0,Department Manager,0,1,1,Low,2025-09,0,Duplicate Invoice
TX0086236,2026-03-31,A032,Sales,V0424,Journal Entry,2624.48,Card,GBP,Approved,2026-03-24,INV00086236,EMP00202,USR0098,0,0,0,0,1,0,1,Senior Manager,0,1,1,Low,2026-03,0,Invalid Posting Date
TX0086249,2026-03-30,A045,Operations,V0003,Invoice,2921.54,Direct Debit,USD,Approved,2025-12-24,INV00086249,EMP00493,USR0142,0,0,0,0,1,0,1,Senior Manager,0,1,1,Low,2026-03,0,Invalid Posting Date
TX0086254,2026-02-08,A066,Operations,V0400,Invoice,2946.44,Card,USD,Pending,2026-02-09,INV00086254,EMP00453,USR0045,0,0,0,0,0,1,0,Senior Manager,0,1,1,Low,2026-02,0,Duplicate Invoice
TX0086283,2026-03-28,A068,Sales,V0067,Invoice,5917.44,Cheque,GBP,Pending,2025-12-01,INV00086283,EMP00280,USR0099,0,0,0,0,1,0,1,Senior Manager,0,1,1,Low,2026-03,1,Invalid Posting Date
TX0086291,2025-08-16,A071,Procurement,V0090,Payment,3210.65,Cheque,USD,Rejected,2025-08-17,INV00086291,EMP00492,USR0191,0,0,0,0,0,1,0,Senior Manager,0,1,1,Low,2025-08,0,Duplicate Invoice
TX0086320,2026-03-01,A069,Operations,V0252,Journal Entry,220.45,Cheque,GBP,Approved,2026-03-06,INV00013706,EMP00015,USR0092,0,0,0,0,0,1,0,Department Manager,0,1,1,Low,2026-03,0,Duplicate Invoice
TX0086324,2025-11-02,A048,Marketing,V0392,Expense,2423.58,Cheque,EUR,Approved,2025-11-03,INV00086324,EMP00267,USR0114,0,0,0,0,0,1,0,Senior Manager,0,1,1,Low,2025-11,0,Duplicate Invoice
TX0086332,2026-03-28,A049,Marketing,V0122,Credit Note,106.64,Cheque,EUR,Approved,2025-05-08,INV00086332,EMP00074,USR0175,0,0,0,0,1,0,1,Department Manager,0,1,1,Low,2026-03,0,Invalid Posting Date
TX0086370,2025-10-04,A032,Procurement,V0011,Invoice,542.15,Direct Debit,EUR,Pending,2025-10-11,INV00049826,EMP00129,USR0016,0,0,0,0,0,1,0,Department Manager,0,1,1,Low,2025-10,0,Duplicate Invoice
TX0086412,2025-09-14,A039,Procurement,V0172,Journal Entry,260.37,Bank Transfer,USD,Approved,2025-09-19,INV00086412,EMP00465,USR0067,0,0,0,0,0,1,0,Department Manager,0,1,1,Low,2025-09,0,Duplicate Invoice
TX0086443,2026-03-31,A010,HR,V0391,Expense,1605.29,Direct Debit,GBP,Approved,2025-05-19,INV00086443,EMP00457,USR0027,0,0,0,0,1,0,1,Senior Manager,0,1,1,Low,2026-03,0,Invalid Posting Date
TX0086492,2025-12-31,A055,IT,V0115,Payment,-10256.0,Bank Transfer,GBP,Approved,2026-01-07,INV00086492,EMP00045,USR0031,0,0,0,1,0,0,1,Finance Director,0,1,1,Medium,2025-12,0,Invalid Amount
TX0086503,2026-01-08,A032,Operations,V0279,Invoice,2512.61,Direct Debit,EUR,Approved,2026-01-12,INV00086503,EMP00379,USR0107,0,0,0,0,0,1,0,Senior Manager,0,1,1,Low,2026-01,0,Duplicate Invoice
TX0086508,2025-06-10,A020,Operations,V0456,Journal Entry,-325.43,Bank Transfer,GBP,Approved,2025-06-12,INV00086508,EMP00100,USR0026,0,0,0,1,0,0,0,Department Manager,0,1,1,Low,2025-06,0,Invalid Amount
TX0086515,2025-04-19,A066,Operations,V0458,Expense,891.65,Cheque,EUR,Rejected,2025-04-21,INV00086515,,USR0012,0,1,0,0,0,0,0,Department Manager,0,1,1,Low,2025-04,0,No Exception
TX0086523,2025-11-07,A061,Sales,,Invoice,701.89,Card,USD,Approved,2025-11-11,INV00086523,EMP00359,USR0010,1,0,0,0,0,0,0,Department Manager,0,1,1,Low,2025-11,0,Missing Vendor
TX0086539,2026-03-11,A006,IT,V0020,Invoice,377.78,Direct Debit,USD,Approved,2026-03-14,INV00012470,EMP00232,USR0189,0,0,0,0,0,1,0,Department Manager,0,1,1,Low,2026-03,0,Duplicate Invoice
TX0086547,2025-09-05,A006,Procurement,V0114,Invoice,1338.29,Direct Debit,GBP,Approved,2025-09-07,INV00086547,EMP00158,USR0129,0,0,0,0,0,1,0,Senior Manager,0,1,1,Low,2025-09,0,Duplicate Invoice
TX0086577,2026-03-31,A060,Sales,V0064,Payment,2610.27,Card,GBP,Rejected,2025-09-19,INV00086577,EMP00462,USR0081,0,0,0,0,1,0,1,Senior Manager,0,1,1,Low,2026-03,0,Invalid Posting Date
TX0086623,2025-12-16,A052,Procurement,V0195,Invoice,2394.45,Direct Debit,GBP,Rejected,2025-12-23,INV00054397,EMP00175,USR0167,0,0,0,0,0,1,0,Senior Manager,0,1,1,Low,2025-12,0,Duplicate Invoice
TX0086689,2025-04-06,A068,Marketing,V0002,Credit Note,991.46,Card,EUR,Approved,2025-04-11,INV00086689,EMP00385,USR0126,0,0,0,0,0,1,0,Department Manager,0,1,1,Low,2025-04,0,Duplicate Invoice
TX0086709,2026-03-17,A018,Operations,V0065,Payment,295.73,Card,USD,Pending,2026-03-21,INV00086709,EMP00163,USR0099,0,0,0,0,0,1,0,Department Manager,0,1,1,Low,2026-03,0,Duplicate Invoice
TX0086741,2026-01-25,A002,Operations,V0023,Invoice,2360.73,Bank Transfer,EUR,Pending,2026-02-01,INV00086741,,USR0080,0,1,0,0,0,0,0,Senior Manager,1,2,1,Medium,2026-01,0,Missing Approval
TX0086748,2026-03-29,A073,Finance,,Invoice,2586.29,Direct Debit,GBP,Approved,2025-07-05,INV00086748,EMP00428,USR0164,1,0,0,0,1,0,1,Senior Manager,0,2,1,Medium,2026-03,0,Missing Vendor
TX0086782,2025-05-03,A054,Finance,V0050,Invoice,1578.29,Cheque,GBP,Approved,2025-05-03,INV00009601,EMP00210,USR0004,0,0,0,0,0,1,0,Senior Manager,0,1,1,Low,2025-05,0,Duplicate Invoice
TX0086802,2025-10-05,A028,Sales,V0080,Invoice,777.12,Direct Debit,GBP,Approved,2025-10-12,INV00086802,EMP00433,USR0079,0,0,0,0,0,1,0,Department Manager,0,1,1,Low,2025-10,0,Duplicate Invoice
TX0086861,2026-03-28,A029,Operations,V0189,Credit Note,79.49,Bank Transfer,EUR,Rejected,2025-10-03,INV00086861,EMP00432,USR0132,0,0,0,0,1,0,1,Department Manager,0,1,1,Low,2026-03,0,Invalid Posting Date
TX0086885,2025-04-04,A063,Operations,V0362,Credit Note,173.71,Direct Debit,GBP,Rejected,2025-04-10,INV00086885,EMP00147,USR0034,0,0,0,0,0,1,0,Department Manager,0,1,1,Low,2025-04,0,Duplicate Invoice
TX0086895,2026-03-29,,IT,V0467,Journal Entry,574.41,Card,GBP,Rejected,2025-08-27,INV00086895,EMP00401,USR0171,0,0,1,0,1,0,1,Department Manager,0,2,1,Medium,2026-03,0,Missing Account
TX0086912,2025-07-17,A011,Procurement,,Invoice,2807.78,Direct Debit,GBP,Approved,2025-07-22,INV00086912,EMP00218,USR0135,1,0,0,0,0,0,0,Senior Manager,0,1,1,Low,2025-07,0,Missing Vendor
TX0086932,2026-03-30,A028,Operations,V0354,Journal Entry,4842.67,Card,EUR,Pending,2025-10-03,INV00086932,EMP00033,USR0191,0,0,0,0,1,0,1,Senior Manager,0,1,1,Low,2026-03,0,Invalid Posting Date
TX0086959,2025-11-25,A080,IT,V0157,Invoice,656.59,Card,GBP,Pending,2025-11-25,INV00086959,,USR0028,0,1,0,0,0,0,0,Department Manager,0,1,1,Low,2025-11,0,No Exception
TX0086969,2026-01-05,A016,Finance,V0224,Invoice,1167.39,Direct Debit,GBP,Approved,2026-01-06,INV00086969,,USR0015,0,1,0,0,0,0,0,Senior Manager,1,2,1,Medium,2026-01,0,Missing Approval
TX0087001,2025-04-01,A072,Operations,V0162,Expense,8171.53,Card,EUR,Approved,2025-04-04,INV00035754,EMP00454,USR0147,0,0,0,0,0,1,0,Senior Manager,0,1,1,Low,2025-04,1,Duplicate Invoice
TX0087071,2025-11-27,A046,Operations,V0165,Invoice,1179.51,Card,EUR,Approved,2025-11-29,INV00087071,EMP00023,USR0140,0,0,0,0,0,1,1,Senior Manager,0,1,1,Low,2025-11,0,Duplicate Invoice
TX0087072,2026-02-23,A055,Operations,V0177,Journal Entry,5983.66,Cheque,EUR,Approved,2026-02-27,INV00087072,EMP00491,USR0093,0,0,0,0,0,1,0,Senior Manager,0,1,1,Low,2026-02,1,Duplicate Invoice
TX0087121,2025-08-18,A009,Procurement,V0090,Expense,235.61,Cheque,USD,Rejected,2025-08-21,INV00052926,EMP00498,USR0083,0,0,0,0,0,1,0,Department Manager,0,1,1,Low,2025-08,0,Duplicate Invoice
TX0087143,2026-03-20,A006,Finance,V0370,Invoice,214.93,Cheque,USD,Rejected,2026-03-23,INV00087143,,USR0052,0,1,0,0,0,0,0,Department Manager,0,1,1,Low,2026-03,0,No Exception
TX0087150,2025-12-28,A018,Operations,V0246,Credit Note,2276.7,Bank Transfer,USD,Rejected,2025-12-25,INV00087150,EMP00095,USR0144,0,0,0,0,1,0,1,Senior Manager,0,1,1,Low,2025-12,0,Invalid Posting Date
TX0087167,2025-07-09,,Operations,V0434,Invoice,2801.13,Bank Transfer,USD,Rejected,2025-07-11,INV00087167,EMP00310,USR0069,0,0,1,0,0,0,0,Senior Manager,0,1,1,Low,2025-07,0,Missing Account
TX0087229,2025-11-18,A079,Finance,V0451,Invoice,1110.42,Bank Transfer,GBP,Approved,2025-11-25,INV00041963,EMP00346,USR0005,0,0,0,0,0,1,0,Senior Manager,0,1,1,Low,2025-11,0,Duplicate Invoice
TX0087262,2025-09-06,,HR,V0309,Journal Entry,1461.49,Direct Debit,GBP,Approved,2025-09-06,INV00087262,EMP00123,USR0100,0,0,1,0,0,0,0,Senior Manager,0,1,1,Low,2025-09,0,Missing Account
TX0087277,2025-07-10,A039,Procurement,V0296,Invoice,2106.48,Card,GBP,Approved,2025-07-14,INV00087277,,USR0161,0,1,0,0,0,0,0,Senior Manager,1,2,1,Medium,2025-07,0,Missing Approval
TX0087321,2026-02-23,A041,HR,V0399,Payment,4218.28,Direct Debit,GBP,Approved,2026-02-23,INV00096635,EMP00150,USR0132,0,0,0,0,0,1,0,Senior Manager,0,1,1,Low,2026-02,0,Duplicate Invoice
TX0087326,2025-10-13,A069,HR,V0432,Credit Note,-1132.33,Bank Transfer,EUR,Approved,2025-10-18,INV00087326,EMP00233,USR0161,0,0,0,1,0,0,0,Senior Manager,0,1,1,Low,2025-10,0,Invalid Amount
TX0087387,2025-04-23,A041,Marketing,V0338,Invoice,230.57,Card,GBP,Approved,2025-04-23,INV00087387,,USR0044,0,1,0,0,0,0,0,Department Manager,0,1,1,Low,2025-04,0,No Exception
TX0087441,2026-03-29,A057,Finance,V0232,Credit Note,541.54,Direct Debit,USD,Approved,2025-11-16,INV00087441,EMP00018,USR0080,0,0,0,0,1,0,1,Department Manager,0,1,1,Low,2026-03,0,Invalid Posting Date
TX0087445,2025-05-06,A039,IT,V0416,Invoice,845.66,Bank Transfer,GBP,Approved,2025-05-13,INV00087445,EMP00196,USR0099,0,0,0,0,0,1,0,Department Manager,0,1,1,Low,2025-05,0,Duplicate Invoice
TX0087453,2026-01-18,A060,Finance,V0289,Invoice,791.57,Bank Transfer,GBP,Pending,2026-01-23,INV00036507,EMP00226,USR0028,0,0,0,0,0,1,0,Department Manager,0,1,1,Low,2026-01,0,Duplicate Invoice
TX0087459,2026-01-23,A008,Sales,V0037,Expense,153.45,Card,USD,Approved,2026-01-25,INV00087459,,USR0093,0,1,0,0,0,0,0,Department Manager,0,1,1,Low,2026-01,0,No Exception
TX0087485,2025-09-07,A071,Finance,V0369,Payment,1738.63,Card,GBP,Approved,2025-09-14,INV00087485,EMP00381,USR0186,0,0,0,0,0,1,0,Senior Manager,0,1,1,Low,2025-09,0,Duplicate Invoice
TX0087515,2026-03-31,A024,Procurement,V0444,Invoice,1196.13,Bank Transfer,GBP,Pending,2025-07-10,INV00087515,EMP00397,USR0041,0,0,0,0,1,0,1,Senior Manager,0,1,1,Low,2026-03,0,Invalid Posting Date
TX0087547,2025-07-30,A023,Finance,,Journal Entry,1541.84,Bank Transfer,USD,Approved,2025-08-03,INV00087547,EMP00445,USR0174,1,0,0,0,0,0,1,Senior Manager,0,1,1,Low,2025-07,0,Missing Vendor
TX0087592,2026-03-27,A071,Sales,V0028,Invoice,719.81,Direct Debit,EUR,Rejected,2026-03-09,INV00087592,EMP00353,USR0112,0,0,0,0,1,0,1,Department Manager,0,1,1,Low,2026-03,0,Invalid Posting Date
TX0087608,2025-09-05,A045,Operations,V0369,Credit Note,341.73,Direct Debit,EUR,Pending,2025-09-07,INV00087608,EMP00378,USR0089,0,0,0,0,0,1,0,Department Manager,0,1,1,Low,2025-09,0,Duplicate Invoice
TX0087616,2026-02-02,A062,IT,,Invoice,3447.59,Card,EUR,Pending,2026-02-02,INV00087616,EMP00095,USR0009,1,0,0,0,0,0,0,Senior Manager,0,1,1,Low,2026-02,0,Missing Vendor
TX0087653,2025-10-15,A006,Sales,V0479,Expense,1464.1,Card,GBP,Approved,2025-10-20,INV00070670,EMP00342,USR0182,0,0,0,0,0,1,0,Senior Manager,0,1,1,Low,2025-10,0,Duplicate Invoice
TX0087659,2025-09-11,A056,Finance,V0054,Expense,-3647.58,Card,GBP,Rejected,2025-09-17,INV00087659,EMP00128,USR0059,0,0,0,1,0,0,0,Senior Manager,0,1,1,Low,2025-09,0,Invalid Amount
TX0087680,2025-09-10,A019,HR,V0329,Journal Entry,-1096.28,Card,GBP,Rejected,2025-09-17,INV00087680,EMP00476,USR0123,0,0,0,1,0,0,0,Senior Manager,0,1,1,Low,2025-09,0,Invalid Amount
TX0087756,2025-08-17,A022,Marketing,V0334,Invoice,1023.56,Bank Transfer,GBP,Approved,2025-08-23,INV00004511,EMP00408,USR0117,0,0,0,0,0,1,0,Senior Manager,0,1,1,Low,2025-08,0,Duplicate Invoice
TX0087805,2026-01-11,A080,Finance,V0005,Journal Entry,2985.28,Cheque,GBP,Approved,2026-01-11,INV00081582,EMP00160,USR0043,0,0,0,0,0,1,0,Senior Manager,0,1,1,Low,2026-01,0,Duplicate Invoice
TX0087829,2025-07-11,A045,Procurement,V0364,Payment,500.5,Direct Debit,GBP,Pending,2025-07-17,INV00087829,,USR0078,0,1,0,0,0,0,0,Department Manager,0,1,1,Low,2025-07,0,No Exception
TX0087844,2025-05-28,A026,Procurement,V0152,Expense,1108.91,Bank Transfer,GBP,Pending,2025-06-03,INV00087844,EMP00379,USR0077,0,0,0,0,0,1,1,Senior Manager,0,1,1,Low,2025-05,0,Duplicate Invoice
TX0087845,2026-03-20,A010,Operations,V0046,Payment,385.92,Direct Debit,USD,Pending,2026-03-24,INV00049784,EMP00054,USR0094,0,0,0,0,0,1,0,Department Manager,0,1,1,Low,2026-03,0,Duplicate Invoice
TX0087886,2025-09-23,A052,HR,V0308,Credit Note,4093.18,Card,GBP,Approved,2025-09-27,INV00060056,EMP00411,USR0182,0,0,0,0,0,1,0,Senior Manager,0,1,1,Low,2025-09,0,Duplicate Invoice
TX0087895,2026-02-01,A041,Procurement,V0389,Invoice,952.9,Card,USD,Approved,2026-02-05,INV00087895,EMP00354,USR0024,0,0,0,0,0,1,0,Department Manager,0,1,1,Low,2026-02,0,Duplicate Invoice
TX0087903,2025-05-14,A049,Finance,V0442,Invoice,-241.04,Cheque,GBP,Approved,2025-05-20,INV00087903,EMP00420,USR0158,0,0,0,1,0,0,0,Department Manager,0,1,1,Low,2025-05,0,Invalid Amount
TX0087928,2026-03-28,A036,Marketing,V0101,Invoice,2784.87,Card,EUR,Rejected,2025-05-18,INV00087928,EMP00297,USR0171,0,0,0,0,1,0,1,Senior Manager,0,1,1,Low,2026-03,0,Invalid Posting Date
TX0087959,2025-12-04,A075,Sales,V0085,Invoice,1294.27,Cheque,USD,Approved,2025-12-09,INV00050075,EMP00290,USR0100,0,0,0,0,0,1,0,Senior Manager,0,1,1,Low,2025-12,0,Duplicate Invoice
TX0088127,2025-04-01,A015,Operations,V0365,Invoice,1709.44,Direct Debit,GBP,Approved,2025-04-05,INV00088127,EMP00151,USR0094,0,0,0,0,0,1,0,Senior Manager,0,1,1,Low,2025-04,0,Duplicate Invoice
TX0088133,2026-03-31,A018,Finance,V0359,Invoice,6038.11,Direct Debit,USD,Approved,2025-07-20,INV00088133,EMP00223,USR0093,0,0,0,0,1,0,1,Senior Manager,0,1,1,Low,2026-03,1,Invalid Posting Date
TX0088174,2025-07-20,A038,Procurement,V0399,Invoice,26665.7,Bank Transfer,GBP,Approved,2025-07-25,INV00088174,EMP00053,USR0085,0,0,0,0,0,1,0,Finance Director,0,1,1,Medium,2025-07,1,Duplicate Invoice
TX0088211,2025-07-07,A050,Finance,V0077,Invoice,1534.58,Card,GBP,Pending,2025-07-08,INV00004368,EMP00271,USR0175,0,0,0,0,0,1,0,Senior Manager,0,1,1,Low,2025-07,0,Duplicate Invoice
TX0088246,2025-10-08,A038,Marketing,,Invoice,-879.82,Direct Debit,GBP,Approved,2025-10-15,INV00088246,EMP00361,USR0113,1,0,0,1,0,0,0,Department Manager,0,2,1,Medium,2025-10,0,Invalid Amount
TX0088262,2026-03-27,A014,Sales,V0026,Invoice,764.96,Cheque,EUR,Approved,2026-02-13,INV00088262,EMP00334,USR0053,0,0,0,0,1,0,1,Department Manager,0,1,1,Low,2026-03,0,Invalid Posting Date
TX0088270,2026-03-31,A048,Sales,V0390,Payment,159.3,Cheque,USD,Pending,2025-06-16,INV00088270,EMP00313,USR0127,0,0,0,0,1,0,1,Department Manager,0,1,1,Low,2026-03,0,Invalid Posting Date
TX0088271,2025-12-07,A028,HR,V0414,Invoice,124.4,Direct Debit,USD,Approved,2025-12-12,INV00045918,EMP00499,USR0095,0,0,0,0,0,1,0,Department Manager,0,1,1,Low,2025-12,0,Duplicate Invoice
TX0088326,2025-11-23,A065,Finance,V0344,Journal Entry,752.28,Card,GBP,Approved,2025-11-26,INV00036035,EMP00155,USR0158,0,0,0,0,0,1,0,Department Manager,0,1,1,Low,2025-11,0,Duplicate Invoice
TX0088344,2025-07-20,A075,Finance,,Invoice,879.26,Cheque,GBP,Pending,2025-07-26,INV00088344,EMP00383,USR0147,1,0,0,0,0,0,0,Department Manager,0,1,1,Low,2025-07,0,Missing Vendor
TX0088346,2025-12-30,A067,IT,V0127,Journal Entry,3176.67,Card,GBP,Rejected,2026-01-03,INV00088346,EMP00500,USR0089,0,0,0,0,0,1,1,Senior Manager,0,1,1,Low,2025-12,0,Duplicate Invoice
TX0088366,2025-10-21,A041,HR,V0031,Payment,2821.5,Cheque,GBP,Rejected,2025-10-21,INV00000579,EMP00400,USR0056,0,0,0,0,0,1,0,Senior Manager,0,1,1,Low,2025-10,0,Duplicate Invoice
TX0088368,2025-11-13,A062,Sales,V0210,Invoice,1992.68,Cheque,USD,Approved,2025-11-14,INV00086412,EMP00013,USR0101,0,0,0,0,0,1,0,Senior Manager,0,1,1,Low,2025-11,0,Duplicate Invoice
TX0088401,2025-10-19,A027,Operations,V0020,Expense,597.35,Card,EUR,Approved,2025-10-25,INV00088401,EMP00251,USR0129,0,0,0,0,0,1,0,Department Manager,0,1,1,Low,2025-10,0,Duplicate Invoice
TX0088437,2026-03-06,A012,Marketing,V0209,Invoice,-429.89,Direct Debit,GBP,Rejected,2026-03-10,INV00088437,EMP00229,USR0008,0,0,0,1,0,0,0,Department Manager,0,1,1,Low,2026-03,0,Invalid Amount
TX0088457,2026-01-23,A077,Sales,V0151,Expense,8010.92,Bank Transfer,GBP,Approved,2026-01-20,INV00088457,EMP00433,USR0004,0,0,0,0,1,0,0,Senior Manager,0,1,1,Low,2026-01,1,Invalid Posting Date
TX0088459,2025-08-23,,Finance,V0324,Expense,23.02,Direct Debit,GBP,Rejected,2025-08-24,INV00088459,EMP00012,USR0026,0,0,1,0,0,0,0,Department Manager,0,1,1,Low,2025-08,0,Missing Account
TX0088477,2025-06-12,A012,Operations,V0240,Journal Entry,5813.96,Card,GBP,Rejected,2025-06-16,INV00088477,EMP00048,USR0038,0,0,0,0,0,1,0,Senior Manager,0,1,1,Low,2025-06,0,Duplicate Invoice
TX0088481,2026-02-17,A014,Sales,V0255,Payment,615.27,Card,USD,Approved,2026-02-19,INV00008258,EMP00436,USR0193,0,0,0,0,0,1,0,Department Manager,0,1,1,Low,2026-02,0,Duplicate Invoice
TX0088499,2026-03-30,A067,Procurement,V0487,Invoice,1444.96,Cheque,GBP,Approved,2026-02-01,INV00088499,EMP00311,USR0178,0,0,0,0,1,0,1,Senior Manager,0,1,1,Low,2026-03,0,Invalid Posting Date
TX0088500,2026-02-23,A080,Sales,V0437,Invoice,311.31,Direct Debit,GBP,Approved,2026-02-24,INV00088500,,USR0173,0,1,0,0,0,0,0,Department Manager,0,1,1,Low,2026-02,0,No Exception
TX0088529,2025-12-31,A076,Finance,V0239,Journal Entry,582.41,Bank Transfer,USD,Rejected,2026-01-04,INV00010981,EMP00436,USR0178,0,0,0,0,0,1,1,Department Manager,0,1,1,Low,2025-12,0,Duplicate Invoice
TX0088544,2025-08-05,A050,Procurement,V0231,Invoice,2695.94,Direct Debit,GBP,Pending,2025-08-10,INV00088544,EMP00137,USR0195,0,0,0,0,0,1,0,Senior Manager,0,1,1,Low,2025-08,0,Duplicate Invoice
TX0088574,2025-12-10,A067,Marketing,V0291,Journal Entry,672.61,Card,GBP,Rejected,2025-12-06,INV00088574,EMP00433,USR0057,0,0,0,0,1,0,0,Department Manager,0,1,1,Low,2025-12,0,Invalid Posting Date
TX0088627,2025-08-17,A074,Marketing,V0028,Payment,317.11,Direct Debit,GBP,Rejected,2025-08-24,INV00073839,EMP00089,USR0084,0,0,0,0,0,1,0,Department Manager,0,1,1,Low,2025-08,0,Duplicate Invoice
TX0088637,2026-02-02,A078,Finance,V0147,Invoice,979.73,Cheque,GBP,Approved,2026-02-04,INV00088637,EMP00383,USR0065,0,0,0,0,0,1,0,Department Manager,0,1,1,Low,2026-02,0,Duplicate Invoice
TX0088662,2025-10-19,A029,Marketing,V0199,Payment,288.38,Bank Transfer,USD,Approved,2025-10-19,INV00088662,,USR0130,0,1,0,0,0,0,0,Department Manager,0,1,1,Low,2025-10,0,No Exception
TX0088695,2026-03-27,A024,Marketing,V0494,Journal Entry,2048.51,Card,GBP,Rejected,2025-05-01,INV00088695,EMP00262,USR0128,0,0,0,0,1,0,1,Senior Manager,0,1,1,Low,2026-03,0,Invalid Posting Date
TX0088703,2025-05-31,A064,Marketing,V0219,Credit Note,2157.09,Cheque,GBP,Pending,2025-06-07,INV00088703,EMP00201,USR0054,0,0,0,0,0,1,1,Senior Manager,0,1,1,Low,2025-05,0,Duplicate Invoice
TX0088743,2026-03-28,A028,Procurement,V0476,Credit Note,3707.44,Cheque,USD,Approved,2025-07-26,INV00088743,EMP00443,USR0191,0,0,0,0,1,0,1,Senior Manager,0,1,1,Low,2026-03,0,Invalid Posting Date
TX0088752,2026-03-28,A064,Finance,V0414,Payment,10921.49,Card,USD,Pending,2025-10-16,INV00088752,EMP00264,USR0036,0,0,0,0,1,0,1,Finance Director,0,1,1,Medium,2026-03,1,Invalid Posting Date
TX0088768,2026-03-28,A069,Procurement,V0423,Expense,7238.16,Cheque,GBP,Approved,2025-05-17,INV00088768,EMP00378,USR0142,0,0,0,0,1,0,1,Senior Manager,0,1,1,Low,2026-03,1,Invalid Posting Date
TX0088773,2025-06-06,,Marketing,V0098,Invoice,1222.09,Cheque,USD,Approved,2025-06-12,INV00088773,EMP00493,USR0163,0,0,1,0,0,0,0,Senior Manager,0,1,1,Low,2025-06,0,Missing Account
TX0088808,2025-10-10,A009,Procurement,V0148,Invoice,452.82,Card,EUR,Approved,2025-10-11,INV00088808,EMP00003,USR0168,0,0,0,0,0,1,0,Department Manager,0,1,1,Low,2025-10,0,Duplicate Invoice
TX0088822,2025-06-14,A031,Operations,V0256,Journal Entry,1941.74,Card,GBP,Approved,2025-06-12,INV00088822,EMP00278,USR0032,0,0,0,0,1,0,0,Senior Manager,0,1,1,Low,2025-06,0,Invalid Posting Date
TX0088875,2025-06-16,A029,Marketing,V0112,Invoice,412.8,Card,GBP,Pending,2025-06-16,INV00034654,EMP00140,USR0052,0,0,0,0,0,1,0,Department Manager,0,1,1,Low,2025-06,0,Duplicate Invoice
TX0088878,2026-03-27,A001,Operations,V0157,Expense,10900.36,Card,GBP,Approved,2025-06-26,INV00088878,EMP00214,USR0192,0,0,0,0,1,0,1,Finance Director,0,1,1,Medium,2026-03,1,Invalid Posting Date
TX0088885,2026-03-30,A074,HR,V0349,Payment,864.19,Direct Debit,GBP,Pending,2026-02-06,INV00088885,EMP00371,USR0169,0,0,0,0,1,0,1,Department Manager,0,1,1,Low,2026-03,0,Invalid Posting Date
TX0088895,2026-01-30,A074,HR,V0058,Invoice,822.81,Direct Debit,USD,Approved,2026-02-03,INV00088895,EMP00378,USR0121,0,0,0,0,0,1,1,Department Manager,0,1,1,Low,2026-01,0,Duplicate Invoice
TX0088936,2026-03-29,A037,Procurement,V0233,Invoice,252.38,Cheque,USD,Approved,2025-10-26,INV00088936,EMP00477,USR0097,0,0,0,0,1,0,1,Department Manager,0,1,1,Low,2026-03,0,Invalid Posting Date
TX0088948,2025-05-31,A040,Finance,V0080,Expense,1540.77,Cheque,GBP,Rejected,2025-06-04,INV00061461,EMP00110,USR0064,0,0,0,0,0,1,1,Senior Manager,0,1,1,Low,2025-05,0,Duplicate Invoice
TX0088958,2025-10-25,A052,Marketing,V0033,Invoice,1450.25,Cheque,GBP,Approved,2025-10-30,INV00052992,EMP00423,USR0122,0,0,0,0,0,1,0,Senior Manager,0,1,1,Low,2025-10,0,Duplicate Invoice
TX0088969,2026-03-31,A031,Finance,V0468,Invoice,85.44,Bank Transfer,GBP,Rejected,2025-06-24,INV00088969,EMP00155,USR0089,0,0,0,0,1,0,1,Department Manager,0,1,1,Low,2026-03,0,Invalid Posting Date
TX0089016,2026-03-31,A004,Marketing,V0142,Invoice,424.8,Bank Transfer,GBP,Rejected,2025-06-24,INV00089016,EMP00131,USR0057,0,0,0,0,1,0,1,Department Manager,0,1,1,Low,2026-03,0,Invalid Posting Date
TX0089085,2026-03-31,A004,HR,V0234,Payment,5393.22,Bank Transfer,GBP,Pending,2025-07-12,INV00089085,EMP00278,USR0187,0,0,0,0,1,0,1,Senior Manager,0,1,1,Low,2026-03,0,Invalid Posting Date
TX0089086,2026-03-21,A010,Marketing,V0268,Payment,346.61,Direct Debit,EUR,Approved,2026-03-25,INV00013936,EMP00284,USR0124,0,0,0,0,0,1,0,Department Manager,0,1,1,Low,2026-03,0,Duplicate Invoice
TX0089152,2025-04-26,A024,HR,V0341,Invoice,2503.58,Bank Transfer,USD,Approved,2025-04-28,INV00089152,EMP00112,USR0093,0,0,0,0,0,1,0,Senior Manager,0,1,1,Low,2025-04,0,Duplicate Invoice
TX0089174,2025-04-14,A003,Marketing,,Credit Note,548.64,Cheque,EUR,Approved,2025-04-21,INV00089174,EMP00077,USR0135,1,0,0,0,0,0,0,Department Manager,0,1,1,Low,2025-04,0,Missing Vendor
TX0089194,2025-05-07,A056,Operations,V0140,Credit Note,4170.21,Cheque,GBP,Rejected,2025-05-07,INV00060420,EMP00032,USR0133,0,0,0,0,0,1,0,Senior Manager,0,1,1,Low,2025-05,0,Duplicate Invoice
TX0089229,2026-01-10,A008,Marketing,V0461,Payment,6508.39,Cheque,GBP,Approved,2026-01-12,INV00041516,EMP00056,USR0118,0,0,0,0,0,1,0,Senior Manager,0,1,1,Low,2026-01,1,Duplicate Invoice
TX0089243,2026-03-29,A019,IT,V0290,Payment,1528.16,Direct Debit,EUR,Rejected,2025-09-24,INV00089243,EMP00113,USR0095,0,0,0,0,1,0,1,Senior Manager,0,1,1,Low,2026-03,0,Invalid Posting Date
TX0089246,2025-10-30,A057,Marketing,V0201,Payment,202.49,Direct Debit,GBP,Approved,2025-11-02,INV00089246,EMP00307,USR0106,0,0,0,0,0,1,1,Department Manager,0,1,1,Low,2025-10,0,Duplicate Invoice
TX0089252,2026-03-31,A005,Finance,V0009,Invoice,1838.28,Direct Debit,GBP,Approved,2025-07-23,INV00089252,EMP00315,USR0157,0,0,0,0,1,0,1,Senior Manager,0,1,1,Low,2026-03,0,Invalid Posting Date
TX0089269,2026-03-28,A037,Marketing,V0208,Payment,1781.41,Cheque,GBP,Rejected,2025-11-06,INV00089269,EMP00304,USR0062,0,0,0,0,1,0,1,Senior Manager,0,1,1,Low,2026-03,0,Invalid Posting Date
TX0089274,2026-03-31,A021,Sales,V0163,Invoice,7293.16,Card,USD,Rejected,2025-08-30,INV00089274,EMP00184,USR0014,0,0,0,0,1,0,1,Senior Manager,0,1,1,Low,2026-03,1,Invalid Posting Date
TX0089278,2025-08-07,A062,Sales,V0257,Credit Note,4699.13,Direct Debit,EUR,Rejected,2025-08-05,INV00089278,EMP00318,USR0192,0,0,0,0,1,0,0,Senior Manager,0,1,1,Low,2025-08,0,Invalid Posting Date
TX0089317,2025-05-25,A079,Procurement,V0233,Expense,2178.85,Card,GBP,Pending,2025-05-30,INV00098435,EMP00192,USR0032,0,0,0,0,0,1,0,Senior Manager,0,1,1,Low,2025-05,0,Duplicate Invoice
TX0089323,2026-03-28,A077,Operations,V0295,Invoice,14669.58,Card,USD,Pending,2026-03-01,INV00089323,EMP00104,USR0159,0,0,0,0,1,0,1,Finance Director,0,1,1,Medium,2026-03,1,Invalid Posting Date
TX0089330,2025-06-19,A045,Sales,V0185,Expense,689.08,Card,EUR,Approved,2025-06-22,INV00089330,,USR0112,0,1,0,0,0,0,0,Department Manager,0,1,1,Low,2025-06,0,No Exception
TX0089358,2025-05-11,A065,Operations,V0097,Invoice,6293.42,Card,EUR,Rejected,2025-05-18,INV00089358,,USR0117,0,1,0,0,0,0,0,Senior Manager,1,2,1,Medium,2025-05,1,Missing Approval
TX0089391,2025-08-31,A004,Finance,V0364,Invoice,2439.48,Direct Debit,USD,Approved,2025-08-31,INV00035888,EMP00449,USR0092,0,0,0,0,0,1,1,Senior Manager,0,1,1,Low,2025-08,0,Duplicate Invoice
TX0089402,2026-03-29,A070,Finance,V0482,Invoice,17751.18,Card,GBP,Pending,2025-12-03,INV00089402,EMP00061,USR0019,0,0,0,0,1,0,1,Finance Director,0,1,1,Medium,2026-03,1,Invalid Posting Date
TX0089404,2026-03-31,A005,Finance,V0197,Expense,8855.34,Direct Debit,GBP,Approved,2025-07-27,INV00089404,EMP00242,USR0077,0,0,0,0,1,0,1,Senior Manager,0,1,1,Low,2026-03,1,Invalid Posting Date
TX0089405,2026-03-27,A070,Sales,V0026,Invoice,2548.86,Direct Debit,GBP,Pending,2026-04-02,INV00089405,EMP00242,USR0092,0,0,0,0,0,1,1,Senior Manager,0,1,1,Low,2026-03,0,Duplicate Invoice
TX0089406,2025-04-27,A061,Procurement,,Invoice,249.35,Direct Debit,GBP,Approved,2025-04-29,INV00089406,EMP00210,USR0069,1,0,0,0,0,0,1,Department Manager,0,1,1,Low,2025-04,0,Missing Vendor
TX0089413,2026-01-10,A021,Marketing,V0492,Invoice,3859.83,Cheque,GBP,Approved,2026-01-16,INV00059809,EMP00470,USR0097,0,0,0,0,0,1,0,Senior Manager,0,1,1,Low,2026-01,0,Duplicate Invoice
TX0089438,2025-12-25,A040,Sales,V0199,Invoice,1422.47,Cheque,EUR,Approved,2025-12-27,INV00040039,EMP00336,USR0137,0,0,0,0,0,1,0,Senior Manager,0,1,1,Low,2025-12,0,Duplicate Invoice
TX0089447,2026-03-29,A079,Finance,V0373,Invoice,1562.55,Cheque,GBP,Pending,2025-08-16,INV00089447,EMP00420,USR0180,0,0,0,0,1,0,1,Senior Manager,0,1,1,Low,2026-03,0,Invalid Posting Date
TX0089455,2026-03-27,A065,Operations,V0112,Credit Note,1481.48,Card,GBP,Pending,2025-07-01,INV00089455,EMP00035,USR0118,0,0,0,0,1,0,1,Senior Manager,0,1,1,Low,2026-03,0,Invalid Posting Date
TX0089464,2026-03-31,A013,Sales,V0149,Invoice,1752.57,Card,USD,Approved,2025-08-09,INV00089464,EMP00131,USR0172,0,0,0,0,1,0,1,Senior Manager,0,1,1,Low,2026-03,0,Invalid Posting Date
TX0089485,2026-03-23,A003,Procurement,V0235,Expense,1154.13,Direct Debit,EUR,Approved,2026-03-23,INV00087072,EMP00242,USR0096,0,0,0,0,0,1,0,Senior Manager,0,1,1,Low,2026-03,0,Duplicate Invoice
TX0089505,2025-06-08,,Procurement,V0085,Credit Note,1170.64,Direct Debit,GBP,Approved,2025-06-10,INV00089505,EMP00366,USR0171,0,0,1,0,0,0,0,Senior Manager,0,1,1,Low,2025-06,0,Missing Account
TX0089578,2026-02-13,A056,Sales,V0302,Expense,1205.0,Bank Transfer,EUR,Rejected,2026-02-14,INV00089578,EMP00233,USR0144,0,0,0,0,0,1,0,Senior Manager,0,1,1,Low,2026-02,0,Duplicate Invoice
TX0089622,2026-03-29,A070,Finance,V0029,Invoice,351.43,Direct Debit,EUR,Approved,2025-08-11,INV00089622,EMP00389,USR0003,0,0,0,0,1,0,1,Department Manager,0,1,1,Low,2026-03,0,Invalid Posting Date
TX0089645,2025-04-17,A037,Marketing,,Invoice,382.87,Card,GBP,Rejected,2025-04-20,INV00089645,EMP00234,USR0080,1,0,0,0,0,0,0,Department Manager,0,1,1,Low,2025-04,0,Missing Vendor
TX0089648,2025-07-28,A035,Procurement,V0403,Payment,1740.54,Direct Debit,GBP,Approved,2025-07-29,INV00014953,EMP00437,USR0066,0,0,0,0,0,1,1,Senior Manager,0,1,1,Low,2025-07,0,Duplicate Invoice
TX0089680,2025-05-02,A075,IT,V0367,Invoice,1620.77,Direct Debit,GBP,Pending,2025-05-09,INV00089680,,USR0081,0,1,0,0,0,0,0,Senior Manager,1,2,1,Medium,2025-05,0,Missing Approval
TX0089742,2025-09-26,A036,Finance,V0026,Journal Entry,177.92,Card,USD,Rejected,2025-09-29,INV00045949,EMP00466,USR0075,0,0,0,0,0,1,0,Department Manager,0,1,1,Low,2025-09,0,Duplicate Invoice
TX0089766,2025-04-17,A061,Finance,V0224,Invoice,1029.71,Bank Transfer,USD,Rejected,2025-04-24,INV00019213,EMP00110,USR0111,0,0,0,0,0,1,0,Senior Manager,0,1,1,Low,2025-04,0,Duplicate Invoice
TX0089770,2026-01-16,A073,Operations,,Credit Note,1747.78,Direct Debit,USD,Rejected,2026-01-18,INV00089770,EMP00295,USR0166,1,0,0,0,0,0,0,Senior Manager,0,1,1,Low,2026-01,0,Missing Vendor
TX0089774,2025-10-25,A057,IT,V0419,Payment,1594.06,Card,EUR,Pending,2025-11-01,INV00088401,EMP00121,USR0085,0,0,0,0,0,1,0,Senior Manager,0,1,1,Low,2025-10,0,Duplicate Invoice
TX0089799,2025-10-29,A066,Procurement,V0028,Invoice,11788.94,Cheque,USD,Approved,2025-11-05,INV00089799,EMP00257,USR0096,0,0,0,0,0,1,1,Finance Director,0,1,1,Medium,2025-10,1,Duplicate Invoice
TX0089808,2026-02-03,A043,Marketing,V0103,Invoice,3470.9,Cheque,EUR,Approved,2026-02-06,INV00089808,,USR0035,0,1,0,0,0,0,0,Senior Manager,1,2,1,Medium,2026-02,0,Missing Approval
TX0089814,2026-03-30,A063,Marketing,V0168,Journal Entry,721.52,Card,GBP,Approved,2025-10-04,INV00089814,EMP00373,USR0097,0,0,0,0,1,0,1,Department Manager,0,1,1,Low,2026-03,0,Invalid Posting Date
TX0089841,2026-03-30,A068,Marketing,V0407,Invoice,824.4,Card,GBP,Rejected,2025-11-25,INV00089841,EMP00467,USR0049,0,0,0,0,1,0,1,Department Manager,0,1,1,Low,2026-03,0,Invalid Posting Date
TX0089867,2026-03-28,A038,Finance,V0057,Invoice,3771.68,Direct Debit,GBP,Pending,2025-07-04,INV00089867,EMP00054,USR0053,0,0,0,0,1,0,1,Senior Manager,0,1,1,Low,2026-03,0,Invalid Posting Date
TX0089875,2025-04-21,A023,HR,V0237,Invoice,1214.78,Cheque,USD,Approved,2025-04-26,INV00011015,EMP00273,USR0038,0,0,0,0,0,1,0,Senior Manager,0,1,1,Low,2025-04,0,Duplicate Invoice
TX0089885,2025-08-27,A053,Operations,V0259,Invoice,691.31,Card,GBP,Rejected,2025-09-01,INV00089885,EMP00093,USR0120,0,0,0,0,0,1,1,Department Manager,0,1,1,Low,2025-08,0,Duplicate Invoice
TX0089886,2025-11-16,A029,Finance,V0085,Credit Note,483.64,Direct Debit,GBP,Approved,2025-11-21,INV00089886,,USR0175,0,1,0,0,0,0,0,Department Manager,0,1,1,Low,2025-11,0,No Exception
TX0089913,2026-03-29,A044,HR,V0016,Invoice,4812.62,Bank Transfer,USD,Rejected,2026-01-06,INV00089913,EMP00227,USR0164,0,0,0,0,1,0,1,Senior Manager,0,1,1,Low,2026-03,0,Invalid Posting Date
TX0089915,2026-01-24,A037,IT,V0244,Invoice,-1223.24,Direct Debit,EUR,Approved,2026-01-29,INV00089915,EMP00019,USR0151,0,0,0,1,0,0,0,Senior Manager,0,1,1,Low,2026-01,0,Invalid Amount
TX0089947,2025-06-29,A071,IT,V0058,Payment,-421.97,Cheque,GBP,Approved,2025-07-02,INV00089947,EMP00496,USR0170,0,0,0,1,0,0,1,Department Manager,0,1,1,Low,2025-06,0,Invalid Amount
TX0089981,2025-06-19,A051,Operations,V0107,Invoice,1322.98,Cheque,GBP,Approved,2025-06-25,INV00092131,EMP00203,USR0182,0,0,0,0,0,1,0,Senior Manager,0,1,1,Low,2025-06,0,Duplicate Invoice
TX0090046,2026-03-28,A058,IT,V0261,Invoice,5331.31,Cheque,EUR,Pending,2025-04-03,INV00090046,EMP00010,USR0100,0,0,0,0,1,0,1,Senior Manager,0,1,1,Low,2026-03,0,Invalid Posting Date
TX0090054,2026-03-11,A060,Marketing,,Payment,821.96,Direct Debit,GBP,Pending,2026-03-15,INV00090054,EMP00452,USR0064,1,0,0,0,0,0,0,Department Manager,0,1,1,Low,2026-03,0,Missing Vendor
TX0090072,2026-02-08,A068,Marketing,V0111,Payment,1488.21,Card,GBP,Approved,2026-02-14,INV00084611,EMP00464,USR0173,0,0,0,0,0,1,0,Senior Manager,0,1,1,Low,2026-02,0,Duplicate Invoice
TX0090083,2026-03-29,A061,Operations,V0486,Expense,1024.11,Direct Debit,GBP,Pending,2025-05-29,INV00090083,EMP00180,USR0186,0,0,0,0,1,0,1,Senior Manager,0,1,1,Low,2026-03,0,Invalid Posting Date
TX0090092,2025-07-23,A032,IT,V0158,Expense,-42.48,Direct Debit,GBP,Pending,2025-07-30,INV00090092,EMP00075,USR0052,0,0,0,1,0,1,0,Department Manager,0,2,1,Medium,2025-07,0,Invalid Amount
TX0090188,2025-06-22,A051,Operations,,Expense,206.77,Cheque,GBP,Rejected,2025-06-23,INV00090188,EMP00419,USR0129,1,0,0,0,0,0,0,Department Manager,0,1,1,Low,2025-06,0,Missing Vendor
TX0090195,2026-03-12,A080,Operations,V0232,Invoice,861.85,Cheque,USD,Pending,2026-03-17,INV00038051,EMP00311,USR0072,0,0,0,0,0,1,0,Department Manager,0,1,1,Low,2026-03,0,Duplicate Invoice
TX0090225,2026-03-27,A047,Finance,V0036,Expense,1483.19,Bank Transfer,GBP,Rejected,2026-01-08,INV00090225,EMP00062,USR0059,0,0,0,0,1,0,1,Senior Manager,0,1,1,Low,2026-03,0,Invalid Posting Date
TX0090298,2026-03-31,A042,Sales,V0453,Invoice,2832.46,Cheque,EUR,Approved,2025-06-10,INV00090298,EMP00309,USR0128,0,0,0,0,1,0,1,Senior Manager,0,1,1,Low,2026-03,0,Invalid Posting Date
TX0090321,2025-12-28,A002,HR,V0237,Payment,9341.11,Cheque,GBP,Pending,2026-01-04,INV00074449,EMP00308,USR0169,0,0,0,0,0,1,1,Senior Manager,0,1,1,Low,2025-12,1,Duplicate Invoice
TX0090356,2025-05-31,A074,Operations,V0117,Invoice,448.04,Cheque,EUR,Approved,2025-05-29,INV00090356,EMP00175,USR0140,0,0,0,0,1,0,1,Department Manager,0,1,1,Low,2025-05,0,Invalid Posting Date
TX0090377,2025-11-20,A068,Sales,V0196,Invoice,329.72,Cheque,GBP,Approved,2025-11-26,INV00090377,EMP00288,USR0144,0,0,0,0,0,1,0,Department Manager,0,1,1,Low,2025-11,0,Duplicate Invoice
TX0090379,2025-10-28,A005,Procurement,V0457,Invoice,2637.28,Cheque,GBP,Approved,2025-11-04,INV00002281,EMP00152,USR0033,0,0,0,0,0,1,1,Senior Manager,0,1,1,Low,2025-10,0,Duplicate Invoice
TX0090414,2025-06-24,A063,Operations,V0486,Expense,1858.91,Direct Debit,GBP,Rejected,2025-06-21,INV00090414,EMP00446,USR0030,0,0,0,0,1,0,0,Senior Manager,0,1,1,Low,2025-06,0,Invalid Posting Date
TX0090457,2026-03-31,A074,HR,V0480,Invoice,2111.76,Cheque,GBP,Approved,2026-04-06,INV00090457,,USR0084,0,1,0,0,0,0,1,Senior Manager,1,2,1,Medium,2026-03,0,Missing Approval
TX0090478,2026-03-31,A010,Procurement,V0375,Invoice,3433.45,Cheque,USD,Pending,2026-01-03,INV00090478,EMP00356,USR0048,0,0,0,0,1,0,1,Senior Manager,0,1,1,Low,2026-03,0,Invalid Posting Date
TX0090489,2026-01-31,A044,Marketing,V0215,Invoice,297.91,Direct Debit,GBP,Approved,2026-02-07,INV00090489,,USR0155,0,1,0,0,0,0,1,Department Manager,0,1,1,Low,2026-01,0,No Exception
TX0090533,2026-03-31,A052,Finance,V0054,Invoice,472.08,Card,EUR,Rejected,2025-05-31,INV00090533,EMP00257,USR0101,0,0,0,0,1,0,1,Department Manager,0,1,1,Low,2026-03,0,Invalid Posting Date
TX0090538,2025-08-17,A039,Finance,V0020,Invoice,892.01,Bank Transfer,USD,Approved,2025-08-24,INV00025331,EMP00197,USR0181,0,0,0,0,0,1,0,Department Manager,0,1,1,Low,2025-08,0,Duplicate Invoice
TX0090594,2026-03-30,A008,Operations,V0427,Invoice,688.98,Direct Debit,GBP,Approved,2025-06-15,INV00090594,EMP00320,USR0053,0,0,0,0,1,0,1,Department Manager,0,1,1,Low,2026-03,0,Invalid Posting Date
TX0090628,2025-08-03,A003,Sales,V0331,Payment,2127.06,Bank Transfer,USD,Rejected,2025-08-05,INV00050491,EMP00161,USR0029,0,0,0,0,0,1,0,Senior Manager,0,1,1,Low,2025-08,0,Duplicate Invoice
TX0090651,2025-10-10,A055,Operations,V0041,Credit Note,1034.24,Direct Debit,GBP,Approved,2025-10-11,INV00090651,EMP00039,USR0049,0,0,0,0,0,1,0,Senior Manager,0,1,1,Low,2025-10,0,Duplicate Invoice
TX0090655,2025-05-15,,Sales,V0174,Invoice,10543.12,Cheque,GBP,Approved,2025-05-19,INV00090655,EMP00453,USR0051,0,0,1,0,0,0,0,Finance Director,0,1,1,Medium,2025-05,1,Missing Account
TX0090662,2025-12-18,A022,Sales,V0386,Journal Entry,1675.84,Bank Transfer,EUR,Pending,2025-12-16,INV00090662,EMP00164,USR0075,0,0,0,0,1,0,0,Senior Manager,0,1,1,Low,2025-12,0,Invalid Posting Date
TX0090674,2026-03-28,A064,Finance,V0428,Expense,3763.67,Bank Transfer,EUR,Approved,2025-04-22,INV00090674,EMP00348,USR0114,0,0,0,0,1,0,1,Senior Manager,0,1,1,Low,2026-03,0,Invalid Posting Date
TX0090677,2025-10-11,A019,Procurement,V0376,Expense,655.28,Card,GBP,Approved,2025-10-18,INV00050283,EMP00132,USR0068,0,0,0,0,0,1,0,Department Manager,0,1,1,Low,2025-10,0,Duplicate Invoice
TX0090710,2025-05-09,A077,Finance,V0175,Invoice,159.91,Cheque,EUR,Approved,2025-05-11,INV00090710,EMP00172,USR0102,0,0,0,0,0,1,0,Department Manager,0,1,1,Low,2025-05,0,Duplicate Invoice
TX0090730,2025-10-30,A022,Operations,V0181,Expense,2531.4,Bank Transfer,GBP,Approved,2025-10-31,INV00090730,EMP00151,USR0089,0,0,0,0,0,1,1,Senior Manager,0,1,1,Low,2025-10,0,Duplicate Invoice
TX0090786,2025-07-22,A041,IT,V0440,Credit Note,486.91,Cheque,GBP,Pending,2025-07-28,INV00033685,EMP00190,USR0059,0,0,0,0,0,1,0,Department Manager,0,1,1,Low,2025-07,0,Duplicate Invoice
TX0090791,2025-11-28,A076,Operations,V0488,Invoice,1209.66,Cheque,EUR,Approved,2025-11-29,INV00090791,EMP00170,USR0145,0,0,0,0,0,1,1,Senior Manager,0,1,1,Low,2025-11,0,Duplicate Invoice
TX0090813,2026-03-28,A033,Operations,V0094,Payment,3974.73,Cheque,GBP,Approved,2025-12-09,INV00090813,EMP00487,USR0155,0,0,0,0,1,0,1,Senior Manager,0,1,1,Low,2026-03,0,Invalid Posting Date
TX0090826,2025-12-25,A015,Marketing,,Journal Entry,3674.66,Cheque,GBP,Approved,2025-12-27,INV00090826,EMP00293,USR0089,1,0,0,0,0,0,0,Senior Manager,0,1,1,Low,2025-12,0,Missing Vendor
TX0090835,2025-12-14,A060,Marketing,V0139,Expense,4993.82,Bank Transfer,USD,Approved,2025-12-21,INV00090835,,USR0079,0,1,0,0,0,0,0,Senior Manager,1,2,1,Medium,2025-12,0,Missing Approval
TX0090860,2026-03-30,A062,Sales,V0395,Payment,507.33,Card,GBP,Pending,2025-05-15,INV00090860,EMP00015,USR0195,0,0,0,0,1,0,1,Department Manager,0,1,1,Low,2026-03,0,Invalid Posting Date
TX0090868,2026-02-06,A024,HR,V0046,Invoice,825.61,Direct Debit,GBP,Approved,2026-02-07,INV00090868,,USR0072,0,1,0,0,0,0,0,Department Manager,0,1,1,Low,2026-02,0,No Exception
TX0090882,2025-09-15,A063,Marketing,V0225,Journal Entry,93.18,Bank Transfer,GBP,Pending,2025-09-18,INV00005224,EMP00215,USR0113,0,0,0,0,0,1,0,Department Manager,0,1,1,Low,2025-09,0,Duplicate Invoice
TX0090890,2026-01-17,A042,IT,V0117,Invoice,675.8,Direct Debit,USD,Approved,2026-01-22,INV00090890,EMP00492,USR0035,0,0,0,0,0,1,0,Department Manager,0,1,1,Low,2026-01,0,Duplicate Invoice
TX0090916,2026-03-30,A059,Sales,V0260,Credit Note,586.09,Direct Debit,GBP,Approved,2025-04-23,INV00090916,EMP00166,USR0114,0,0,0,0,1,0,1,Department Manager,0,1,1,Low,2026-03,0,Invalid Posting Date
TX0090948,2026-02-12,,Sales,V0427,Invoice,2239.42,Direct Debit,GBP,Approved,2026-02-14,INV00090948,EMP00409,USR0122,0,0,1,0,0,0,0,Senior Manager,0,1,1,Low,2026-02,0,Missing Account
TX0090956,2026-03-28,A030,HR,V0249,Expense,3805.69,Bank Transfer,GBP,Approved,2026-02-15,INV00090956,EMP00204,USR0044,0,0,0,0,1,0,1,Senior Manager,0,1,1,Low,2026-03,0,Invalid Posting Date
TX0090974,2026-03-29,A019,IT,V0328,Expense,2829.59,Cheque,GBP,Approved,2026-01-27,INV00090974,EMP00055,USR0097,0,0,0,0,1,0,1,Senior Manager,0,1,1,Low,2026-03,0,Invalid Posting Date
TX0090978,2026-03-31,A064,Operations,V0228,Invoice,1013.82,Bank Transfer,GBP,Approved,2025-05-17,INV00090978,EMP00158,USR0126,0,0,0,0,1,0,1,Senior Manager,0,1,1,Low,2026-03,0,Invalid Posting Date
TX0090999,2025-04-20,A039,Marketing,V0206,Invoice,364.68,Bank Transfer,GBP,Approved,2025-04-24,INV00090999,,USR0027,0,1,0,0,0,0,0,Department Manager,0,1,1,Low,2025-04,0,No Exception
TX0091016,2026-03-28,A072,Marketing,V0359,Invoice,1708.12,Cheque,GBP,Approved,2025-07-17,INV00091016,EMP00131,USR0108,0,0,0,0,1,0,1,Senior Manager,0,1,1,Low,2026-03,0,Invalid Posting Date
TX0091055,2025-10-26,A020,Marketing,,Invoice,7541.34,Card,EUR,Approved,2025-11-01,INV00091055,EMP00006,USR0013,1,0,0,0,0,0,0,Senior Manager,0,1,1,Low,2025-10,1,Missing Vendor
TX0091106,2025-04-23,A036,IT,V0311,Expense,711.28,Bank Transfer,USD,Approved,2025-04-21,INV00091106,EMP00262,USR0143,0,0,0,0,1,0,0,Department Manager,0,1,1,Low,2025-04,0,Invalid Posting Date
TX0091128,2026-03-23,A044,IT,V0266,Credit Note,193.41,Bank Transfer,GBP,Approved,2026-03-30,INV00091128,EMP00475,USR0016,0,0,0,0,0,1,0,Department Manager,0,1,1,Low,2026-03,0,Duplicate Invoice
TX0091133,2025-11-22,,IT,V0447,Invoice,3476.69,Bank Transfer,EUR,Approved,2025-11-22,INV00091133,EMP00388,USR0057,0,0,1,0,0,0,0,Senior Manager,0,1,1,Low,2025-11,0,Missing Account
TX0091152,2026-03-29,A080,Sales,V0462,Invoice,2019.82,Bank Transfer,USD,Rejected,2025-08-23,INV00091152,EMP00125,USR0065,0,0,0,0,1,0,1,Senior Manager,0,1,1,Low,2026-03,0,Invalid Posting Date
TX0091158,2025-09-29,A052,HR,V0252,Invoice,501.16,Bank Transfer,EUR,Approved,2025-09-29,INV00091158,,USR0058,0,1,0,0,0,0,1,Department Manager,0,1,1,Low,2025-09,0,No Exception
TX0091159,2026-03-31,A040,IT,V0435,Journal Entry,242.12,Bank Transfer,GBP,Approved,2025-10-14,INV00091159,,USR0067,0,1,0,0,1,0,1,Department Manager,0,2,1,Medium,2026-03,0,Invalid Posting Date
TX0091180,2025-09-12,A080,Procurement,V0095,Journal Entry,1162.78,Bank Transfer,GBP,Approved,2025-09-13,INV00093365,EMP00414,USR0147,0,0,0,0,0,1,0,Senior Manager,0,1,1,Low,2025-09,0,Duplicate Invoice
TX0091228,2025-10-07,A033,Sales,V0092,Expense,966.35,Bank Transfer,GBP,Pending,2025-10-05,INV00091228,EMP00484,USR0047,0,0,0,0,1,0,0,Department Manager,0,1,1,Low,2025-10,0,Invalid Posting Date
TX0091301,2026-03-27,A019,Finance,V0288,Expense,4051.13,Cheque,GBP,Approved,2025-05-11,INV00091301,EMP00438,USR0164,0,0,0,0,1,0,1,Senior Manager,0,1,1,Low,2026-03,0,Invalid Posting Date
TX0091321,2025-12-17,A003,Sales,V0254,Payment,167.12,Cheque,GBP,Approved,2025-12-20,INV00091321,,USR0016,0,1,0,0,0,0,0,Department Manager,0,1,1,Low,2025-12,0,No Exception
TX0091331,2025-08-03,A007,IT,V0495,Credit Note,545.22,Cheque,EUR,Rejected,2025-08-06,INV00091331,EMP00161,USR0175,0,0,0,0,0,1,0,Department Manager,0,1,1,Low,2025-08,0,Duplicate Invoice
TX0091338,2025-09-06,A037,Sales,V0182,Payment,399.74,Card,GBP,Approved,2025-09-11,INV00039332,EMP00037,USR0024,0,0,0,0,0,1,0,Department Manager,0,1,1,Low,2025-09,0,Duplicate Invoice
TX0091342,2026-02-09,A020,Sales,V0080,Expense,865.41,Card,USD,Approved,2026-02-14,INV00091342,,USR0194,0,1,0,0,0,0,0,Department Manager,0,1,1,Low,2026-02,0,No Exception
TX0091357,2025-05-29,A027,Procurement,,Invoice,287.58,Cheque,EUR,Pending,2025-06-05,INV00091357,EMP00110,USR0192,1,0,0,0,0,0,1,Department Manager,0,1,1,Low,2025-05,0,Missing Vendor
TX0091367,2026-03-14,A012,Sales,V0284,Journal Entry,2681.41,Direct Debit,GBP,Pending,2026-03-17,INV00066101,EMP00311,USR0168,0,0,0,0,0,1,0,Senior Manager,0,1,1,Low,2026-03,0,Duplicate Invoice
TX0091386,2025-08-02,A077,Finance,V0002,Journal Entry,1236.31,Cheque,USD,Approved,2025-08-07,INV00091386,,USR0127,0,1,0,0,0,0,0,Senior Manager,1,2,1,Medium,2025-08,0,Missing Approval
TX0091434,2026-01-24,A070,Operations,V0352,Invoice,691.38,Bank Transfer,GBP,Approved,2026-01-23,INV00091434,EMP00370,USR0153,0,0,0,0,1,0,0,Department Manager,0,1,1,Low,2026-01,0,Invalid Posting Date
TX0091477,2025-08-12,A074,Operations,V0079,Invoice,482.43,Cheque,EUR,Approved,2025-08-10,INV00091477,EMP00187,USR0049,0,0,0,0,1,0,0,Department Manager,0,1,1,Low,2025-08,0,Invalid Posting Date
TX0091499,2025-10-29,A028,Operations,V0179,Payment,1397.72,Bank Transfer,EUR,Approved,2025-11-04,INV00008453,EMP00312,USR0188,0,0,0,0,0,1,1,Senior Manager,0,1,1,Low,2025-10,0,Duplicate Invoice
TX0091504,2025-04-16,A022,HR,V0403,Journal Entry,137.31,Bank Transfer,GBP,Approved,2025-04-23,INV00058171,EMP00275,USR0139,0,0,0,0,0,1,0,Department Manager,0,1,1,Low,2025-04,0,Duplicate Invoice
TX0091522,2026-03-29,A048,Sales,V0469,Invoice,1106.77,Cheque,EUR,Approved,2025-11-17,INV00091522,EMP00160,USR0165,0,0,0,0,1,0,1,Senior Manager,0,1,1,Low,2026-03,0,Invalid Posting Date
TX0091560,2025-07-12,A004,Procurement,V0221,Invoice,254.37,Cheque,GBP,Rejected,2025-07-15,INV00055432,EMP00351,USR0196,0,0,0,0,0,1,0,Department Manager,0,1,1,Low,2025-07,0,Duplicate Invoice
TX0091572,2026-03-07,A027,HR,V0076,Invoice,413.63,Card,GBP,Approved,2026-03-08,INV00061297,EMP00316,USR0143,0,0,0,0,0,1,0,Department Manager,0,1,1,Low,2026-03,0,Duplicate Invoice
TX0091574,2025-05-31,A023,Operations,V0042,Invoice,6770.09,Card,USD,Approved,2025-05-31,INV00091574,,USR0184,0,1,0,0,0,0,1,Senior Manager,1,2,1,Medium,2025-05,1,Missing Approval
TX0091585,2025-11-15,A074,Sales,V0024,Payment,1217.15,Direct Debit,GBP,Pending,2025-11-20,INV00033802,EMP00449,USR0020,0,0,0,0,0,1,0,Senior Manager,0,1,1,Low,2025-11,0,Duplicate Invoice
TX0091598,2025-10-01,A036,Operations,V0427,Invoice,13617.2,Cheque,USD,Pending,2025-10-04,INV00091598,EMP00431,USR0060,0,0,0,0,0,1,0,Finance Director,0,1,1,Medium,2025-10,1,Duplicate Invoice
TX0091635,2026-03-31,A007,HR,V0020,Credit Note,-3625.73,Card,GBP,Rejected,2025-04-09,INV00091635,EMP00183,USR0017,0,0,0,1,1,0,1,Senior Manager,0,2,1,Medium,2026-03,0,Invalid Amount
TX0091658,2026-03-22,A002,Marketing,V0077,Expense,4739.18,Direct Debit,GBP,Approved,2026-03-25,INV00091658,,USR0046,0,1,0,0,0,1,0,Senior Manager,1,3,1,High,2026-03,0,Duplicate Invoice
TX0091715,2025-10-06,A059,Finance,,Journal Entry,1442.5,Cheque,GBP,Rejected,2025-10-12,INV00091715,EMP00072,USR0089,1,0,0,0,0,0,0,Senior Manager,0,1,1,Low,2025-10,0,Missing Vendor
TX0091727,2025-07-01,A054,IT,V0093,Invoice,1428.16,Cheque,GBP,Approved,2025-06-30,INV00091727,EMP00384,USR0093,0,0,0,0,1,0,0,Senior Manager,0,1,1,Low,2025-07,0,Invalid Posting Date
TX0091741,2025-11-07,A054,Finance,V0468,Invoice,-45346.99,Direct Debit,GBP,Approved,2025-11-14,INV00091741,EMP00457,USR0083,0,0,0,1,0,0,0,Finance Director,0,1,1,Medium,2025-11,0,Invalid Amount
TX0091743,2026-03-05,A025,Operations,V0183,Credit Note,232.76,Card,USD,Approved,2026-03-01,INV00091743,EMP00035,USR0071,0,0,0,0,1,0,0,Department Manager,0,1,1,Low,2026-03,0,Invalid Posting Date
TX0091801,2026-03-28,A062,Marketing,V0247,Invoice,4013.68,Direct Debit,USD,Pending,2025-06-12,INV00091801,EMP00263,USR0081,0,0,0,0,1,0,1,Senior Manager,0,1,1,Low,2026-03,0,Invalid Posting Date
TX0091829,2026-03-30,A068,Sales,V0126,Payment,992.43,Bank Transfer,GBP,Rejected,2025-08-07,INV00091829,EMP00184,USR0038,0,0,0,0,1,0,1,Department Manager,0,1,1,Low,2026-03,0,Invalid Posting Date
TX0091840,2025-05-28,A032,Sales,V0196,Invoice,555.63,Cheque,GBP,Pending,2025-05-29,INV00091840,EMP00324,USR0087,0,0,0,0,0,1,1,Department Manager,0,1,1,Low,2025-05,0,Duplicate Invoice
TX0091846,2025-04-02,A018,Procurement,V0242,Invoice,175.28,Card,USD,Rejected,2025-04-06,INV00074361,EMP00268,USR0084,0,0,0,0,0,1,0,Department Manager,0,1,1,Low,2025-04,0,Duplicate Invoice
TX0091852,2026-03-28,A034,IT,V0071,Expense,7295.85,Card,GBP,Approved,2025-08-18,INV00091852,EMP00267,USR0130,0,0,0,0,1,0,1,Senior Manager,0,1,1,Low,2026-03,1,Invalid Posting Date
TX0091865,2026-03-10,A020,Finance,V0497,Journal Entry,1853.71,Bank Transfer,USD,Approved,2026-03-16,INV00091865,,USR0058,0,1,0,0,0,0,0,Senior Manager,1,2,1,Medium,2026-03,0,Missing Approval
TX0091867,2025-10-07,A033,Finance,V0220,Expense,337.63,Bank Transfer,GBP,Approved,2025-10-09,INV00091867,,USR0116,0,1,0,0,0,0,0,Department Manager,0,1,1,Low,2025-10,0,No Exception
TX0091913,2025-06-14,A058,Finance,V0342,Payment,244.95,Bank Transfer,USD,Pending,2025-06-15,INV00091913,EMP00382,USR0153,0,0,0,0,0,1,0,Department Manager,0,1,1,Low,2025-06,0,Duplicate Invoice
TX0091958,2025-08-26,A013,IT,V0441,Credit Note,1154.51,Direct Debit,GBP,Approved,2025-09-02,INV00091958,EMP00050,USR0066,0,0,0,0,0,1,0,Senior Manager,0,1,1,Low,2025-08,0,Duplicate Invoice
TX0092002,2026-03-30,A016,Marketing,V0177,Payment,564.39,Direct Debit,GBP,Approved,2025-09-30,INV00092002,EMP00143,USR0192,0,0,0,0,1,0,1,Department Manager,0,1,1,Low,2026-03,0,Invalid Posting Date
TX0092050,2025-06-24,A067,Operations,V0414,Invoice,-375.85,Bank Transfer,USD,Approved,2025-06-24,INV00092050,EMP00204,USR0097,0,0,0,1,0,0,0,Department Manager,0,1,1,Low,2025-06,0,Invalid Amount
TX0092131,2025-09-26,A042,IT,V0395,Credit Note,1800.4,Bank Transfer,USD,Approved,2025-10-01,INV00092131,EMP00241,USR0085,0,0,0,0,0,1,0,Senior Manager,0,1,1,Low,2025-09,0,Duplicate Invoice
TX0092141,2025-10-14,,IT,V0497,Payment,189.5,Bank Transfer,EUR,Rejected,2025-10-17,INV00092141,EMP00394,USR0052,0,0,1,0,0,0,0,Department Manager,0,1,1,Low,2025-10,0,Missing Account
TX0092169,2025-05-28,A019,Finance,V0275,Invoice,1400.8,Card,EUR,Approved,2025-05-30,INV00092169,EMP00104,USR0147,0,0,0,0,0,1,1,Senior Manager,0,1,1,Low,2025-05,0,Duplicate Invoice
TX0092186,2026-01-01,A005,Sales,V0119,Invoice,976.03,Card,GBP,Rejected,2026-01-05,INV00092186,,USR0029,0,1,0,0,0,0,0,Department Manager,0,1,1,Low,2026-01,0,No Exception
TX0092187,2025-10-04,A039,Sales,V0412,Payment,567.45,Cheque,USD,Approved,2025-10-04,INV00002361,EMP00171,USR0039,0,0,0,0,0,1,0,Department Manager,0,1,1,Low,2025-10,0,Duplicate Invoice
TX0092196,2026-03-30,A051,Sales,V0108,Invoice,889.31,Card,EUR,Approved,2025-10-07,INV00092196,EMP00402,USR0115,0,0,0,0,1,0,1,Department Manager,0,1,1,Low,2026-03,0,Invalid Posting Date
TX0092203,2025-08-17,A066,Procurement,V0292,Invoice,302.17,Bank Transfer,EUR,Approved,2025-08-23,INV00086254,EMP00325,USR0186,0,0,0,0,0,1,0,Department Manager,0,1,1,Low,2025-08,0,Duplicate Invoice
TX0092221,2025-08-21,A048,Operations,V0202,Credit Note,512.3,Card,GBP,Approved,2025-08-25,INV00092221,EMP00128,USR0116,0,0,0,0,0,1,0,Department Manager,0,1,1,Low,2025-08,0,Duplicate Invoice
TX0092224,2026-02-03,A038,Sales,V0386,Journal Entry,35665.75,Direct Debit,GBP,Approved,2026-02-05,INV00086709,EMP00310,USR0032,0,0,0,0,0,1,0,Finance Director,0,1,1,Medium,2026-02,1,Duplicate Invoice
TX0092226,2025-10-20,A069,Marketing,V0083,Invoice,431.55,Card,GBP,Approved,2025-10-18,INV00092226,EMP00082,USR0200,0,0,0,0,1,0,0,Department Manager,0,1,1,Low,2025-10,0,Invalid Posting Date
TX0092272,2025-06-14,A045,HR,V0168,Invoice,126.92,Cheque,GBP,Approved,2025-06-16,INV00092272,EMP00108,USR0060,0,0,0,0,0,1,0,Department Manager,0,1,1,Low,2025-06,0,Duplicate Invoice
TX0092277,2026-03-27,A072,Operations,V0363,Expense,1954.23,Cheque,GBP,Approved,2026-01-12,INV00092277,EMP00010,USR0098,0,0,0,0,1,0,1,Senior Manager,0,1,1,Low,2026-03,0,Invalid Posting Date
TX0092296,2025-08-25,,Procurement,V0444,Journal Entry,2688.36,Direct Debit,EUR,Approved,2025-08-25,INV00002181,EMP00302,USR0019,0,0,1,0,0,1,0,Senior Manager,0,2,1,Medium,2025-08,0,Duplicate Invoice
TX0092319,2025-07-25,A078,Procurement,V0310,Journal Entry,2012.6,Direct Debit,EUR,Pending,2025-07-27,INV00076610,EMP00190,USR0099,0,0,0,0,0,1,0,Senior Manager,0,1,1,Low,2025-07,0,Duplicate Invoice
TX0092333,2026-03-29,A030,Operations,V0269,Journal Entry,6330.58,Direct Debit,GBP,Approved,2025-06-18,INV00092333,EMP00141,USR0061,0,0,0,0,1,0,1,Senior Manager,0,1,1,Low,2026-03,1,Invalid Posting Date
TX0092450,2026-03-31,A007,Operations,V0468,Invoice,1250.29,Direct Debit,EUR,Pending,2026-01-13,INV00092450,EMP00183,USR0184,0,0,0,0,1,0,1,Senior Manager,0,1,1,Low,2026-03,0,Invalid Posting Date
TX0092452,2025-10-02,A080,Procurement,V0075,Payment,1010.76,Bank Transfer,GBP,Approved,2025-10-06,INV00070812,EMP00295,USR0194,0,0,0,0,0,1,0,Senior Manager,0,1,1,Low,2025-10,0,Duplicate Invoice
TX0092473,2025-12-05,A021,Sales,,Invoice,690.75,Direct Debit,GBP,Pending,2025-12-11,INV00092473,EMP00138,USR0177,1,0,0,0,0,0,0,Department Manager,0,1,1,Low,2025-12,0,Missing Vendor
TX0092477,2026-02-11,A029,Operations,V0226,Expense,801.77,Bank Transfer,GBP,Approved,2026-02-18,INV00009094,EMP00344,USR0059,0,0,0,0,0,1,0,Department Manager,0,1,1,Low,2026-02,0,Duplicate Invoice
TX0092485,2025-09-28,A058,Sales,V0025,Expense,889.44,Bank Transfer,EUR,Rejected,2025-10-01,INV00092485,EMP00441,USR0049,0,0,0,0,0,1,1,Department Manager,0,1,1,Low,2025-09,0,Duplicate Invoice
TX0092499,2025-10-23,A025,Procurement,V0446,Invoice,1004.42,Card,USD,Approved,2025-10-20,INV00092499,EMP00332,USR0095,0,0,0,0,1,0,0,Senior Manager,0,1,1,Low,2025-10,0,Invalid Posting Date
TX0092530,2026-03-09,A039,Procurement,V0309,Expense,448.95,Card,GBP,Approved,2026-03-16,INV00092530,EMP00473,USR0125,0,0,0,0,0,1,0,Department Manager,0,1,1,Low,2026-03,0,Duplicate Invoice
TX0092534,2025-04-13,A032,Finance,V0204,Journal Entry,7224.85,Direct Debit,GBP,Approved,2025-04-14,INV00092534,EMP00412,USR0167,0,0,0,0,0,1,0,Senior Manager,0,1,1,Low,2025-04,1,Duplicate Invoice
TX0092594,2025-12-28,A014,IT,V0134,Invoice,-3648.36,Direct Debit,GBP,Approved,2025-12-29,INV00092594,EMP00014,USR0002,0,0,0,1,0,0,1,Senior Manager,0,1,1,Low,2025-12,0,Invalid Amount
TX0092599,2025-09-16,A067,IT,V0244,Invoice,287.18,Direct Debit,EUR,Pending,2025-09-17,INV00034591,EMP00312,USR0035,0,0,0,0,0,1,0,Department Manager,0,1,1,Low,2025-09,0,Duplicate Invoice
TX0092635,2025-08-22,A013,Procurement,V0408,Invoice,452.37,Card,GBP,Approved,2025-08-24,INV00085767,EMP00365,USR0005,0,0,0,0,0,1,0,Department Manager,0,1,1,Low,2025-08,0,Duplicate Invoice
TX0092641,2025-08-19,A027,HR,,Expense,251.54,Bank Transfer,USD,Approved,2025-08-22,INV00092641,EMP00234,USR0116,1,0,0,0,0,0,0,Department Manager,0,1,1,Low,2025-08,0,Missing Vendor
TX0092656,2025-07-26,A049,HR,V0202,Invoice,107.41,Cheque,USD,Approved,2025-07-29,INV00092656,,USR0082,0,1,0,0,0,0,0,Department Manager,0,1,1,Low,2025-07,0,No Exception
TX0092715,2026-03-27,A069,IT,V0474,Journal Entry,4452.95,Cheque,EUR,Approved,2025-12-12,INV00092715,EMP00440,USR0143,0,0,0,0,1,0,1,Senior Manager,0,1,1,Low,2026-03,0,Invalid Posting Date
TX0092720,2026-03-28,A009,Procurement,V0269,Payment,1403.92,Direct Debit,GBP,Approved,2025-06-07,INV00092720,EMP00233,USR0175,0,0,0,0,1,0,1,Senior Manager,0,1,1,Low,2026-03,0,Invalid Posting Date
TX0092732,2025-04-25,A002,Sales,V0036,Journal Entry,1256.74,Direct Debit,USD,Approved,2025-05-01,INV00092732,EMP00025,USR0173,0,0,0,0,0,1,0,Senior Manager,0,1,1,Low,2025-04,0,Duplicate Invoice
TX0092778,2025-10-22,A080,Operations,V0141,Invoice,1744.34,Cheque,EUR,Approved,2025-10-27,INV00092778,,USR0034,0,1,0,0,0,0,0,Senior Manager,1,2,1,Medium,2025-10,0,Missing Approval
TX0092781,2025-08-27,A074,HR,V0499,Invoice,1315.22,Card,EUR,Approved,2025-08-30,INV00073315,EMP00015,USR0005,0,0,0,0,0,1,1,Senior Manager,0,1,1,Low,2025-08,0,Duplicate Invoice
TX0092793,2026-03-27,A055,Marketing,V0359,Invoice,28805.74,Direct Debit,USD,Approved,2026-03-14,INV00092793,EMP00396,USR0137,0,0,0,0,1,0,1,Finance Director,0,1,1,Medium,2026-03,1,Invalid Posting Date
TX0092802,2026-03-31,A023,IT,V0362,Payment,3498.95,Bank Transfer,GBP,Rejected,2025-04-18,INV00092802,EMP00455,USR0174,0,0,0,0,1,0,1,Senior Manager,0,1,1,Low,2026-03,0,Invalid Posting Date
TX0092850,2026-03-30,A007,Procurement,V0095,Invoice,495.26,Direct Debit,USD,Approved,2025-12-07,INV00092850,EMP00463,USR0001,0,0,0,0,1,0,1,Department Manager,0,1,1,Low,2026-03,0,Invalid Posting Date
TX0092877,2025-10-27,A003,IT,,Journal Entry,488.45,Cheque,GBP,Approved,2025-10-29,INV00092877,EMP00040,USR0108,1,0,0,0,0,0,1,Department Manager,0,1,1,Low,2025-10,0,Missing Vendor
TX0092885,2025-08-18,A059,Procurement,V0063,Invoice,-2319.32,Bank Transfer,GBP,Approved,2025-08-20,INV00092885,EMP00222,USR0072,0,0,0,1,0,0,0,Senior Manager,0,1,1,Low,2025-08,0,Invalid Amount
TX0092896,2025-12-08,A012,IT,V0024,Invoice,969.28,Direct Debit,GBP,Pending,2025-12-09,INV00092896,EMP00105,USR0181,0,0,0,0,0,1,0,Department Manager,0,1,1,Low,2025-12,0,Duplicate Invoice
TX0092956,2025-04-05,A016,Operations,V0082,Invoice,39027.49,Direct Debit,EUR,Approved,2025-04-10,INV00092956,,USR0118,0,1,0,0,0,0,0,Finance Director,1,2,1,Medium,2025-04,1,Missing Approval
TX0092992,2025-05-25,A005,HR,V0156,Invoice,83.98,Cheque,GBP,Approved,2025-05-27,INV00092992,EMP00465,USR0195,0,0,0,0,0,1,0,Department Manager,0,1,1,Low,2025-05,0,Duplicate Invoice
TX0093095,2026-03-31,A056,IT,V0034,Payment,898.22,Cheque,GBP,Pending,2025-11-27,INV00093095,EMP00106,USR0155,0,0,0,0,1,0,1,Department Manager,0,1,1,Low,2026-03,0,Invalid Posting Date
TX0093100,2025-07-21,A064,Operations,V0322,Payment,-278.95,Bank Transfer,GBP,Approved,2025-07-27,INV00093100,,USR0173,0,1,0,1,0,0,0,Department Manager,0,2,1,Medium,2025-07,0,Invalid Amount
TX0093121,2026-02-08,A034,Marketing,V0492,Invoice,1284.42,Direct Debit,EUR,Pending,2026-02-09,INV00015023,EMP00279,USR0106,0,0,0,0,0,1,0,Senior Manager,0,1,1,Low,2026-02,0,Duplicate Invoice
TX0093233,2026-03-30,,Marketing,V0430,Invoice,463.14,Cheque,EUR,Rejected,2025-08-23,INV00093233,EMP00409,USR0180,0,0,1,0,1,0,1,Department Manager,0,2,1,Medium,2026-03,0,Missing Account
TX0093248,2026-01-14,A079,Procurement,V0239,Invoice,6467.99,Cheque,GBP,Approved,2026-01-14,INV00093248,,USR0121,0,1,0,0,0,0,0,Senior Manager,1,2,1,Medium,2026-01,1,Missing Approval
TX0093267,2025-10-26,A024,Marketing,V0326,Credit Note,174.01,Cheque,GBP,Approved,2025-10-31,INV00026874,EMP00113,USR0019,0,0,0,0,0,1,0,Department Manager,0,1,1,Low,2025-10,0,Duplicate Invoice
TX0093269,2026-02-01,A022,Procurement,V0131,Invoice,3872.98,Direct Debit,EUR,Rejected,2026-02-05,INV00093269,EMP00389,USR0188,0,0,0,0,0,1,0,Senior Manager,0,1,1,Low,2026-02,0,Duplicate Invoice
TX0093323,2025-11-24,A041,Finance,V0412,Journal Entry,349.64,Bank Transfer,EUR,Approved,2025-11-28,INV00093323,EMP00395,USR0045,0,0,0,0,0,1,0,Department Manager,0,1,1,Low,2025-11,0,Duplicate Invoice
TX0093340,2025-12-13,A028,HR,V0012,Expense,2002.43,Card,USD,Approved,2025-12-14,INV00053346,EMP00007,USR0004,0,0,0,0,0,1,0,Senior Manager,0,1,1,Low,2025-12,0,Duplicate Invoice
TX0093363,2025-11-05,A022,Operations,V0042,Payment,3382.02,Direct Debit,EUR,Pending,2025-11-04,INV00093363,EMP00406,USR0109,0,0,0,0,1,0,0,Senior Manager,0,1,1,Low,2025-11,0,Invalid Posting Date
TX0093365,2026-01-22,A026,Operations,V0429,Expense,827.82,Card,USD,Approved,2026-01-22,INV00093365,EMP00442,USR0073,0,0,0,0,0,1,0,Department Manager,0,1,1,Low,2026-01,0,Duplicate Invoice
TX0093379,2026-01-06,A023,IT,V0472,Journal Entry,5698.12,Card,GBP,Rejected,2026-01-13,INV00093379,,USR0017,0,1,0,0,0,0,0,Senior Manager,1,2,1,Medium,2026-01,0,Missing Approval
TX0093381,2025-11-26,A052,Sales,V0343,Payment,2126.16,Bank Transfer,GBP,Approved,2025-11-29,INV00093381,EMP00042,USR0195,0,0,0,0,0,1,0,Senior Manager,0,1,1,Low,2025-11,0,Duplicate Invoice
TX0093458,2026-03-27,A075,Sales,V0056,Invoice,1136.75,Bank Transfer,GBP,Rejected,2025-06-11,INV00093458,EMP00067,USR0200,0,0,0,0,1,0,1,Senior Manager,0,1,1,Low,2026-03,0,Invalid Posting Date
TX0093479,2026-03-29,A052,Finance,V0001,Invoice,1002.8,Card,EUR,Rejected,2025-11-21,INV00093479,EMP00105,USR0115,0,0,0,0,1,0,1,Senior Manager,0,1,1,Low,2026-03,0,Invalid Posting Date
TX0093500,2026-03-31,A040,Sales,V0238,Invoice,309.54,Cheque,EUR,Rejected,2025-05-11,INV00093500,EMP00075,USR0194,0,0,0,0,1,0,1,Department Manager,0,1,1,Low,2026-03,0,Invalid Posting Date
TX0093509,2025-11-22,A079,Operations,V0452,Payment,1304.72,Direct Debit,GBP,Pending,2025-11-23,INV00093509,,USR0090,0,1,0,0,0,0,0,Senior Manager,1,2,1,Medium,2025-11,0,Missing Approval
TX0093516,2026-03-27,A047,Sales,V0025,Invoice,5543.16,Direct Debit,EUR,Pending,2025-12-25,INV00093516,EMP00032,USR0070,0,0,0,0,1,0,1,Senior Manager,0,1,1,Low,2026-03,0,Invalid Posting Date
TX0093524,2026-03-28,A073,HR,V0475,Invoice,1984.46,Card,GBP,Approved,2025-12-21,INV00093524,EMP00177,USR0051,0,0,0,0,1,0,1,Senior Manager,0,1,1,Low,2026-03,0,Invalid Posting Date
TX0093576,2026-03-31,A056,Marketing,V0108,Expense,585.42,Card,GBP,Pending,2025-12-16,INV00093576,EMP00288,USR0114,0,0,0,0,1,0,1,Department Manager,0,1,1,Low,2026-03,0,Invalid Posting Date
TX0093587,2025-04-26,A029,IT,V0235,Journal Entry,3394.8,Cheque,GBP,Approved,2025-05-03,INV00093587,,USR0199,0,1,0,0,0,0,0,Senior Manager,1,2,1,Medium,2025-04,0,Missing Approval
TX0093594,2025-06-18,A061,Finance,V0019,Invoice,2129.12,Bank Transfer,GBP,Approved,2025-06-24,INV00093594,,USR0096,0,1,0,0,0,0,0,Senior Manager,1,2,1,Medium,2025-06,0,Missing Approval
TX0093622,2025-05-05,A043,IT,V0403,Expense,193794.93,Bank Transfer,GBP,Approved,2025-05-11,INV00093622,EMP00167,USR0051,0,0,0,0,0,1,0,Finance Director,0,1,1,High,2025-05,1,Duplicate Invoice
TX0093639,2026-03-29,A038,Operations,V0228,Invoice,2747.86,Cheque,EUR,Approved,2025-11-13,INV00093639,EMP00110,USR0051,0,0,0,0,1,0,1,Senior Manager,0,1,1,Low,2026-03,0,Invalid Posting Date
TX0093703,2025-08-28,A015,Marketing,V0313,Credit Note,242.31,Direct Debit,GBP,Rejected,2025-09-03,INV00093703,EMP00193,USR0176,0,0,0,0,0,1,1,Department Manager,0,1,1,Low,2025-08,0,Duplicate Invoice
TX0093714,2026-03-29,A073,HR,V0008,Expense,883.82,Card,EUR,Rejected,2025-11-21,INV00093714,EMP00283,USR0021,0,0,0,0,1,0,1,Department Manager,0,1,1,Low,2026-03,0,Invalid Posting Date
TX0093726,2026-03-31,A031,Marketing,V0309,Credit Note,6309.94,Direct Debit,USD,Pending,2025-04-24,INV00093726,EMP00142,USR0103,0,0,0,0,1,0,1,Senior Manager,0,1,1,Low,2026-03,1,Invalid Posting Date
TX0093756,2026-01-28,A077,Finance,V0239,Invoice,3850.3,Card,USD,Pending,2026-01-28,INV00093756,,USR0021,0,1,0,0,0,0,1,Senior Manager,1,2,1,Medium,2026-01,0,Missing Approval
TX0093759,2025-05-05,A010,Operations,V0336,Payment,1414.86,Card,GBP,Approved,2025-05-01,INV00093759,EMP00262,USR0051,0,0,0,0,1,0,0,Senior Manager,0,1,1,Low,2025-05,0,Invalid Posting Date
TX0093781,2025-10-29,A057,HR,V0379,Invoice,2830.34,Direct Debit,USD,Approved,2025-11-03,INV00093781,EMP00022,USR0058,0,0,0,0,0,1,1,Senior Manager,0,1,1,Low,2025-10,0,Duplicate Invoice
TX0093793,2026-03-27,A050,Operations,V0151,Journal Entry,6855.93,Cheque,GBP,Approved,2026-02-22,INV00093793,EMP00350,USR0183,0,0,0,0,1,0,1,Senior Manager,0,1,1,Low,2026-03,1,Invalid Posting Date
TX0093830,2025-10-08,A034,Procurement,V0492,Invoice,4684.44,Direct Debit,EUR,Approved,2025-10-11,INV00064680,EMP00443,USR0018,0,0,0,0,0,1,0,Senior Manager,0,1,1,Low,2025-10,0,Duplicate Invoice
TX0093846,2025-07-04,A072,Marketing,V0105,Payment,1087.83,Direct Debit,GBP,Approved,2025-07-05,INV00050079,EMP00403,USR0068,0,0,0,0,0,1,0,Senior Manager,0,1,1,Low,2025-07,0,Duplicate Invoice
TX0093886,2025-07-07,A071,Procurement,V0359,Invoice,-4189.97,Cheque,USD,Rejected,2025-07-09,INV00093886,EMP00465,USR0192,0,0,0,1,0,0,0,Senior Manager,0,1,1,Low,2025-07,0,Invalid Amount
TX0093902,2026-03-29,A078,Operations,V0217,Expense,206.16,Bank Transfer,USD,Approved,2026-01-26,INV00093902,EMP00129,USR0041,0,0,0,0,1,0,1,Department Manager,0,1,1,Low,2026-03,0,Invalid Posting Date
TX0093949,2025-05-28,A022,IT,V0343,Invoice,405.56,Direct Debit,EUR,Approved,2025-05-28,INV00073909,EMP00385,USR0182,0,0,0,0,0,1,1,Department Manager,0,1,1,Low,2025-05,0,Duplicate Invoice
TX0094005,2025-05-13,,Finance,V0433,Credit Note,262.34,Card,EUR,Approved,2025-05-20,INV00094005,EMP00431,USR0197,0,0,1,0,0,0,0,Department Manager,0,1,1,Low,2025-05,0,Missing Account
TX0094043,2026-03-08,A063,Operations,V0268,Payment,-492.83,Direct Debit,GBP,Approved,2026-03-09,INV00094043,EMP00372,USR0156,0,0,0,1,0,0,0,Department Manager,0,1,1,Low,2026-03,0,Invalid Amount
TX0094115,2026-01-14,A018,Sales,V0027,Invoice,621.49,Bank Transfer,EUR,Pending,2026-01-14,INV00094115,,USR0029,0,1,0,0,0,0,0,Department Manager,0,1,1,Low,2026-01,0,No Exception
TX0094157,2025-10-17,A023,Finance,V0089,Journal Entry,1049.26,Cheque,GBP,Pending,2025-10-21,INV00094157,,USR0026,0,1,0,0,0,0,0,Senior Manager,1,2,1,Medium,2025-10,0,Missing Approval
TX0094194,2026-03-30,A026,HR,V0147,Invoice,3199.22,Bank Transfer,EUR,Approved,2026-02-25,INV00094194,EMP00298,USR0189,0,0,0,0,1,0,1,Senior Manager,0,1,1,Low,2026-03,0,Invalid Posting Date
TX0094205,2025-05-31,A074,Operations,V0363,Invoice,2997.56,Card,GBP,Approved,2025-06-04,INV00053842,EMP00159,USR0197,0,0,0,0,0,1,1,Senior Manager,0,1,1,Low,2025-05,0,Duplicate Invoice
TX0094213,2025-08-17,A003,Sales,V0282,Invoice,24831.1,Card,USD,Approved,2025-08-19,INV00094213,EMP00075,USR0023,0,0,0,0,0,1,0,Finance Director,0,1,1,Medium,2025-08,1,Duplicate Invoice
TX0094230,2025-12-20,A059,Sales,V0382,Invoice,520.04,Bank Transfer,GBP,Approved,2025-12-23,INV00094230,,USR0062,0,1,0,0,0,0,0,Department Manager,0,1,1,Low,2025-12,0,No Exception
TX0094236,2025-04-18,A063,Marketing,V0305,Credit Note,564.74,Cheque,GBP,Approved,2025-04-25,INV00094236,EMP00126,USR0083,0,0,0,0,0,1,0,Department Manager,0,1,1,Low,2025-04,0,Duplicate Invoice
TX0094245,2025-06-23,A048,Operations,,Payment,886.3,Card,GBP,Approved,2025-06-29,INV00094245,EMP00079,USR0035,1,0,0,0,0,0,0,Department Manager,0,1,1,Low,2025-06,0,Missing Vendor
TX0094247,2026-01-16,A037,Sales,V0307,Expense,897.73,Card,USD,Rejected,2026-01-19,INV00094247,,USR0152,0,1,0,0,0,0,0,Department Manager,0,1,1,Low,2026-01,0,No Exception
TX0094272,2025-10-14,A060,HR,V0148,Journal Entry,295.77,Card,USD,Approved,2025-10-17,INV00010900,EMP00218,USR0035,0,0,0,0,0,1,0,Department Manager,0,1,1,Low,2025-10,0,Duplicate Invoice
TX0094299,2026-03-29,A075,Operations,V0013,Journal Entry,6324.73,Direct Debit,EUR,Approved,2026-01-23,INV00094299,EMP00229,USR0081,0,0,0,0,1,0,1,Senior Manager,0,1,1,Low,2026-03,1,Invalid Posting Date
TX0094304,2026-03-29,A033,Sales,V0083,Payment,274.6,Direct Debit,GBP,Rejected,2025-04-21,INV00094304,EMP00204,USR0172,0,0,0,0,1,0,1,Department Manager,0,1,1,Low,2026-03,0,Invalid Posting Date
TX0094318,2026-03-27,A041,Operations,V0427,Journal Entry,1103.29,Card,GBP,Pending,2025-12-25,INV00094318,EMP00253,USR0058,0,0,0,0,1,0,1,Senior Manager,0,1,1,Low,2026-03,0,Invalid Posting Date
TX0094405,2025-05-20,A028,Procurement,V0233,Expense,1234.73,Cheque,GBP,Approved,2025-05-22,INV00094405,EMP00487,USR0074,0,0,0,0,0,1,0,Senior Manager,0,1,1,Low,2025-05,0,Duplicate Invoice
TX0094409,2025-04-01,A033,Procurement,V0456,Journal Entry,-761.16,Direct Debit,GBP,Rejected,2025-04-04,INV00094409,EMP00307,USR0050,0,0,0,1,0,0,0,Department Manager,0,1,1,Low,2025-04,0,Invalid Amount
TX0094450,2026-03-29,A016,Procurement,V0488,Journal Entry,915.46,Bank Transfer,GBP,Approved,2025-10-07,INV00094450,EMP00234,USR0110,0,0,0,0,1,0,1,Department Manager,0,1,1,Low,2026-03,0,Invalid Posting Date
TX0094482,2025-08-01,A048,Sales,V0078,Invoice,2235.18,Card,USD,Approved,2025-08-06,INV00094482,EMP00375,USR0112,0,0,0,0,0,1,0,Senior Manager,0,1,1,Low,2025-08,0,Duplicate Invoice
TX0094542,2025-04-15,A031,Procurement,V0425,Invoice,-897.84,Bank Transfer,GBP,Approved,2025-04-22,INV00094542,EMP00408,USR0128,0,0,0,1,0,0,0,Department Manager,0,1,1,Low,2025-04,0,Invalid Amount
TX0094553,2026-01-28,A048,Finance,,Payment,1394.39,Bank Transfer,GBP,Rejected,2026-01-31,INV00094553,EMP00226,USR0118,1,0,0,0,0,0,1,Senior Manager,0,1,1,Low,2026-01,0,Missing Vendor
TX0094646,2025-04-29,A047,Finance,V0122,Expense,4308.55,Card,GBP,Approved,2025-05-01,INV00000586,EMP00131,USR0111,0,0,0,0,0,1,1,Senior Manager,0,1,1,Low,2025-04,0,Duplicate Invoice
TX0094704,2025-05-29,A056,Finance,V0380,Credit Note,5778.36,Cheque,GBP,Pending,2025-06-04,INV00094704,,USR0033,0,1,0,0,0,0,1,Senior Manager,1,2,1,Medium,2025-05,0,Missing Approval
TX0094716,2025-10-01,A076,Operations,V0138,Invoice,1191.31,Card,GBP,Approved,2025-10-05,INV00024014,EMP00222,USR0070,0,0,0,0,0,1,0,Senior Manager,0,1,1,Low,2025-10,0,Duplicate Invoice
TX0094725,2026-01-01,A073,Procurement,V0425,Journal Entry,805.22,Card,GBP,Approved,2026-01-08,INV00074412,EMP00422,USR0094,0,0,0,0,0,1,0,Department Manager,0,1,1,Low,2026-01,0,Duplicate Invoice
TX0094747,2026-03-27,A012,Finance,V0279,Credit Note,1873.45,Direct Debit,GBP,Pending,2026-03-20,INV00016362,EMP00329,USR0043,0,0,0,0,1,1,1,Senior Manager,0,2,1,Medium,2026-03,0,Duplicate Invoice
TX0094748,2025-09-12,A001,Operations,V0074,Invoice,153.73,Bank Transfer,GBP,Approved,2025-09-13,INV00014150,EMP00389,USR0190,0,0,0,0,0,1,0,Department Manager,0,1,1,Low,2025-09,0,Duplicate Invoice
TX0094792,2026-02-28,A022,Operations,V0230,Invoice,5667.61,Direct Debit,USD,Approved,2026-03-06,INV00094792,,USR0153,0,1,0,0,0,0,1,Senior Manager,1,2,1,Medium,2026-02,0,Missing Approval
TX0094821,2025-04-06,A067,Procurement,V0434,Expense,460.08,Card,EUR,Approved,2025-04-07,INV00094821,,USR0011,0,1,0,0,0,0,0,Department Manager,0,1,1,Low,2025-04,0,No Exception
TX0094874,2025-04-13,A011,IT,V0021,Journal Entry,3357.22,Direct Debit,EUR,Pending,2025-04-11,INV00094874,EMP00433,USR0133,0,0,0,0,1,0,0,Senior Manager,0,1,1,Low,2025-04,0,Invalid Posting Date
TX0094876,2026-02-06,A073,Operations,V0087,Credit Note,397.35,Card,GBP,Rejected,2026-02-09,INV00099837,EMP00333,USR0004,0,0,0,0,0,1,0,Department Manager,0,1,1,Low,2026-02,0,Duplicate Invoice
TX0094891,2025-09-07,A014,Finance,V0270,Expense,4367.88,Cheque,USD,Pending,2025-09-05,INV00094891,EMP00238,USR0142,0,0,0,0,1,0,0,Senior Manager,0,1,1,Low,2025-09,0,Invalid Posting Date
TX0094893,2025-10-12,A005,Marketing,V0148,Invoice,8875.7,Direct Debit,GBP,Approved,2025-10-12,INV00094893,EMP00170,USR0004,0,0,0,0,0,1,0,Senior Manager,0,1,1,Low,2025-10,1,Duplicate Invoice
TX0094899,2026-03-27,A047,Marketing,V0404,Invoice,979.34,Bank Transfer,USD,Approved,2025-07-17,INV00094899,EMP00018,USR0147,0,0,0,0,1,0,1,Department Manager,0,1,1,Low,2026-03,0,Invalid Posting Date
TX0094922,2026-03-30,A036,IT,V0129,Expense,1347.8,Cheque,USD,Approved,2026-04-01,INV00094922,EMP00182,USR0123,0,0,0,0,0,1,1,Senior Manager,0,1,1,Low,2026-03,0,Duplicate Invoice
TX0094929,2026-03-27,A035,Finance,,Credit Note,2291.4,Direct Debit,EUR,Pending,2025-04-17,INV00094929,EMP00227,USR0047,1,0,0,0,1,0,1,Senior Manager,0,2,1,Medium,2026-03,0,Missing Vendor
TX0094954,2025-09-26,A064,Procurement,V0091,Invoice,1359.67,Direct Debit,GBP,Rejected,2025-09-27,INV00094954,EMP00009,USR0130,0,0,0,0,0,1,0,Senior Manager,0,1,1,Low,2025-09,0,Duplicate Invoice
TX0094978,2025-09-29,A055,IT,V0319,Invoice,534.14,Bank Transfer,GBP,Approved,2025-10-03,INV00001762,EMP00192,USR0160,0,0,0,0,0,1,1,Department Manager,0,1,1,Low,2025-09,0,Duplicate Invoice
TX0095010,2026-03-27,A021,IT,V0234,Invoice,7542.0,Direct Debit,USD,Approved,2026-02-03,INV00095010,EMP00456,USR0115,0,0,0,0,1,0,1,Senior Manager,0,1,1,Low,2026-03,1,Invalid Posting Date
TX0095013,2025-06-22,,HR,V0249,Journal Entry,565.09,Card,GBP,Approved,2025-06-22,INV00095013,EMP00388,USR0077,0,0,1,0,0,0,0,Department Manager,0,1,1,Low,2025-06,0,Missing Account
TX0095016,2025-10-09,A046,Operations,V0368,Invoice,198.93,Cheque,GBP,Pending,2025-10-06,INV00095016,EMP00132,USR0112,0,0,0,0,1,0,0,Department Manager,0,1,1,Low,2025-10,0,Invalid Posting Date
TX0095094,2025-10-11,A041,Procurement,V0390,Journal Entry,882.87,Cheque,GBP,Approved,2025-10-12,INV00017614,EMP00425,USR0116,0,0,0,0,0,1,0,Department Manager,0,1,1,Low,2025-10,0,Duplicate Invoice
TX0095095,2026-03-31,A009,IT,V0286,Journal Entry,923.56,Direct Debit,USD,Approved,2025-12-22,INV00095095,EMP00102,USR0096,0,0,0,0,1,0,1,Department Manager,0,1,1,Low,2026-03,0,Invalid Posting Date
TX0095108,2026-03-28,A057,Procurement,V0203,Payment,6069.44,Direct Debit,GBP,Pending,2026-01-07,INV00095108,EMP00160,USR0022,0,0,0,0,1,0,1,Senior Manager,0,1,1,Low,2026-03,1,Invalid Posting Date
TX0095111,2025-11-17,A024,Operations,V0096,Credit Note,1467.15,Card,GBP,Approved,2025-11-21,INV00001729,EMP00366,USR0171,0,0,0,0,0,1,0,Senior Manager,0,1,1,Low,2025-11,0,Duplicate Invoice
TX0095132,2025-04-05,A041,HR,V0401,Invoice,2082.67,Bank Transfer,USD,Approved,2025-04-10,INV00008094,EMP00232,USR0115,0,0,0,0,0,1,0,Senior Manager,0,1,1,Low,2025-04,0,Duplicate Invoice
TX0095160,2025-06-30,,Finance,V0451,Credit Note,2485.55,Cheque,GBP,Approved,2025-07-02,INV00095160,EMP00260,USR0151,0,0,1,0,0,0,1,Senior Manager,0,1,1,Low,2025-06,0,Missing Account
TX0095172,2025-05-27,A073,Operations,V0005,Journal Entry,6014.33,Direct Debit,EUR,Approved,2025-05-25,INV00095172,EMP00348,USR0185,0,0,0,0,1,0,1,Senior Manager,0,1,1,Low,2025-05,1,Invalid Posting Date
TX0095182,2026-02-18,A074,Operations,V0027,Invoice,79.66,Direct Debit,GBP,Pending,2026-02-24,INV00095182,EMP00055,USR0114,0,0,0,0,0,1,0,Department Manager,0,1,1,Low,2026-02,0,Duplicate Invoice
TX0095185,2025-09-28,A019,HR,V0406,Invoice,6683.81,Bank Transfer,USD,Rejected,2025-09-30,INV00095185,EMP00120,USR0003,0,0,0,0,0,1,1,Senior Manager,0,1,1,Low,2025-09,1,Duplicate Invoice
TX0095205,2025-05-04,A073,Finance,V0499,Payment,481.39,Direct Debit,GBP,Approved,2025-05-11,INV00095205,,USR0081,0,1,0,0,0,0,0,Department Manager,0,1,1,Low,2025-05,0,No Exception
TX0095220,2025-05-20,A006,Operations,V0016,Invoice,9194.8,Cheque,GBP,Approved,2025-05-20,INV00095220,,USR0077,0,1,0,0,0,0,0,Senior Manager,1,2,1,Medium,2025-05,1,Missing Approval
TX0095228,2026-03-28,A010,Operations,V0111,Payment,548.18,Direct Debit,USD,Approved,2026-01-18,INV00095228,EMP00271,USR0150,0,0,0,0,1,0,1,Department Manager,0,1,1,Low,2026-03,0,Invalid Posting Date
TX0095261,2025-07-01,A060,Sales,V0249,Expense,5179.52,Bank Transfer,GBP,Approved,2025-07-06,INV00095261,EMP00354,USR0159,0,0,0,0,0,1,0,Senior Manager,0,1,1,Low,2025-07,0,Duplicate Invoice
TX0095285,2025-05-16,A028,IT,V0183,Journal Entry,234.8,Cheque,EUR,Approved,2025-05-16,INV00095285,EMP00034,USR0076,0,0,0,0,0,1,0,Department Manager,0,1,1,Low,2025-05,0,Duplicate Invoice
TX0095289,2025-07-06,A041,IT,V0084,Journal Entry,6643.25,Bank Transfer,GBP,Pending,2025-07-12,INV00011142,EMP00321,USR0196,0,0,0,0,0,1,0,Senior Manager,0,1,1,Low,2025-07,1,Duplicate Invoice
TX0095290,2026-03-28,A057,HR,V0274,Invoice,503.61,Card,EUR,Approved,2025-06-24,INV00095290,EMP00122,USR0164,0,0,0,0,1,0,1,Department Manager,0,1,1,Low,2026-03,0,Invalid Posting Date
TX0095308,2025-06-05,A020,Operations,V0409,Invoice,932.79,Direct Debit,GBP,Approved,2025-06-04,INV00095308,EMP00290,USR0085,0,0,0,0,1,0,0,Department Manager,0,1,1,Low,2025-06,0,Invalid Posting Date
TX0095310,2025-04-27,A043,Marketing,,Expense,8161.57,Cheque,USD,Approved,2025-04-27,INV00095310,EMP00193,USR0142,1,0,0,0,0,0,1,Senior Manager,0,1,1,Low,2025-04,1,Missing Vendor
TX0095323,2025-10-13,A054,Marketing,V0476,Expense,2058.47,Direct Debit,GBP,Approved,2025-10-13,INV00001319,EMP00347,USR0077,0,0,0,0,0,1,0,Senior Manager,0,1,1,Low,2025-10,0,Duplicate Invoice
TX0095326,2026-01-17,A066,Operations,V0169,Invoice,2274.49,Cheque,USD,Approved,2026-01-23,INV00075439,EMP00421,USR0038,0,0,0,0,0,1,0,Senior Manager,0,1,1,Low,2026-01,0,Duplicate Invoice
TX0095328,2025-12-24,A065,Finance,,Invoice,1030.96,Cheque,GBP,Pending,2025-12-26,INV00095328,EMP00155,USR0118,1,0,0,0,0,0,0,Senior Manager,0,1,1,Low,2025-12,0,Missing Vendor
TX0095341,2026-01-05,A062,IT,V0280,Journal Entry,832.46,Card,GBP,Pending,2026-01-11,INV00095341,EMP00202,USR0070,0,0,0,0,0,1,0,Department Manager,0,1,1,Low,2026-01,0,Duplicate Invoice
TX0095414,2025-11-23,A004,Sales,V0326,Credit Note,285.0,Card,EUR,Pending,2025-11-23,INV00095414,EMP00400,USR0099,0,0,0,0,0,1,0,Department Manager,0,1,1,Low,2025-11,0,Duplicate Invoice
TX0095426,2025-06-20,A047,Operations,V0371,Credit Note,204.17,Bank Transfer,GBP,Approved,2025-06-24,INV00095426,,USR0160,0,1,0,0,0,0,0,Department Manager,0,1,1,Low,2025-06,0,No Exception
TX0095466,2026-03-30,A037,Marketing,V0039,Invoice,900.48,Bank Transfer,EUR,Pending,2025-08-02,INV00095466,EMP00128,USR0009,0,0,0,0,1,0,1,Department Manager,0,1,1,Low,2026-03,0,Invalid Posting Date
TX0095473,2026-02-06,A026,Procurement,,Invoice,1026.27,Card,GBP,Rejected,2026-02-06,INV00095473,EMP00150,USR0055,1,0,0,0,0,0,0,Senior Manager,0,1,1,Low,2026-02,0,Missing Vendor
TX0095546,2025-06-22,A011,IT,V0352,Invoice,-859.85,Direct Debit,GBP,Approved,2025-06-24,INV00095546,EMP00026,USR0122,0,0,0,1,0,0,0,Department Manager,0,1,1,Low,2025-06,0,Invalid Amount
TX0095560,2025-07-21,A001,IT,V0496,Credit Note,-997.12,Bank Transfer,USD,Approved,2025-07-26,INV00095560,EMP00111,USR0180,0,0,0,1,0,0,0,Department Manager,0,1,1,Low,2025-07,0,Invalid Amount
TX0095602,2025-07-22,A020,IT,V0411,Payment,1657.76,Card,GBP,Approved,2025-07-28,INV00095602,EMP00311,USR0077,0,0,0,0,0,1,0,Senior Manager,0,1,1,Low,2025-07,0,Duplicate Invoice
TX0095619,2025-12-16,A049,Operations,,Payment,174.74,Bank Transfer,GBP,Approved,2025-12-23,INV00095619,EMP00063,USR0016,1,0,0,0,0,0,0,Department Manager,0,1,1,Low,2025-12,0,Missing Vendor
TX0095635,2025-08-28,A058,Sales,V0106,Credit Note,1015.64,Direct Debit,GBP,Approved,2025-09-01,INV00024379,EMP00148,USR0109,0,0,0,0,0,1,1,Senior Manager,0,1,1,Low,2025-08,0,Duplicate Invoice
TX0095653,2025-12-10,A003,Procurement,V0253,Expense,168.34,Card,EUR,Approved,2025-12-16,INV00095653,EMP00354,USR0092,0,0,0,0,0,1,0,Department Manager,0,1,1,Low,2025-12,0,Duplicate Invoice
TX0095657,2025-11-20,A041,Operations,V0026,Expense,2926.59,Bank Transfer,USD,Pending,2025-11-23,INV00035641,EMP00034,USR0082,0,0,0,0,0,1,0,Senior Manager,0,1,1,Low,2025-11,0,Duplicate Invoice
TX0095665,2025-11-26,A014,HR,V0313,Invoice,1507.26,Direct Debit,GBP,Approved,2025-12-03,INV00044300,EMP00420,USR0048,0,0,0,0,0,1,0,Senior Manager,0,1,1,Low,2025-11,0,Duplicate Invoice
TX0095675,2025-12-14,A056,IT,V0355,Payment,1098.08,Bank Transfer,GBP,Pending,2025-12-16,INV00011651,EMP00082,USR0180,0,0,0,0,0,1,0,Senior Manager,0,1,1,Low,2025-12,0,Duplicate Invoice
TX0095724,2025-07-08,,Finance,V0466,Invoice,513.15,Card,EUR,Pending,2025-07-11,INV00095724,EMP00029,USR0144,0,0,1,0,0,0,0,Department Manager,0,1,1,Low,2025-07,0,Missing Account
TX0095741,2026-03-29,A012,Procurement,V0312,Invoice,567.46,Bank Transfer,GBP,Rejected,2025-06-20,INV00095741,EMP00305,USR0187,0,0,0,0,1,0,1,Department Manager,0,1,1,Low,2026-03,0,Invalid Posting Date
TX0095752,2025-06-15,A035,Marketing,V0027,Payment,11771.1,Cheque,GBP,Rejected,2025-06-20,INV00095752,,USR0012,0,1,0,0,0,0,0,Finance Director,1,2,1,Medium,2025-06,1,Missing Approval
TX0095800,2025-06-03,A030,IT,V0302,Credit Note,1972.27,Bank Transfer,USD,Approved,2025-06-04,INV00095800,EMP00343,USR0029,0,0,0,0,0,1,0,Senior Manager,0,1,1,Low,2025-06,0,Duplicate Invoice
TX0095805,2026-03-27,A079,Finance,V0257,Invoice,1207.27,Cheque,GBP,Approved,2025-07-30,INV00095805,EMP00450,USR0174,0,0,0,0,1,0,1,Senior Manager,0,1,1,Low,2026-03,0,Invalid Posting Date
TX0095851,2025-05-16,A004,Marketing,V0148,Invoice,896.08,Direct Debit,EUR,Pending,2025-05-18,INV00064131,EMP00426,USR0076,0,0,0,0,0,1,0,Department Manager,0,1,1,Low,2025-05,0,Duplicate Invoice
TX0095862,2026-01-06,A070,IT,,Invoice,175.18,Cheque,GBP,Approved,2026-01-12,INV00095862,EMP00157,USR0086,1,0,0,0,0,0,0,Department Manager,0,1,1,Low,2026-01,0,Missing Vendor
TX0095868,2025-09-01,A060,Operations,V0298,Invoice,-2206.67,Bank Transfer,GBP,Pending,2025-09-07,INV00095868,EMP00431,USR0069,0,0,0,1,0,0,0,Senior Manager,0,1,1,Low,2025-09,0,Invalid Amount
TX0095890,2026-02-07,A005,Procurement,V0051,Expense,10318.5,Direct Debit,GBP,Pending,2026-02-10,INV00095890,,USR0007,0,1,0,0,0,0,0,Finance Director,1,2,1,Medium,2026-02,1,Missing Approval
TX0095894,2025-12-01,A063,IT,V0260,Invoice,2896.05,Bank Transfer,GBP,Rejected,2025-12-06,INV00034452,EMP00352,USR0036,0,0,0,0,0,1,0,Senior Manager,0,1,1,Low,2025-12,0,Duplicate Invoice
TX0095895,2025-12-04,A002,Sales,V0208,Credit Note,2144.8,Card,EUR,Approved,2025-12-07,INV00088127,,USR0194,0,1,0,0,0,1,0,Senior Manager,1,3,1,High,2025-12,0,Duplicate Invoice
TX0095910,2026-02-27,A077,IT,V0241,Journal Entry,3071.52,Bank Transfer,GBP,Approved,2026-03-02,INV00095910,,USR0008,0,1,0,0,0,0,1,Senior Manager,1,2,1,Medium,2026-02,0,Missing Approval
TX0095973,2025-05-26,,Sales,V0470,Invoice,7635.96,Cheque,GBP,Approved,2025-05-29,INV00095973,EMP00442,USR0106,0,0,1,0,0,0,0,Senior Manager,0,1,1,Low,2025-05,1,Missing Account
TX0096013,2025-04-29,A072,Marketing,V0304,Invoice,470.43,Direct Debit,USD,Approved,2025-05-03,INV00096013,,USR0077,0,1,0,0,0,0,1,Department Manager,0,1,1,Low,2025-04,0,No Exception
TX0096080,2026-03-30,A009,Sales,V0492,Journal Entry,551.78,Card,GBP,Approved,2026-03-16,INV00096080,EMP00290,USR0067,0,0,0,0,1,0,1,Department Manager,0,1,1,Low,2026-03,0,Invalid Posting Date
TX0096126,2025-11-02,A008,IT,V0073,Expense,2024.6,Card,GBP,Rejected,2025-11-09,INV00096126,EMP00047,USR0091,0,0,0,0,0,1,0,Senior Manager,0,1,1,Low,2025-11,0,Duplicate Invoice
TX0096161,2025-12-17,A048,Finance,V0340,Invoice,2587.0,Cheque,GBP,Rejected,2025-12-15,INV00096161,EMP00170,USR0188,0,0,0,0,1,0,0,Senior Manager,0,1,1,Low,2025-12,0,Invalid Posting Date
TX0096178,2025-09-06,A025,Sales,,Invoice,4363.81,Cheque,USD,Rejected,2025-09-07,INV00096178,EMP00386,USR0164,1,0,0,0,0,0,0,Senior Manager,0,1,1,Low,2025-09,0,Missing Vendor
TX0096190,2026-03-25,A069,IT,V0309,Payment,2235.1,Card,GBP,Pending,2026-03-26,INV00030573,EMP00154,USR0009,0,0,0,0,0,1,0,Senior Manager,0,1,1,Low,2026-03,0,Duplicate Invoice
TX0096195,2026-03-28,A066,Procurement,V0293,Invoice,2155.07,Bank Transfer,USD,Pending,2026-03-18,INV00096195,EMP00146,USR0197,0,0,0,0,1,0,1,Senior Manager,0,1,1,Low,2026-03,0,Invalid Posting Date
TX0096223,2025-04-14,A030,Procurement,V0424,Payment,280.52,Card,GBP,Rejected,2025-04-16,INV00096223,EMP00284,USR0052,0,0,0,0,0,1,0,Department Manager,0,1,1,Low,2025-04,0,Duplicate Invoice
TX0096338,2025-08-07,A004,Procurement,V0279,Credit Note,402.47,Bank Transfer,EUR,Approved,2025-08-08,INV00077204,EMP00202,USR0071,0,0,0,0,0,1,0,Department Manager,0,1,1,Low,2025-08,0,Duplicate Invoice
TX0096342,2026-03-02,A078,IT,V0249,Invoice,2739.84,Direct Debit,GBP,Pending,2026-03-06,INV00042666,EMP00038,USR0007,0,0,0,0,0,1,0,Senior Manager,0,1,1,Low,2026-03,0,Duplicate Invoice
TX0096352,2025-11-24,,Operations,V0423,Expense,811.9,Card,GBP,Approved,2025-11-26,INV00096352,EMP00004,USR0063,0,0,1,0,0,0,0,Department Manager,0,1,1,Low,2025-11,0,Missing Account
TX0096391,2025-10-16,A076,Finance,V0493,Payment,672.46,Bank Transfer,EUR,Approved,2025-10-23,INV00018332,EMP00099,USR0103,0,0,0,0,0,1,0,Department Manager,0,1,1,Low,2025-10,0,Duplicate Invoice
TX0096399,2025-12-01,A045,Procurement,V0488,Invoice,1631.69,Cheque,EUR,Rejected,2025-12-06,INV00096399,,USR0100,0,1,0,0,0,0,0,Senior Manager,1,2,1,Medium,2025-12,0,Missing Approval
TX0096401,2026-01-02,A069,Operations,V0294,Invoice,1492.06,Card,GBP,Pending,2026-01-05,INV00061005,EMP00364,USR0002,0,0,0,0,0,1,0,Senior Manager,0,1,1,Low,2026-01,0,Duplicate Invoice
TX0096464,2026-03-27,A066,Procurement,V0335,Expense,629.64,Card,GBP,Approved,2025-05-08,INV00096464,EMP00369,USR0135,0,0,0,0,1,0,1,Department Manager,0,1,1,Low,2026-03,0,Invalid Posting Date
TX0096506,2025-12-27,A054,Sales,V0379,Expense,13770.55,Direct Debit,GBP,Approved,2026-01-03,INV00096506,EMP00445,USR0121,0,0,0,0,0,1,1,Finance Director,0,1,1,Medium,2025-12,1,Duplicate Invoice
TX0096529,2026-03-29,A060,Marketing,V0118,Expense,795.96,Cheque,EUR,Approved,2025-12-23,INV00096529,EMP00257,USR0200,0,0,0,0,1,0,1,Department Manager,0,1,1,Low,2026-03,0,Invalid Posting Date
TX0096573,2026-02-26,A014,IT,V0174,Expense,2871.55,Direct Debit,GBP,Approved,2026-02-27,INV00091913,EMP00234,USR0159,0,0,0,0,0,1,0,Senior Manager,0,1,1,Low,2026-02,0,Duplicate Invoice
TX0096595,2025-07-17,A058,Sales,V0442,Invoice,306.46,Card,USD,Pending,2025-07-20,INV00096595,EMP00092,USR0180,0,0,0,0,0,1,0,Department Manager,0,1,1,Low,2025-07,0,Duplicate Invoice
TX0096620,2025-05-28,A072,IT,V0277,Invoice,602.1,Cheque,EUR,Pending,2025-05-29,INV00036839,EMP00223,USR0021,0,0,0,0,0,1,1,Department Manager,0,1,1,Low,2025-05,0,Duplicate Invoice
TX0096635,2025-08-05,A049,Procurement,V0496,Invoice,4428.0,Card,USD,Approved,2025-08-10,INV00096635,EMP00429,USR0035,0,0,0,0,0,1,0,Senior Manager,0,1,1,Low,2025-08,0,Duplicate Invoice
TX0096645,2025-09-16,A072,Finance,V0487,Invoice,878.18,Cheque,GBP,Approved,2025-09-18,INV00000271,EMP00065,USR0128,0,0,0,0,0,1,0,Department Manager,0,1,1,Low,2025-09,0,Duplicate Invoice
TX0096665,2025-05-18,A045,Marketing,,Expense,943.7,Cheque,GBP,Approved,2025-05-18,INV00096665,EMP00244,USR0136,1,0,0,0,0,0,0,Department Manager,0,1,1,Low,2025-05,0,Missing Vendor
TX0096750,2025-12-31,A047,Sales,,Invoice,2934.39,Card,GBP,Approved,2026-01-03,INV00096750,EMP00087,USR0181,1,0,0,0,0,0,1,Senior Manager,0,1,1,Low,2025-12,0,Missing Vendor
TX0096799,2026-02-12,A013,Sales,V0138,Credit Note,207.58,Bank Transfer,GBP,Approved,2026-02-16,INV00096799,,USR0048,0,1,0,0,0,0,0,Department Manager,0,1,1,Low,2026-02,0,No Exception
TX0096802,2025-09-29,A017,HR,,Credit Note,2228.3,Direct Debit,EUR,Approved,2025-10-05,INV00096802,EMP00238,USR0131,1,0,0,0,0,0,1,Senior Manager,0,1,1,Low,2025-09,0,Missing Vendor
TX0096811,2025-06-12,A026,Procurement,V0185,Invoice,466.51,Bank Transfer,GBP,Approved,2025-06-16,INV00096811,EMP00300,USR0070,0,0,0,0,0,1,0,Department Manager,0,1,1,Low,2025-06,0,Duplicate Invoice
TX0096853,2025-08-06,A022,HR,V0388,Payment,958.96,Bank Transfer,GBP,Approved,2025-08-09,INV00096853,EMP00105,USR0035,0,0,0,0,0,1,0,Department Manager,0,1,1,Low,2025-08,0,Duplicate Invoice
TX0096937,2025-05-24,A045,Operations,V0193,Invoice,818.81,Card,GBP,Approved,2025-05-24,INV00096937,EMP00027,USR0038,0,0,0,0,0,1,0,Department Manager,0,1,1,Low,2025-05,0,Duplicate Invoice
TX0096951,2026-03-29,A062,Operations,V0410,Invoice,268.17,Bank Transfer,GBP,Approved,2025-06-17,INV00096951,EMP00275,USR0108,0,0,0,0,1,0,1,Department Manager,0,1,1,Low,2026-03,0,Invalid Posting Date
TX0096959,2026-03-31,A068,Procurement,V0199,Payment,1352.63,Bank Transfer,GBP,Approved,2025-08-01,INV00096959,EMP00410,USR0186,0,0,0,0,1,0,1,Senior Manager,0,1,1,Low,2026-03,0,Invalid Posting Date
TX0096968,2025-07-13,A037,IT,V0320,Invoice,3007.85,Card,GBP,Approved,2025-07-12,INV00096968,EMP00238,USR0162,0,0,0,0,1,0,0,Senior Manager,0,1,1,Low,2025-07,0,Invalid Posting Date
TX0096982,2026-03-31,A050,Finance,V0388,Journal Entry,1985.88,Bank Transfer,GBP,Approved,2025-06-16,INV00096982,EMP00150,USR0198,0,0,0,0,1,0,1,Senior Manager,0,1,1,Low,2026-03,0,Invalid Posting Date
TX0096987,2026-03-29,A049,Finance,V0433,Invoice,16104.8,Card,EUR,Rejected,2026-01-10,INV00098444,EMP00376,USR0039,0,0,0,0,1,1,1,Finance Director,0,2,1,Medium,2026-03,1,Duplicate Invoice
TX0096995,2026-01-14,A033,Sales,V0367,Invoice,1581.54,Direct Debit,GBP,Approved,2026-01-18,INV00063343,EMP00121,USR0143,0,0,0,0,0,1,0,Senior Manager,0,1,1,Low,2026-01,0,Duplicate Invoice
TX0097008,2025-12-03,A015,Sales,V0001,Journal Entry,1097.98,Bank Transfer,USD,Rejected,2025-12-04,INV00097008,,USR0167,0,1,0,0,0,0,0,Senior Manager,1,2,1,Medium,2025-12,0,Missing Approval
TX0097025,2025-04-05,A063,Finance,,Expense,1174.45,Direct Debit,USD,Approved,2025-04-09,INV00097025,EMP00140,USR0018,1,0,0,0,0,0,0,Senior Manager,0,1,1,Low,2025-04,0,Missing Vendor
TX0097027,2025-10-29,A027,IT,V0038,Expense,766.81,Direct Debit,GBP,Approved,2025-10-31,INV00097027,EMP00432,USR0091,0,0,0,0,0,1,1,Department Manager,0,1,1,Low,2025-10,0,Duplicate Invoice
TX0097043,2025-06-09,A066,Sales,V0373,Payment,7433.26,Direct Debit,GBP,Rejected,2025-06-05,INV00097043,EMP00377,USR0089,0,0,0,0,1,0,0,Senior Manager,0,1,1,Low,2025-06,1,Invalid Posting Date
TX0097049,2025-09-02,A017,Operations,V0324,Invoice,2119.29,Direct Debit,GBP,Approved,2025-08-30,INV00097049,EMP00016,USR0145,0,0,0,0,1,0,0,Senior Manager,0,1,1,Low,2025-09,0,Invalid Posting Date
TX0097081,2025-10-28,A063,Procurement,,Journal Entry,137.87,Bank Transfer,GBP,Approved,2025-11-03,INV00097081,EMP00407,USR0038,1,0,0,0,0,0,1,Department Manager,0,1,1,Low,2025-10,0,Missing Vendor
TX0097088,2025-04-28,A005,Sales,V0038,Invoice,133355.99,Cheque,EUR,Approved,2025-04-30,INV00097088,EMP00172,USR0085,0,0,0,0,0,1,1,Finance Director,0,1,1,High,2025-04,1,Duplicate Invoice
TX0097107,2025-06-16,A048,Finance,V0052,Invoice,2543.67,Cheque,GBP,Approved,2025-06-21,INV00097107,EMP00076,USR0115,0,0,0,0,0,1,0,Senior Manager,0,1,1,Low,2025-06,0,Duplicate Invoice
TX0097119,2026-03-30,A015,Operations,V0159,Invoice,722.16,Bank Transfer,GBP,Rejected,2026-03-23,INV00097119,EMP00484,USR0146,0,0,0,0,1,0,1,Department Manager,0,1,1,Low,2026-03,0,Invalid Posting Date
TX0097122,2026-02-14,A011,HR,V0401,Payment,302.85,Bank Transfer,USD,Approved,2026-02-17,INV00097122,,USR0196,0,1,0,0,0,0,0,Department Manager,0,1,1,Low,2026-02,0,No Exception
TX0097144,2025-05-16,A055,Finance,,Payment,352.72,Card,EUR,Approved,2025-05-19,INV00097144,EMP00085,USR0155,1,0,0,0,0,0,0,Department Manager,0,1,1,Low,2025-05,0,Missing Vendor
TX0097152,2025-05-11,A068,Finance,V0333,Invoice,727.24,Bank Transfer,EUR,Approved,2025-05-18,INV00097152,,USR0199,0,1,0,0,0,0,0,Department Manager,0,1,1,Low,2025-05,0,No Exception
TX0097177,2026-03-27,A046,Operations,V0004,Expense,343.79,Direct Debit,EUR,Rejected,2025-07-16,INV00097177,EMP00101,USR0041,0,0,0,0,1,0,1,Department Manager,0,1,1,Low,2026-03,0,Invalid Posting Date
TX0097204,2025-10-17,A034,Finance,V0096,Expense,-1097.53,Direct Debit,USD,Rejected,2025-10-18,INV00097204,EMP00227,USR0080,0,0,0,1,0,0,0,Senior Manager,0,1,1,Low,2025-10,0,Invalid Amount
TX0097259,2026-03-30,A012,Finance,V0277,Expense,1852.86,Direct Debit,EUR,Rejected,2025-09-15,INV00097259,EMP00124,USR0088,0,0,0,0,1,0,1,Senior Manager,0,1,1,Low,2026-03,0,Invalid Posting Date
TX0097265,2026-03-31,A048,Finance,V0262,Payment,986.53,Cheque,GBP,Approved,2026-01-09,INV00097265,EMP00203,USR0162,0,0,0,0,1,0,1,Department Manager,0,1,1,Low,2026-03,0,Invalid Posting Date
TX0097310,2025-11-14,A003,Sales,V0287,Payment,-392.4,Card,USD,Approved,2025-11-17,INV00097310,EMP00101,USR0026,0,0,0,1,0,0,0,Department Manager,0,1,1,Low,2025-11,0,Invalid Amount
TX0097351,2026-03-30,A036,IT,V0192,Invoice,2151.07,Direct Debit,GBP,Rejected,2025-09-05,INV00097351,EMP00376,USR0191,0,0,0,0,1,0,1,Senior Manager,0,1,1,Low,2026-03,0,Invalid Posting Date
TX0097369,2026-03-31,A022,Finance,V0231,Expense,1475.71,Card,GBP,Pending,2025-11-11,INV00097369,EMP00482,USR0078,0,0,0,0,1,0,1,Senior Manager,0,1,1,Low,2026-03,0,Invalid Posting Date
TX0097383,2025-05-04,A018,IT,V0171,Invoice,-3825.83,Card,GBP,Rejected,2025-05-05,INV00097383,EMP00044,USR0185,0,0,0,1,0,0,0,Senior Manager,0,1,1,Low,2025-05,0,Invalid Amount
TX0097396,2026-03-27,A013,HR,V0379,Payment,481.63,Cheque,GBP,Approved,2025-11-26,INV00097396,EMP00389,USR0184,0,0,0,0,1,0,1,Department Manager,0,1,1,Low,2026-03,0,Invalid Posting Date
TX0097428,2025-08-21,A065,Marketing,V0424,Payment,1596.34,Cheque,EUR,Approved,2025-08-27,INV00097428,,USR0102,0,1,0,0,0,0,0,Senior Manager,1,2,1,Medium,2025-08,0,Missing Approval
TX0097442,2025-04-17,A050,Marketing,V0413,Invoice,-489.78,Direct Debit,GBP,Pending,2025-04-18,INV00097442,EMP00148,USR0148,0,0,0,1,0,0,0,Department Manager,0,1,1,Low,2025-04,0,Invalid Amount
TX0097488,2025-09-02,A033,IT,,Invoice,629.14,Direct Debit,USD,Pending,2025-09-06,INV00097488,EMP00300,USR0097,1,0,0,0,0,0,0,Department Manager,0,1,1,Low,2025-09,0,Missing Vendor
TX0097494,2026-03-01,A074,HR,V0326,Journal Entry,9022.86,Cheque,GBP,Approved,2026-03-01,INV00097494,EMP00273,USR0161,0,0,0,0,0,1,0,Senior Manager,0,1,1,Low,2026-03,1,Duplicate Invoice
TX0097523,2025-11-26,A034,Marketing,V0015,Invoice,460.82,Cheque,EUR,Approved,2025-12-03,INV00097523,,USR0120,0,1,0,0,0,0,0,Department Manager,0,1,1,Low,2025-11,0,No Exception
TX0097541,2025-12-06,A012,Marketing,V0392,Payment,6910.19,Bank Transfer,GBP,Approved,2025-12-07,INV00097541,,USR0165,0,1,0,0,0,0,0,Senior Manager,1,2,1,Medium,2025-12,1,Missing Approval
TX0097544,2026-03-27,A065,Sales,V0467,Credit Note,2933.81,Card,GBP,Approved,2025-09-20,INV00097544,EMP00010,USR0044,0,0,0,0,1,0,1,Senior Manager,0,1,1,Low,2026-03,0,Invalid Posting Date
TX0097560,2025-07-14,A067,Operations,V0408,Payment,504.58,Card,USD,Approved,2025-07-18,INV00097560,EMP00169,USR0079,0,0,0,0,0,1,0,Department Manager,0,1,1,Low,2025-07,0,Duplicate Invoice
TX0097561,2026-02-03,A002,Operations,V0228,Expense,482.18,Card,USD,Approved,2026-02-05,INV00097561,,USR0104,0,1,0,0,0,0,0,Department Manager,0,1,1,Low,2026-02,0,No Exception
TX0097618,2025-12-04,A075,HR,V0316,Journal Entry,409.22,Card,GBP,Approved,2025-12-11,INV00097618,,USR0181,0,1,0,0,0,0,0,Department Manager,0,1,1,Low,2025-12,0,No Exception
TX0097619,2025-12-01,A023,IT,V0081,Journal Entry,339.89,Direct Debit,EUR,Approved,2025-12-07,INV00096937,EMP00144,USR0167,0,0,0,0,0,1,0,Department Manager,0,1,1,Low,2025-12,0,Duplicate Invoice
TX0097650,2025-12-04,A016,Sales,V0330,Expense,2153.55,Direct Debit,GBP,Pending,2025-12-04,INV00097650,EMP00164,USR0151,0,0,0,0,0,1,0,Senior Manager,0,1,1,Low,2025-12,0,Duplicate Invoice
TX0097723,2026-03-28,A004,Operations,V0322,Invoice,716.91,Direct Debit,GBP,Rejected,2025-05-24,INV00097723,EMP00498,USR0109,0,0,0,0,1,0,1,Department Manager,0,1,1,Low,2026-03,0,Invalid Posting Date
TX0097727,2025-10-18,A061,IT,V0122,Invoice,2047.78,Direct Debit,USD,Rejected,2025-10-19,INV00097727,,USR0170,0,1,0,0,0,0,0,Senior Manager,1,2,1,Medium,2025-10,0,Missing Approval
TX0097738,2026-03-27,A003,Sales,V0214,Invoice,389.44,Card,USD,Pending,2025-11-16,INV00097738,EMP00105,USR0170,0,0,0,0,1,0,1,Department Manager,0,1,1,Low,2026-03,0,Invalid Posting Date
TX0097781,2025-08-22,A014,Sales,V0101,Invoice,369.71,Direct Debit,USD,Approved,2025-08-25,INV00023415,EMP00020,USR0008,0,0,0,0,0,1,0,Department Manager,0,1,1,Low,2025-08,0,Duplicate Invoice
TX0097782,2026-03-29,A055,Operations,V0351,Payment,1836.52,Card,USD,Rejected,2026-02-15,INV00097782,EMP00194,USR0177,0,0,0,0,1,0,1,Senior Manager,0,1,1,Low,2026-03,0,Invalid Posting Date
TX0097796,2026-01-12,A001,Operations,V0045,Credit Note,1035.91,Direct Debit,USD,Rejected,2026-01-14,INV00097796,EMP00320,USR0039,0,0,0,0,0,1,0,Senior Manager,0,1,1,Low,2026-01,0,Duplicate Invoice
TX0097826,2025-12-10,A036,HR,V0320,Invoice,3943.34,Direct Debit,GBP,Approved,2025-12-13,INV00097826,,USR0097,0,1,0,0,0,0,0,Senior Manager,1,2,1,Medium,2025-12,0,Missing Approval
TX0097832,2026-03-27,A029,Procurement,V0476,Expense,942.78,Cheque,GBP,Approved,2025-05-15,INV00097832,EMP00496,USR0181,0,0,0,0,1,0,1,Department Manager,0,1,1,Low,2026-03,0,Invalid Posting Date
TX0097866,2025-07-26,A004,IT,V0498,Payment,1385.95,Direct Debit,GBP,Rejected,2025-07-27,INV00097866,EMP00231,USR0100,0,0,0,0,0,1,0,Senior Manager,0,1,1,Low,2025-07,0,Duplicate Invoice
TX0097868,2025-11-26,A032,Procurement,,Invoice,32731.61,Bank Transfer,GBP,Approved,2025-11-27,INV00097868,EMP00268,USR0023,1,0,0,0,0,0,0,Finance Director,0,1,1,Medium,2025-11,1,Missing Vendor
TX0097882,2026-03-29,A020,Operations,V0144,Invoice,501.77,Card,GBP,Approved,2025-07-14,INV00097882,EMP00423,USR0109,0,0,0,0,1,0,1,Department Manager,0,1,1,Low,2026-03,0,Invalid Posting Date
TX0097887,2026-03-27,A002,Sales,V0007,Payment,374.51,Cheque,EUR,Approved,2026-02-09,INV00097887,EMP00063,USR0028,0,0,0,0,1,0,1,Department Manager,0,1,1,Low,2026-03,0,Invalid Posting Date
TX0097920,2025-04-03,A067,Marketing,V0024,Payment,572.24,Cheque,GBP,Approved,2025-04-07,INV00029232,EMP00310,USR0019,0,0,0,0,0,1,0,Department Manager,0,1,1,Low,2025-04,0,Duplicate Invoice
TX0097933,2025-08-02,A014,Operations,V0181,Payment,2579.39,Card,GBP,Approved,2025-08-02,INV00097933,,USR0038,0,1,0,0,0,0,0,Senior Manager,1,2,1,Medium,2025-08,0,Missing Approval
TX0097948,2026-03-31,A080,IT,V0063,Invoice,1541.6,Card,EUR,Pending,2026-01-26,INV00097948,EMP00137,USR0107,0,0,0,0,1,0,1,Senior Manager,0,1,1,Low,2026-03,0,Invalid Posting Date
TX0097977,2025-07-12,A021,Procurement,V0094,Invoice,631.98,Card,GBP,Pending,2025-07-19,INV00097977,EMP00455,USR0117,0,0,0,0,0,1,0,Department Manager,0,1,1,Low,2025-07,0,Duplicate Invoice
TX0097994,2025-09-24,A041,IT,V0045,Invoice,8570.73,Direct Debit,GBP,Approved,2025-10-01,INV00030964,EMP00392,USR0062,0,0,0,0,0,1,0,Senior Manager,0,1,1,Low,2025-09,1,Duplicate Invoice
TX0098002,2025-10-16,A052,Sales,V0253,Invoice,2227.9,Card,USD,Approved,2025-10-23,INV00065350,EMP00079,USR0175,0,0,0,0,0,1,0,Senior Manager,0,1,1,Low,2025-10,0,Duplicate Invoice
TX0098010,2026-03-29,A024,Procurement,V0192,Invoice,2047.43,Cheque,USD,Pending,2025-12-02,INV00098010,EMP00172,USR0028,0,0,0,0,1,0,1,Senior Manager,0,1,1,Low,2026-03,0,Invalid Posting Date
TX0098016,2025-06-04,A019,IT,V0471,Invoice,1813.37,Card,GBP,Rejected,2025-06-11,INV00038936,EMP00161,USR0097,0,0,0,0,0,1,0,Senior Manager,0,1,1,Low,2025-06,0,Duplicate Invoice
TX0098048,2026-01-18,A032,IT,V0351,Expense,-910.09,Cheque,GBP,Pending,2026-01-19,INV00098048,EMP00431,USR0170,0,0,0,1,0,0,0,Department Manager,0,1,1,Low,2026-01,0,Invalid Amount
TX0098067,2025-09-24,A053,Procurement,V0237,Invoice,108.21,Direct Debit,GBP,Pending,2025-09-27,INV00025637,EMP00327,USR0074,0,0,0,0,0,1,0,Department Manager,0,1,1,Low,2025-09,0,Duplicate Invoice
TX0098071,2025-10-29,A004,Procurement,V0463,Journal Entry,1613.11,Bank Transfer,GBP,Approved,2025-10-31,INV00098071,EMP00295,USR0097,0,0,0,0,0,1,1,Senior Manager,0,1,1,Low,2025-10,0,Duplicate Invoice
TX0098085,2026-03-01,A017,Finance,V0234,Payment,4657.82,Bank Transfer,GBP,Approved,2026-03-08,INV00098085,EMP00341,USR0186,0,0,0,0,0,1,0,Senior Manager,0,1,1,Low,2026-03,0,Duplicate Invoice
TX0098138,2026-03-28,A060,Procurement,V0407,Invoice,290.23,Card,USD,Approved,2025-06-13,INV00098138,EMP00461,USR0164,0,0,0,0,1,0,1,Department Manager,0,1,1,Low,2026-03,0,Invalid Posting Date
TX0098144,2026-01-20,A046,Marketing,V0433,Expense,1703.97,Direct Debit,USD,Rejected,2026-01-20,INV00054375,EMP00096,USR0056,0,0,0,0,0,1,0,Senior Manager,0,1,1,Low,2026-01,0,Duplicate Invoice
TX0098209,2025-08-20,A055,HR,V0456,Payment,6456.17,Bank Transfer,USD,Approved,2025-08-20,INV00019865,EMP00299,USR0200,0,0,0,0,0,1,0,Senior Manager,0,1,1,Low,2025-08,1,Duplicate Invoice
TX0098242,2025-07-03,A038,Finance,V0059,Expense,362.22,Direct Debit,GBP,Approved,2025-07-04,INV00077648,EMP00115,USR0189,0,0,0,0,0,1,0,Department Manager,0,1,1,Low,2025-07,0,Duplicate Invoice
TX0098243,2025-07-11,A008,Marketing,V0456,Invoice,471.95,Bank Transfer,USD,Pending,2025-07-17,INV00017248,EMP00360,USR0057,0,0,0,0,0,1,0,Department Manager,0,1,1,Low,2025-07,0,Duplicate Invoice
TX0098289,2025-12-14,A007,Operations,V0300,Invoice,990.14,Direct Debit,GBP,Approved,2025-12-18,INV00098289,,USR0132,0,1,0,0,0,0,0,Department Manager,0,1,1,Low,2025-12,0,No Exception
TX0098308,2025-12-25,A053,Sales,V0459,Payment,1087.22,Direct Debit,USD,Approved,2025-12-24,INV00098308,EMP00420,USR0140,0,0,0,0,1,0,0,Senior Manager,0,1,1,Low,2025-12,0,Invalid Posting Date
TX0098341,2025-10-05,A058,Sales,V0279,Credit Note,877.15,Direct Debit,GBP,Pending,2025-10-05,INV00098341,EMP00107,USR0181,0,0,0,0,0,1,0,Department Manager,0,1,1,Low,2025-10,0,Duplicate Invoice
TX0098366,2025-09-08,A064,Procurement,V0245,Invoice,604.06,Bank Transfer,EUR,Pending,2025-09-14,INV00098366,,USR0200,0,1,0,0,0,0,0,Department Manager,0,1,1,Low,2025-09,0,No Exception
TX0098368,2025-04-06,A023,Operations,V0216,Payment,2811.49,Bank Transfer,GBP,Approved,2025-04-07,INV00098368,,USR0095,0,1,0,0,0,0,0,Senior Manager,1,2,1,Medium,2025-04,0,Missing Approval
TX0098386,2026-02-04,A065,Procurement,V0458,Expense,-2609.93,Cheque,USD,Pending,2026-02-11,INV00098386,EMP00183,USR0110,0,0,0,1,0,0,0,Senior Manager,0,1,1,Low,2026-02,0,Invalid Amount
TX0098393,2026-03-28,A010,Sales,V0263,Invoice,5456.47,Direct Debit,GBP,Pending,2025-05-07,INV00098393,EMP00288,USR0184,0,0,0,0,1,0,1,Senior Manager,0,1,1,Low,2026-03,0,Invalid Posting Date
TX0098400,2025-09-12,A017,Operations,V0484,Payment,1809.43,Card,GBP,Approved,2025-09-15,INV00098400,EMP00478,USR0020,0,0,0,0,0,1,0,Senior Manager,0,1,1,Low,2025-09,0,Duplicate Invoice
TX0098419,2025-07-31,A075,Marketing,,Invoice,311.41,Bank Transfer,EUR,Pending,2025-08-02,INV00098419,EMP00488,USR0108,1,0,0,0,0,0,1,Department Manager,0,1,1,Low,2025-07,0,Missing Vendor
TX0098423,2025-10-30,A059,Operations,V0402,Invoice,9160.41,Bank Transfer,EUR,Approved,2025-11-04,INV00098423,EMP00427,USR0140,0,0,0,0,0,1,1,Senior Manager,0,1,1,Low,2025-10,1,Duplicate Invoice
TX0098435,2025-07-01,A021,HR,V0210,Expense,13301.02,Direct Debit,GBP,Approved,2025-07-02,INV00098435,EMP00403,USR0077,0,0,0,0,0,1,0,Finance Director,0,1,1,Medium,2025-07,1,Duplicate Invoice
TX0098444,2025-12-28,A030,Procurement,V0123,Expense,420.5,Card,GBP,Approved,2026-01-04,INV00098444,EMP00128,USR0043,0,0,0,0,0,1,1,Department Manager,0,1,1,Low,2025-12,0,Duplicate Invoice
TX0098466,2025-12-21,A080,IT,V0068,Credit Note,518.07,Card,USD,Approved,2025-12-26,INV00098466,EMP00470,USR0020,0,0,0,0,0,1,0,Department Manager,0,1,1,Low,2025-12,0,Duplicate Invoice
TX0098476,2025-05-29,,IT,V0374,Expense,2954.04,Cheque,USD,Approved,2025-06-05,INV00098476,EMP00024,USR0200,0,0,1,0,0,0,1,Senior Manager,0,1,1,Low,2025-05,0,Missing Account
TX0098497,2026-02-02,A035,Procurement,V0031,Payment,4962.07,Bank Transfer,EUR,Approved,2026-02-08,INV00010502,EMP00058,USR0186,0,0,0,0,0,1,0,Senior Manager,0,1,1,Low,2026-02,0,Duplicate Invoice
TX0098518,2025-12-11,A042,Finance,V0280,Expense,1947.44,Card,USD,Pending,2025-12-13,INV00098518,EMP00142,USR0139,0,0,0,0,0,1,0,Senior Manager,0,1,1,Low,2025-12,0,Duplicate Invoice
TX0098549,2026-01-17,A069,Marketing,V0493,Expense,5434.88,Direct Debit,GBP,Pending,2026-01-18,INV00096811,EMP00437,USR0038,0,0,0,0,0,1,0,Senior Manager,0,1,1,Low,2026-01,0,Duplicate Invoice
TX0098584,2025-06-02,A076,IT,,Invoice,402.53,Direct Debit,USD,Approved,2025-06-08,INV00098584,EMP00154,USR0050,1,0,0,0,0,0,0,Department Manager,0,1,1,Low,2025-06,0,Missing Vendor
TX0098604,2025-05-09,A075,Procurement,,Expense,4162.77,Card,GBP,Pending,2025-05-09,INV00098604,EMP00248,USR0064,1,0,0,0,0,0,0,Senior Manager,0,1,1,Low,2025-05,0,Missing Vendor
TX0098612,2026-03-31,A070,Operations,V0138,Invoice,880.94,Bank Transfer,USD,Rejected,2025-09-23,INV00098612,EMP00471,USR0002,0,0,0,0,1,0,1,Department Manager,0,1,1,Low,2026-03,0,Invalid Posting Date
TX0098649,2025-05-15,A048,Procurement,V0213,Expense,218.86,Card,GBP,Rejected,2025-05-11,INV00098649,EMP00268,USR0189,0,0,0,0,1,0,0,Department Manager,0,1,1,Low,2025-05,0,Invalid Posting Date
TX0098721,2025-10-30,A007,IT,V0393,Invoice,348.61,Bank Transfer,USD,Pending,2025-11-06,INV00045120,EMP00457,USR0097,0,0,0,0,0,1,1,Department Manager,0,1,1,Low,2025-10,0,Duplicate Invoice
TX0098736,2025-08-30,A029,Marketing,V0040,Invoice,233.7,Cheque,GBP,Approved,2025-09-01,INV00098736,,USR0130,0,1,0,0,0,0,1,Department Manager,0,1,1,Low,2025-08,0,No Exception
TX0098762,2025-10-08,A029,Sales,V0175,Invoice,5591.79,Cheque,GBP,Approved,2025-10-12,INV00098762,,USR0194,0,1,0,0,0,0,0,Senior Manager,1,2,1,Medium,2025-10,0,Missing Approval
TX0098765,2025-09-22,A069,IT,V0440,Invoice,1915.61,Card,GBP,Rejected,2025-09-23,INV00093622,EMP00009,USR0192,0,0,0,0,0,1,0,Senior Manager,0,1,1,Low,2025-09,0,Duplicate Invoice
TX0098767,2025-05-17,A020,Finance,,Credit Note,681.9,Cheque,GBP,Approved,2025-05-22,INV00098767,EMP00305,USR0141,1,0,0,0,0,0,0,Department Manager,0,1,1,Low,2025-05,0,Missing Vendor
TX0098786,2026-03-27,A061,IT,V0221,Invoice,1735.83,Cheque,GBP,Pending,2025-11-23,INV00098786,EMP00109,USR0033,0,0,0,0,1,0,1,Senior Manager,0,1,1,Low,2026-03,0,Invalid Posting Date
TX0098795,2026-03-31,A026,IT,V0184,Expense,347.13,Card,EUR,Approved,2025-05-04,INV00098795,EMP00011,USR0036,0,0,0,0,1,0,1,Department Manager,0,1,1,Low,2026-03,0,Invalid Posting Date
TX0098907,2025-12-10,,HR,V0279,Invoice,2477.08,Card,GBP,Pending,2025-12-11,INV00098907,EMP00136,USR0074,0,0,1,0,0,0,0,Senior Manager,0,1,1,Low,2025-12,0,Missing Account
TX0098909,2025-07-08,A019,Sales,V0167,Expense,16998.26,Direct Debit,USD,Approved,2025-07-14,INV00046123,EMP00114,USR0027,0,0,0,0,0,1,0,Finance Director,0,1,1,Medium,2025-07,1,Duplicate Invoice
TX0098912,2025-11-13,A048,IT,V0497,Invoice,1382.58,Direct Debit,GBP,Pending,2025-11-17,INV00005325,EMP00069,USR0192,0,0,0,0,0,1,0,Senior Manager,0,1,1,Low,2025-11,0,Duplicate Invoice
TX0098935,2025-10-21,A035,HR,V0166,Invoice,2511.59,Bank Transfer,GBP,Approved,2025-10-22,INV00017962,EMP00213,USR0060,0,0,0,0,0,1,0,Senior Manager,0,1,1,Low,2025-10,0,Duplicate Invoice
TX0098955,2026-03-27,A012,Finance,V0374,Invoice,624.85,Card,GBP,Approved,2025-06-12,INV00098955,EMP00059,USR0182,0,0,0,0,1,0,1,Department Manager,0,1,1,Low,2026-03,0,Invalid Posting Date
TX0098971,2026-03-31,A001,Sales,V0099,Invoice,1621.33,Direct Debit,GBP,Approved,2025-10-07,INV00098971,EMP00246,USR0134,0,0,0,0,1,0,1,Senior Manager,0,1,1,Low,2026-03,0,Invalid Posting Date
TX0098994,2025-06-24,A079,Procurement,,Journal Entry,775.56,Direct Debit,EUR,Approved,2025-06-30,INV00098994,EMP00049,USR0028,1,0,0,0,0,0,0,Department Manager,0,1,1,Low,2025-06,0,Missing Vendor
TX0099050,2025-04-21,A011,IT,V0083,Invoice,712.94,Card,EUR,Approved,2025-04-23,INV00012257,EMP00137,USR0081,0,0,0,0,0,1,0,Department Manager,0,1,1,Low,2025-04,0,Duplicate Invoice
TX0099064,2026-03-30,A013,Marketing,V0295,Invoice,5106.45,Bank Transfer,GBP,Approved,2025-10-17,INV00099064,EMP00070,USR0063,0,0,0,0,1,0,1,Senior Manager,0,1,1,Low,2026-03,0,Invalid Posting Date
TX0099090,2025-10-22,A016,Sales,V0142,Invoice,2314.12,Direct Debit,USD,Pending,2025-10-26,INV00099090,EMP00232,USR0151,0,0,0,0,0,1,0,Senior Manager,0,1,1,Low,2025-10,0,Duplicate Invoice
TX0099103,2025-12-12,A044,IT,V0308,Journal Entry,408.12,Direct Debit,GBP,Pending,2025-12-11,INV00099103,EMP00048,USR0018,0,0,0,0,1,0,0,Department Manager,0,1,1,Low,2025-12,0,Invalid Posting Date
TX0099105,2025-09-29,A061,HR,V0075,Expense,1873.96,Direct Debit,GBP,Approved,2025-10-03,INV00049183,EMP00013,USR0109,0,0,0,0,0,1,1,Senior Manager,0,1,1,Low,2025-09,0,Duplicate Invoice
TX0099107,2026-03-29,A054,Procurement,V0492,Invoice,3178.95,Cheque,GBP,Approved,2025-12-09,INV00099107,EMP00329,USR0045,0,0,0,0,1,0,1,Senior Manager,0,1,1,Low,2026-03,0,Invalid Posting Date
TX0099126,2025-06-11,A067,Operations,V0188,Invoice,1050.12,Direct Debit,GBP,Approved,2025-06-13,INV00099126,,USR0102,0,1,0,0,0,0,0,Senior Manager,1,2,1,Medium,2025-06,0,Missing Approval
TX0099129,2025-09-21,A074,Operations,V0305,Invoice,469.66,Direct Debit,EUR,Rejected,2025-09-22,INV00012043,,USR0085,0,1,0,0,0,1,0,Department Manager,0,2,1,Medium,2025-09,0,Duplicate Invoice
TX0099168,2025-08-22,A080,Finance,V0248,Payment,1071.56,Cheque,GBP,Approved,2025-08-29,INV00035084,EMP00191,USR0054,0,0,0,0,0,1,0,Senior Manager,0,1,1,Low,2025-08,0,Duplicate Invoice
TX0099194,2026-03-31,A003,HR,V0449,Expense,729.02,Bank Transfer,GBP,Approved,2026-03-02,INV00099194,EMP00421,USR0108,0,0,0,0,1,0,1,Department Manager,0,1,1,Low,2026-03,0,Invalid Posting Date
TX0099283,2025-10-07,A047,IT,V0102,Invoice,4976.55,Cheque,GBP,Approved,2025-10-10,INV00099283,,USR0051,0,1,0,0,0,0,0,Senior Manager,1,2,1,Medium,2025-10,0,Missing Approval
TX0099288,2026-03-31,A046,Marketing,V0155,Payment,243.8,Cheque,EUR,Rejected,2025-06-01,INV00099288,EMP00091,USR0174,0,0,0,0,1,0,1,Department Manager,0,1,1,Low,2026-03,0,Invalid Posting Date
TX0099400,2026-01-04,A060,Finance,,Payment,107.22,Bank Transfer,GBP,Approved,2026-01-09,INV00099400,EMP00329,USR0071,1,0,0,0,0,0,0,Department Manager,0,1,1,Low,2026-01,0,Missing Vendor
TX0099401,2026-03-27,A058,Sales,V0434,Payment,117.04,Cheque,USD,Approved,2025-09-24,INV00099401,EMP00403,USR0089,0,0,0,0,1,0,1,Department Manager,0,1,1,Low,2026-03,0,Invalid Posting Date
TX0099432,2025-08-07,A010,Finance,V0438,Invoice,2329.47,Cheque,GBP,Rejected,2025-08-08,INV00099432,,USR0142,0,1,0,0,0,0,0,Senior Manager,1,2,1,Medium,2025-08,0,Missing Approval
TX0099466,2026-03-28,A044,Procurement,V0056,Invoice,2573.49,Direct Debit,USD,Rejected,2025-07-15,INV00099466,EMP00470,USR0090,0,0,0,0,1,0,1,Senior Manager,0,1,1,Low,2026-03,0,Invalid Posting Date
TX0099470,2026-03-30,A016,Procurement,V0092,Invoice,2111.04,Direct Debit,EUR,Approved,2025-06-24,INV00099470,EMP00116,USR0037,0,0,0,0,1,0,1,Senior Manager,0,1,1,Low,2026-03,0,Invalid Posting Date
TX0099477,2025-09-10,A045,Finance,V0166,Invoice,28934.68,Card,GBP,Approved,2025-09-16,INV00099477,EMP00359,USR0148,0,0,0,0,0,1,0,Finance Director,0,1,1,Medium,2025-09,1,Duplicate Invoice
TX0099502,2026-02-05,A036,IT,V0229,Invoice,-172512.69,Direct Debit,USD,Approved,2026-02-07,INV00099502,EMP00092,USR0161,0,0,0,1,0,0,0,Finance Director,0,1,1,High,2026-02,0,Invalid Amount
TX0099515,2025-05-03,,Finance,V0267,Payment,17137.91,Direct Debit,GBP,Approved,2025-05-07,INV00099515,EMP00010,USR0029,0,0,1,0,0,0,0,Finance Director,0,1,1,Medium,2025-05,1,Missing Account
TX0099518,2026-03-22,A065,Procurement,V0258,Journal Entry,1404.98,Card,USD,Rejected,2026-03-23,INV00099518,,USR0006,0,1,0,0,0,0,0,Senior Manager,1,2,1,Medium,2026-03,0,Missing Approval
TX0099523,2025-08-18,A028,IT,V0179,Expense,15319.8,Card,GBP,Approved,2025-08-23,INV00013925,EMP00417,USR0058,0,0,0,0,0,1,0,Finance Director,0,1,1,Medium,2025-08,1,Duplicate Invoice
TX0099547,2025-05-01,A003,Sales,V0181,Invoice,661.32,Bank Transfer,GBP,Rejected,2025-05-02,INV00099547,,USR0048,0,1,0,0,0,0,0,Department Manager,0,1,1,Low,2025-05,0,No Exception
TX0099571,2025-11-17,A079,Finance,,Payment,2029.89,Card,GBP,Approved,2025-11-18,INV00099571,EMP00023,USR0072,1,0,0,0,0,0,0,Senior Manager,0,1,1,Low,2025-11,0,Missing Vendor
TX0099573,2025-06-22,,Marketing,V0046,Payment,358.13,Cheque,GBP,Approved,2025-06-28,INV00099573,EMP00111,USR0175,0,0,1,0,0,0,0,Department Manager,0,1,1,Low,2025-06,0,Missing Account
TX0099589,2025-09-04,A030,Sales,V0036,Invoice,1091.15,Direct Debit,GBP,Rejected,2025-09-01,INV00099589,EMP00162,USR0041,0,0,0,0,1,0,0,Senior Manager,0,1,1,Low,2025-09,0,Invalid Posting Date
TX0099637,2025-05-22,A023,Sales,V0397,Invoice,2557.9,Direct Debit,GBP,Pending,2025-05-27,INV00099637,,USR0048,0,1,0,0,0,0,0,Senior Manager,1,2,1,Medium,2025-05,0,Missing Approval
TX0099642,2026-03-30,A059,Procurement,V0189,Payment,1392.89,Direct Debit,GBP,Rejected,2025-07-12,INV00099642,EMP00438,USR0066,0,0,0,0,1,0,1,Senior Manager,0,1,1,Low,2026-03,0,Invalid Posting Date
TX0099660,2026-03-30,A049,Operations,V0181,Expense,592.32,Bank Transfer,GBP,Pending,2025-08-19,INV00099660,EMP00037,USR0147,0,0,0,0,1,0,1,Department Manager,0,1,1,Low,2026-03,0,Invalid Posting Date
TX0099699,2025-10-24,A060,HR,V0156,Payment,981.76,Bank Transfer,GBP,Approved,2025-10-28,INV00099699,,USR0047,0,1,0,0,0,0,0,Department Manager,0,1,1,Low,2025-10,0,No Exception
TX0099734,2026-03-30,A001,Marketing,V0166,Invoice,223.46,Direct Debit,GBP,Approved,2025-09-08,INV00099734,EMP00446,USR0149,0,0,0,0,1,0,1,Department Manager,0,1,1,Low,2026-03,0,Invalid Posting Date
TX0099755,2025-09-07,A005,Operations,V0458,Invoice,3423.45,Cheque,GBP,Approved,2025-09-13,INV00099755,,USR0091,0,1,0,0,0,0,0,Senior Manager,1,2,1,Medium,2025-09,0,Missing Approval
TX0099835,2026-02-12,A034,IT,V0444,Invoice,5552.21,Cheque,GBP,Rejected,2026-02-12,INV00034364,EMP00414,USR0008,0,0,0,0,0,1,0,Senior Manager,0,1,1,Low,2026-02,0,Duplicate Invoice
TX0099837,2025-05-24,A007,Sales,V0360,Invoice,442.0,Cheque,GBP,Rejected,2025-05-24,INV00099837,EMP00177,USR0065,0,0,0,0,0,1,0,Department Manager,0,1,1,Low,2025-05,0,Duplicate Invoice
TX0099907,2025-12-01,A034,Finance,V0308,Invoice,5352.21,Direct Debit,EUR,Approved,2025-12-05,INV00099907,EMP00209,USR0007,0,0,0,0,0,1,0,Senior Manager,0,1,1,Low,2025-12,0,Duplicate Invoice
TX0099912,2025-06-16,A059,Marketing,V0433,Expense,3631.86,Cheque,EUR,Pending,2025-06-20,INV00099912,EMP00053,USR0159,0,0,0,0,0,1,0,Senior Manager,0,1,1,Low,2025-06,0,Duplicate Invoice
TX0099925,2026-03-27,A015,Marketing,V0137,Payment,6696.91,Direct Debit,GBP,Approved,2026-01-30,INV00099925,EMP00373,USR0174,0,0,0,0,1,0,1,Senior Manager,0,1,1,Low,2026-03,1,Invalid Posting Date
TX0099943,2025-12-27,A014,Sales,V0254,Expense,-822.18,Card,GBP,Approved,2026-01-02,INV00099943,EMP00364,USR0162,0,0,0,1,0,0,1,Department Manager,0,1,1,Low,2025-12,0,Invalid Amount
TX0099978,2025-08-27,A069,Procurement,V0439,Journal Entry,1287.21,Cheque,EUR,Rejected,2025-08-29,INV00012897,EMP00296,USR0009,0,0,0,0,0,1,1,Senior Manager,0,1,1,Low,2025-08,0,Duplicate Invoice
TX0099996,2025-05-14,A038,Finance,V0491,Payment,620.12,Bank Transfer,GBP,Pending,2025-05-17,INV00075310,EMP00052,USR0082,0,0,0,0,0,1,0,Department Manager,0,1,1,Low,2025-05,0,Duplicate Invoice
